-0.314331,-2.509799,0.960322,-0.116694,0.013600,0.709434,0.694911,3.168503,-0.131225,0.311532,1.200652,-1.790178,-1.223933,0.432939,-0.884773,-0.443329,-0.065126,0.157665,0.290303,-0.292867,-0.058799,0.124192,0.544060,0.635418,-0.569153,0.536338,0.051904,-0.075595,0.578381,-0.702293,-0.160804,0.005081,-0.614931,-0.006210,-0.233846,0.018492,0.266677,-0.106460,-0.338344,-0.246855,-0.239827,0.491687,-2.041101,3.424827,2.758748,-2.569248,-0.200685,-1.368942,2.965348,0.621321,0.484466,9.578869,1.809718,3.041529,-4.148993,1.035947,1.943261,-3.884001,4.487120,-0.390999,-0.200978,-0.372882,0.058523,4.392740,1.079504,0.808919,-6.652955,1.255706,-0.479905,-0.062641,-4.637223,-0.393603,0.166279,-0.592687,0.332457,-0.018790,-0.618543,0.131495,0.090352,0.262574,-0.138561,-0.217566,0.165467,0.240963,-0.062584,0.214454,-0.049251,-0.292634,-0.015048
-0.310519,-2.446991,0.952149,-0.091102,0.003283,0.706358,0.701961,3.167211,-0.184239,-0.009298,1.114520,-2.518155,-0.782107,0.372910,-0.801166,-0.400969,-0.063205,0.160549,0.255216,-0.191915,-0.034885,0.147429,0.770772,0.695894,-0.492105,0.442296,0.025533,-0.005885,0.521176,-0.622754,-0.142554,-0.008544,-0.606919,0.005769,-0.139976,0.032423,0.272225,-0.192152,-0.322116,-0.224722,-0.214629,0.327901,-3.001485,4.180362,2.118019,0.096094,0.144201,-1.754354,5.047577,1.195689,1.161858,11.335588,3.023786,3.852385,-4.702092,-1.318562,3.485475,-2.860262,3.976979,0.912491,-0.681237,0.400591,0.598952,4.693520,0.696576,0.277368,-4.284604,0.811383,1.106617,1.259904,-8.189331,-0.406049,0.151677,-0.551734,0.268669,-0.026515,-0.648159,0.126582,0.103191,0.248639,-0.115385,-0.216006,0.165996,0.252942,-0.038532,0.180611,-0.013906,-0.288113,-0.011147
-0.307420,-2.386752,0.938078,-0.082196,0.001705,0.694674,0.714611,3.076999,-0.008599,-0.350419,0.613784,-0.643179,-1.723646,0.245822,-0.795375,-0.323368,-0.013011,0.175197,0.246599,-0.068880,-0.030492,0.141153,1.020573,0.862713,-0.404510,0.338790,-0.054693,-0.152896,0.456213,-0.520171,-0.104791,-0.007996,-0.591458,0.008672,-0.025061,0.039119,0.224569,-0.117121,-0.308321,-0.206848,-0.265127,0.311619,-6.354355,0.289522,3.880058,2.509699,0.732407,-0.430887,6.151746,0.219639,-0.313831,12.490085,8.340941,4.379783,-5.175309,-4.011294,-7.350517,-3.248128,5.129137,1.888150,0.027423,0.773067,0.145138,5.745756,0.334797,-2.382775,3.751522,0.689761,0.893693,-2.524867,-0.814068,-0.383569,0.138748,-0.525664,0.214627,-0.026897,-0.650193,0.108242,0.114754,0.240694,-0.088479,-0.215830,0.158760,0.255108,-0.005867,0.150636,0.036161,-0.278483,-0.007951
-0.305629,-2.328858,0.924629,-0.076726,-0.005276,0.682191,0.727118,2.945553,0.157406,-0.372408,-0.017330,-0.793365,-1.803703,0.107385,-0.755877,-0.253592,0.068648,0.215083,0.249092,0.018855,-0.011307,0.152481,1.255770,0.964921,-0.282739,0.205885,-0.144037,-0.255662,0.421707,-0.455156,-0.048451,0.001324,-0.529526,0.026122,0.043713,0.044880,0.269968,-0.052328,-0.317727,-0.219219,-0.311001,0.295193,-6.921888,1.974895,3.488762,4.082924,1.994290,0.124669,4.386784,0.959267,0.566427,11.759838,5.110438,6.088555,-6.645230,-4.467215,-5.138297,-1.725291,3.250738,2.817021,0.465964,3.096604,0.872490,3.438707,0.288030,2.269923,3.239698,-0.470286,-0.618526,-2.293707,-0.821309,-0.346127,0.135015,-0.504798,0.160990,-0.020969,-0.652361,0.088064,0.123994,0.235790,-0.057514,-0.218857,0.150350,0.248230,0.035211,0.123435,0.091378,-0.267047,-0.000600
-0.304196,-2.271721,0.914478,-0.066819,-0.008207,0.669177,0.740047,2.879369,0.257659,-0.259055,0.588514,-0.789335,-1.856560,-0.041615,-0.684988,-0.167644,0.120165,0.234050,0.236833,0.059510,0.018564,0.165837,1.452722,1.020462,-0.146141,0.062973,-0.212575,-0.339627,0.416740,-0.390632,0.017341,-0.010888,-0.468733,0.038865,0.041905,0.032592,0.307151,-0.060716,-0.313545,-0.211180,-0.333458,0.294807,-7.450006,3.544471,4.297428,2.575866,0.948358,-0.612960,2.032720,1.493541,0.667784,9.847603,2.777034,6.829866,-7.145627,-3.426886,-4.198246,-0.248367,3.226217,3.289559,-0.610559,3.039634,0.637163,-0.090416,-0.614402,1.859172,-0.419435,0.209062,0.401924,-1.122862,-0.019325,-0.297876,0.129578,-0.493461,0.107152,-0.027046,-0.657963,0.064016,0.136651,0.232530,-0.020347,-0.217511,0.146736,0.227130,0.081409,0.103983,0.151579,-0.246908,0.017952
-0.303583,-2.213417,0.909001,-0.053628,-0.007949,0.660959,0.748461,2.906833,0.345882,-0.071386,1.032112,-0.792873,-1.190480,-0.201564,-0.587043,-0.106444,0.118913,0.237379,0.216589,0.056515,0.060383,0.178960,1.596988,1.050376,0.022957,-0.101560,-0.265866,-0.449722,0.423788,-0.353751,0.077444,-0.017797,-0.372444,0.063666,0.014484,0.029072,0.245350,-0.011389,-0.310386,-0.235297,-0.351022,0.218309,-7.997410,4.897260,3.060005,-0.062597,0.166456,-1.012173,-0.149728,2.090974,0.656165,7.213273,1.495692,8.454933,-8.226622,-2.664567,-5.504776,0.352394,1.844050,3.005160,-0.345459,4.814450,1.240036,-1.371070,-0.175981,-3.090044,2.466341,0.157989,-1.205846,-0.878196,-3.824893,-0.243189,0.125418,-0.492747,0.048637,-0.042582,-0.664071,0.038680,0.146620,0.231772,0.013994,-0.213711,0.147108,0.197004,0.126941,0.090614,0.204950,-0.225965,0.047018
-0.301338,-2.154588,0.907635,-0.041641,-0.004682,0.654386,0.754999,2.926970,0.305893,0.091969,1.131709,-0.499050,-0.927569,-0.363059,-0.479371,-0.049330,0.112499,0.231086,0.187705,0.050811,0.103733,0.181333,1.689798,1.051216,0.199707,-0.263691,-0.323100,-0.539697,0.454059,-0.335640,0.111217,-0.017513,-0.277623,0.115073,-0.028684,0.021813,0.146943,0.003589,-0.340023,-0.277745,-0.375232,0.120053,-8.074789,5.383592,2.855665,-0.320737,-0.314622,-1.444197,-0.285222,2.167512,0.118660,4.640499,0.041992,8.837504,-8.106580,-2.861693,-4.498754,1.513532,0.905536,1.688649,0.014204,4.741051,2.570369,-2.158386,-0.362924,-4.920372,0.748928,-1.481882,-2.122367,-1.210476,-4.912809,-0.185754,0.123307,-0.499593,-0.007014,-0.060540,-0.668425,0.011860,0.155886,0.234780,0.045508,-0.207389,0.152737,0.157918,0.168704,0.085775,0.248766,-0.196854,0.085651
-0.298419,-2.092703,0.910519,-0.026985,-0.001749,0.647512,0.761575,3.070956,0.344910,0.258670,1.318835,-0.698272,-0.951756,-0.499291,-0.345566,0.027693,0.110525,0.209818,0.159103,0.062624,0.151808,0.187547,1.711162,1.009026,0.354029,-0.395820,-0.363230,-0.605624,0.490854,-0.346959,0.154411,-0.012581,-0.218727,0.157784,-0.078872,-0.014894,0.057567,0.048184,-0.310845,-0.268302,-0.438813,0.100205,-6.811596,6.690255,3.851163,-0.098693,-1.063442,-1.430125,0.590670,2.403743,0.310670,1.068197,-2.109512,7.716078,-6.606432,-2.006484,-3.296325,1.839773,-0.565953,2.159719,0.246566,2.944812,2.135530,-2.509407,-1.835368,-4.468777,2.229718,1.458894,0.472151,-3.179079,-0.992388,-0.131719,0.117872,-0.515691,-0.066588,-0.083103,-0.673240,-0.014538,0.162037,0.239864,0.077289,-0.199413,0.160636,0.112861,0.200735,0.082302,0.282910,-0.163619,0.123209
-0.296122,-2.027920,0.917649,-0.012111,0.004334,0.639489,0.768692,3.197190,0.471347,0.433631,1.543416,-0.468255,-1.062855,-0.612760,-0.204682,0.122527,0.119025,0.169123,0.118079,0.095606,0.201378,0.183418,1.671215,0.931650,0.476356,-0.485673,-0.396968,-0.628366,0.585169,-0.369821,0.187530,0.015526,-0.177151,0.185183,-0.130791,-0.053292,-0.004833,0.071792,-0.298007,-0.275184,-0.436668,0.045802,-5.673451,7.044162,4.741689,0.425029,-2.034742,-2.051177,1.649094,2.478472,-0.206439,-1.997316,-3.868800,6.116374,-4.492645,-1.686882,-1.137106,4.715752,-1.143079,1.655963,1.405359,2.078791,1.369936,-2.595935,-1.919904,-3.120038,1.180426,0.641901,-0.344131,0.107241,-2.720128,-0.075788,0.108411,-0.539673,-0.123504,-0.112378,-0.676523,-0.041198,0.171998,0.246120,0.104799,-0.186114,0.172395,0.068142,0.229855,0.085313,0.304413,-0.125282,0.158144
-0.294711,-1.960610,0.930168,0.004078,0.009684,0.633866,0.773372,3.307608,0.603421,0.647339,1.599260,-0.605873,-0.715021,-0.686328,-0.052275,0.218942,0.122167,0.110343,0.077137,0.142684,0.245466,0.182187,1.566781,0.815193,0.582261,-0.539862,-0.384529,-0.597281,0.685595,-0.419809,0.207930,0.060744,-0.122413,0.198354,-0.179102,-0.095991,-0.028018,0.006972,-0.306846,-0.267808,-0.464325,0.024940,-3.678394,7.620361,4.820761,0.157079,-2.938984,-2.047104,2.353888,2.204431,-0.061556,-5.221719,-5.822807,5.295221,-2.709470,0.621917,1.554232,5.021285,-2.499422,1.019961,2.260911,2.736909,0.658574,-2.415556,-2.134945,-1.159230,-3.241012,-0.441920,0.368786,-1.382845,-1.043128,-0.020457,0.094248,-0.569801,-0.180920,-0.146438,-0.676740,-0.066212,0.179668,0.252069,0.127420,-0.172316,0.184282,0.026283,0.252453,0.091561,0.316676,-0.090227,0.184512
-0.293881,-1.889049,0.947261,0.017599,0.016488,0.631773,0.774778,3.510382,0.720099,0.832579,1.479817,-0.318376,-0.230349,-0.727330,0.096991,0.316218,0.107540,0.036027,0.040003,0.191039,0.263634,0.177527,1.411862,0.662237,0.658041,-0.548771,-0.353575,-0.499540,0.764277,-0.459902,0.224071,0.141635,-0.084184,0.195661,-0.210483,-0.145526,-0.104293,-0.006486,-0.321148,-0.271586,-0.501567,0.024427,-2.050092,7.463308,4.863796,-0.731330,-3.715830,-1.856704,2.417746,0.908362,-0.232979,-7.745919,-7.647839,3.789008,-0.445444,1.547722,4.887074,3.934131,-2.004618,0.807065,4.044559,1.911435,-0.134663,-1.569068,-2.476734,-3.813726,-0.672879,-0.715091,-0.188898,-1.862098,-0.025663,0.037371,0.076391,-0.601590,-0.232312,-0.179671,-0.674041,-0.090237,0.182988,0.254985,0.143050,-0.157138,0.193992,-0.011251,0.265352,0.095285,0.319526,-0.058079,0.202717
-0.294000,-1.816141,0.966212,0.028367,0.025755,0.629519,0.776040,3.561852,0.828469,0.902010,1.418948,0.049146,-0.237499,-0.738234,0.239157,0.407078,0.072312,-0.043195,0.000437,0.237655,0.279652,0.166449,1.206406,0.479996,0.722803,-0.531362,-0.296109,-0.346233,0.816399,-0.485116,0.225089,0.233312,-0.042792,0.202898,-0.233381,-0.187328,-0.160021,0.031220,-0.332721,-0.283844,-0.528927,0.049787,-0.545198,7.108300,4.543013,-1.761434,-3.961068,-1.978329,2.330844,0.800912,-0.553897,-10.272841,-9.112029,3.238123,0.870473,2.873292,7.665340,2.606057,-1.260741,0.050888,4.583855,2.069590,0.361846,-1.144864,-2.090101,-2.786440,1.885286,-0.578654,-0.612874,-1.368000,1.268029,0.098870,0.053689,-0.631801,-0.272630,-0.215885,-0.668713,-0.114583,0.182670,0.254363,0.151867,-0.141368,0.203122,-0.046331,0.271742,0.095814,0.314344,-0.026872,0.214697
-0.286845,-1.743763,0.982958,0.018063,0.022428,0.629468,0.776493,3.604352,0.446408,0.857196,-1.017657,0.383367,-0.043842,-0.748897,0.370877,0.484335,0.065075,-0.038373,-0.002082,0.214312,0.294746,0.128073,0.997307,0.276821,0.776381,-0.503495,-0.223530,-0.114255,0.870874,-0.502623,0.177538,0.261800,-0.005712,0.217358,-0.261010,-0.217102,-0.187034,0.084921,-0.344761,-0.298842,-0.493124,0.041986,-0.533123,6.585996,3.862837,-0.361806,0.241110,-0.125961,-1.167191,0.754707,-1.918837,-10.454943,-10.158758,2.678889,1.393325,3.628956,11.598885,2.723788,-0.875302,-2.377517,1.424382,1.854002,0.722992,-1.381461,-1.488712,-1.350628,2.685050,-0.602015,-0.749914,1.790152,-0.390039,0.163036,0.067979,-0.653656,-0.301688,-0.203395,-0.669852,-0.137261,0.172326,0.259710,0.155236,-0.134715,0.206626,-0.074809,0.271692,0.108028,0.304649,-0.008303,0.223456
-0.283203,-1.670426,0.994302,0.014001,0.027480,0.626388,0.778901,3.605514,0.642303,0.623380,-0.006733,0.648428,-0.396546,-0.728916,0.459452,0.572613,0.047890,-0.067022,-0.029861,0.222959,0.311592,0.099041,0.747184,0.141763,0.810352,-0.471374,-0.127670,0.078473,0.921169,-0.534409,0.126752,0.261800,0.041694,0.222093,-0.298788,-0.240109,-0.274436,0.122414,-0.357379,-0.309464,-0.541581,0.094604,0.999006,4.428733,4.413918,-0.859255,-1.432461,-1.388945,0.432372,0.842310,-1.451590,-12.506162,-6.752901,1.698539,1.606066,4.792979,9.636431,2.514740,-1.589345,-2.539326,0.000000,2.370328,0.236786,-1.888898,-1.150374,-4.370087,1.874662,-0.630919,-0.531083,-2.422855,2.630896,0.227621,0.069296,-0.666871,-0.319705,-0.213357,-0.663095,-0.161250,0.164152,0.257839,0.158814,-0.123476,0.214614,-0.101445,0.272021,0.115127,0.295199,0.013879,0.232545
-0.283754,-1.597376,1.000593,0.011998,0.027260,0.616467,0.786817,3.530219,0.918539,0.366206,-0.163685,0.094265,-1.266968,-0.683622,0.512814,0.665213,0.039909,-0.115456,-0.044229,0.233344,0.303561,0.083798,0.496295,0.104487,0.847307,-0.439170,-0.023553,0.160386,0.970739,-0.572591,0.069182,0.261800,0.091186,0.237181,-0.352210,-0.284083,-0.335993,0.190700,-0.342859,-0.315461,-0.585792,0.126760,2.264696,2.668122,4.629997,-0.399078,-2.421688,-0.718377,0.519238,-0.401571,-0.762142,-12.544440,-1.863806,1.847743,1.610213,5.205883,4.095644,2.478500,-1.909101,-2.878515,-0.000000,2.474565,0.754381,-2.671129,-2.198706,-3.077882,3.414303,0.725998,-0.299835,-2.210528,1.607777,0.278241,0.076767,-0.671623,-0.339940,-0.238205,-0.646416,-0.181253,0.151528,0.259407,0.165376,-0.112816,0.219487,-0.126745,0.266759,0.125300,0.284344,0.035361,0.237752
-0.285004,-1.525233,1.002145,0.003476,0.011242,0.608937,0.793131,3.467402,0.993810,0.105687,-1.642994,-0.758268,-0.989012,-0.634324,0.562977,0.726987,0.061643,-0.133701,-0.017387,0.228270,0.259500,0.064251,0.303880,0.139129,0.884950,-0.431294,0.047998,0.077411,0.982560,-0.619223,0.024963,0.261800,0.140530,0.275355,-0.409917,-0.320694,-0.343860,0.197190,-0.344132,-0.327258,-0.575134,0.124664,2.464906,2.508135,3.088703,1.086715,-0.912252,1.342090,-0.253706,-2.203026,-0.977351,-9.620746,1.732100,1.882176,0.393793,3.577524,-4.148746,0.591031,-2.331594,-2.210936,0.000000,2.467194,1.908695,-2.885331,-1.830546,-0.393336,0.324482,-0.063649,-0.589867,0.532899,-0.104815,0.306807,0.103469,-0.671886,-0.375312,-0.243981,-0.620488,-0.190356,0.131850,0.267915,0.174536,-0.111912,0.218122,-0.140800,0.254610,0.145346,0.276746,0.044104,0.239123
-0.286935,-1.454854,0.999468,-0.006638,-0.005877,0.604991,0.796183,3.364269,1.038058,-0.120007,-1.837917,-0.749517,-0.509520,-0.599107,0.603576,0.749757,0.089741,-0.144948,0.011411,0.228526,0.196353,0.042900,0.182416,0.188069,0.923886,-0.439527,0.062246,0.013124,0.960468,-0.615315,0.008114,0.261800,0.202185,0.336281,-0.455771,-0.338113,-0.315934,0.233021,-0.358276,-0.341645,-0.573337,0.132468,1.760885,2.029961,1.138474,1.404906,-0.562367,1.439912,0.012817,-3.157372,-1.067519,-6.073180,2.446987,1.946773,-0.411649,0.712427,-3.214368,-1.104584,0.195426,-0.842427,0.000000,3.082776,3.046298,-2.292693,-0.870949,1.396311,1.791581,-0.707192,-0.719367,0.089840,0.390233,0.321424,0.129138,-0.669260,-0.408488,-0.241777,-0.593626,-0.193073,0.115551,0.274527,0.178425,-0.113152,0.213634,-0.146654,0.244841,0.164166,0.267032,0.048642,0.236987
-0.291254,-1.385243,0.994349,-0.018590,-0.023582,0.603834,0.796545,3.289087,1.162406,-0.238576,-2.019629,-0.690154,-0.119473,-0.577324,0.620243,0.757719,0.119362,-0.156051,0.050451,0.235601,0.124262,0.004689,0.135608,0.266540,0.941702,-0.428424,0.062834,-0.022005,0.913028,-0.617880,0.017580,0.261800,0.222160,0.371685,-0.488056,-0.346631,-0.264098,0.264707,-0.369769,-0.337230,-0.523402,0.184766,1.089120,0.833340,0.398099,1.481040,-0.555148,1.951972,0.353743,-3.604540,-1.910555,-2.340411,3.923573,0.890805,0.555158,0.029381,-1.756466,-2.372003,-0.128276,0.473276,0.000000,0.998745,1.770231,-1.614281,-0.425871,2.591805,1.584275,-0.574648,0.220746,2.496759,2.614903,0.321912,0.149426,-0.669541,-0.434817,-0.236120,-0.567934,-0.193880,0.096642,0.278630,0.178950,-0.122065,0.207249,-0.147929,0.230337,0.178743,0.262306,0.041339,0.234622
-0.295837,-1.315519,0.985391,-0.027253,-0.044031,0.605217,0.794375,3.283530,1.190207,-0.456758,-1.917678,-1.120310,0.219628,-0.556797,0.621941,0.753975,0.136911,-0.176638,0.093382,0.219762,0.040863,-0.022917,0.146538,0.384414,0.939744,-0.388571,0.069429,-0.047227,0.852518,-0.610959,0.049990,0.247602,0.225354,0.377567,-0.513730,-0.360117,-0.232579,0.310098,-0.369594,-0.308643,-0.529870,0.279747,1.026348,0.084922,-0.187163,0.877425,-1.029352,2.146560,-0.791933,-4.169970,-1.380296,0.546497,5.893708,-0.097895,1.992648,0.329752,-1.261103,-3.025492,0.346047,1.620529,-0.709901,0.159689,0.294078,-1.283667,-0.674317,1.575928,2.269570,0.008748,1.429368,-0.323429,4.749037,0.305914,0.161830,-0.677110,-0.458935,-0.228715,-0.537032,-0.190244,0.081023,0.281003,0.177200,-0.133591,0.197162,-0.143409,0.217948,0.190007,0.262326,0.028554,0.225842
-0.299556,-1.246637,0.972898,-0.030349,-0.067951,0.606667,0.791465,3.230053,1.161905,-0.709351,-1.686945,-1.734577,0.228153,-0.522270,0.606369,0.732462,0.140561,-0.209879,0.139183,0.177654,-0.038415,-0.034580,0.188062,0.550736,0.926624,-0.334061,0.085953,-0.068072,0.781510,-0.588059,0.050718,0.183037,0.213209,0.386905,-0.518425,-0.360509,-0.245937,0.361636,-0.364986,-0.300266,-0.516066,0.319695,1.726389,-0.778591,-1.075680,0.182510,-1.662040,2.290053,-2.105434,-3.963895,-0.583175,2.076189,8.316093,-0.656021,2.725474,0.826196,-1.042251,-3.550409,1.145007,0.036403,-3.228230,-0.607249,0.466923,-0.234768,-0.019610,-0.667899,2.576865,0.230415,0.418855,0.690227,1.997418,0.271767,0.168529,-0.692060,-0.477796,-0.220098,-0.499026,-0.181700,0.070413,0.282730,0.172688,-0.146167,0.184055,-0.134377,0.209989,0.196526,0.263147,0.014199,0.208242
-0.302101,-1.179343,0.956271,-0.025678,-0.086765,0.607177,0.789397,3.120991,1.122079,-1.014477,-0.768764,-1.789777,0.055299,-0.497005,0.565557,0.694699,0.120714,-0.270690,0.163996,0.148604,-0.097711,-0.024733,0.254378,0.744491,0.906574,-0.282507,0.198840,-0.084034,0.703484,-0.557682,0.075998,0.075498,0.207156,0.397411,-0.506363,-0.341299,-0.200261,0.389975,-0.358738,-0.272231,-0.510834,0.364684,1.263248,-2.040606,-1.888135,-0.992335,-3.040558,1.240674,-1.452480,-2.964777,0.492344,3.315807,9.687770,-1.002492,2.577716,5.644339,-0.798075,-3.901305,1.518871,1.263976,-5.376956,-0.302664,0.525255,0.603131,0.960534,2.283818,1.416951,0.312398,1.401728,0.261598,2.249410,0.234486,0.157957,-0.705498,-0.481706,-0.219811,-0.461464,-0.171796,0.068994,0.281032,0.164998,-0.155520,0.174889,-0.123368,0.209413,0.194643,0.263769,0.004091,0.186909
-0.306409,-1.115644,0.939256,-0.014870,-0.086803,0.621754,0.778245,2.945622,1.040480,-1.074551,0.942023,-0.818520,1.722583,-0.545314,0.506535,0.617362,0.051263,-0.361500,0.150039,0.165659,-0.168270,0.009757,0.502273,0.941862,0.854163,-0.234205,0.013878,-0.133732,0.617532,-0.547751,0.221678,-0.015944,0.186909,0.381099,-0.472932,-0.319398,-0.129953,0.395904,-0.336008,-0.233055,-0.477467,0.393418,-2.415448,-2.951096,-3.866868,-3.472547,-4.540495,-0.697842,0.852748,-3.527951,1.724491,12.394764,9.868551,-2.620553,2.415076,-9.248085,-2.484889,-4.297591,0.496527,7.284023,-4.572126,-1.012332,-0.815576,1.671514,1.095035,3.515388,0.296482,1.136498,1.958802,1.668355,1.436709,0.191609,0.100905,-0.706622,-0.470977,-0.218161,-0.432227,-0.159046,0.085138,0.271990,0.150994,-0.165329,0.175101,-0.102101,0.221291,0.177631,0.266835,-0.013747,0.168745
-0.310129,-1.057943,0.922149,0.001344,-0.089130,0.638844,0.764155,2.666923,0.807430,-1.151190,1.222156,-1.364085,2.059294,-0.571769,0.444484,0.532330,-0.001885,-0.444768,0.131642,0.172340,-0.198592,0.063043,0.742759,1.135881,0.745585,-0.180169,-0.150798,-0.224157,0.529088,-0.532767,0.230448,-0.066789,0.125607,0.351093,-0.402547,-0.289969,-0.063313,0.286914,-0.329487,-0.202922,-0.435190,0.433927,-1.322798,-3.102564,-4.251580,-2.657386,-4.163415,-0.919863,0.334030,-1.516108,2.664340,12.024311,9.700925,-5.428874,2.701806,-8.233807,-4.521245,-4.422199,0.749206,0.438485,-2.542212,-3.065085,-1.500277,3.519257,1.471467,3.332022,-5.449518,0.326027,1.506671,2.113857,2.025472,0.133979,0.061169,-0.695805,-0.453431,-0.216333,-0.403650,-0.137998,0.106538,0.259042,0.136228,-0.173003,0.175741,-0.066837,0.233046,0.150931,0.268799,-0.034822,0.146013
-0.314105,-1.003911,0.910557,0.031644,-0.075450,0.664289,0.742985,2.543475,0.539938,-0.955779,3.418487,-1.160128,2.994560,-0.507413,0.346502,0.436908,-0.124005,-0.505353,0.057462,0.181885,-0.154284,0.142430,0.758561,1.307149,0.583537,-0.113735,-0.188660,-0.268706,0.455496,-0.490974,0.241400,-0.064332,0.050922,0.318806,-0.328470,-0.243863,-0.020495,0.201162,-0.307848,-0.198889,-0.385873,0.432652,3.217818,-4.899123,-4.771119,-6.105999,-3.029236,-3.709022,0.477268,2.215414,3.969351,0.790060,8.563381,-8.102402,3.321696,-1.893094,-2.227457,-3.679622,2.089650,0.547596,0.122837,-3.734254,-1.614370,3.703843,2.305278,2.140899,-4.287615,1.081971,0.201622,2.465825,-0.063777,0.084952,-0.001971,-0.693302,-0.423953,-0.227099,-0.385171,-0.109677,0.142149,0.234340,0.116621,-0.170174,0.186276,-0.014384,0.245394,0.110147,0.263478,-0.054730,0.122678
-0.316971,-0.951097,0.907150,0.048104,-0.068282,0.693646,0.715457,2.571562,0.234929,-0.595429,2.023987,-0.688543,3.855258,-0.422769,0.224290,0.348527,-0.227469,-0.449867,0.004967,0.148499,-0.075088,0.181315,0.751860,1.432519,0.401353,0.002227,-0.240910,-0.276821,0.452225,-0.447297,0.249173,-0.049908,-0.006181,0.264174,-0.287283,-0.191861,0.035918,0.162550,-0.301972,-0.182646,-0.347128,0.421084,4.232196,-6.110560,-4.419046,-5.173226,2.774279,-2.624727,-1.669305,3.959797,1.944203,-0.335011,6.268516,-9.109234,5.798135,-2.612482,-0.405744,-0.163554,2.183861,0.388660,0.721204,-2.855170,-2.731625,2.059381,2.600086,2.820633,-1.930592,0.293790,0.812173,1.937258,-0.578377,0.029236,-0.040705,-0.689945,-0.389193,-0.219732,-0.391172,-0.079513,0.171019,0.213370,0.089656,-0.171294,0.194626,0.046051,0.250395,0.093446,0.246455,-0.089572,0.097695
-0.322073,-0.904243,0.910289,0.047001,-0.068326,0.715648,0.693520,2.344439,0.182436,-0.220022,0.214288,0.071975,3.105896,-0.361109,0.063321,0.271981,-0.282440,-0.323667,-0.002544,0.093043,0.022296,0.184606,0.775006,1.532140,0.244444,0.132912,-0.313098,-0.269355,0.466293,-0.415406,0.240548,-0.033214,-0.038018,0.208926,-0.279169,-0.141775,0.086673,0.186882,-0.338133,-0.178618,-0.340431,0.448854,3.083005,-8.048484,-3.827282,-2.748533,6.310013,-0.375544,-2.772806,4.869174,0.164564,1.157277,4.981054,-7.845420,6.534213,-3.609440,0.373292,0.703419,1.594540,-0.431275,0.834706,-1.591861,-2.762396,0.405694,2.504317,2.537743,1.216627,-1.808016,0.201396,0.334864,1.388498,-0.016457,-0.047865,-0.685484,-0.340017,-0.210363,-0.418469,-0.051471,0.185011,0.204171,0.061243,-0.177286,0.198141,0.098848,0.245267,0.103963,0.218254,-0.128949,0.074749
-0.328007,-0.858978,0.917101,0.043223,-0.077434,0.732486,0.674982,2.305232,0.102768,-0.041344,-0.692682,-0.371733,2.572567,-0.273351,-0.080634,0.185145,-0.303696,-0.231484,0.009367,0.025549,0.071364,0.196350,0.777300,1.576849,0.117733,0.236769,-0.379667,-0.268306,0.483004,-0.411942,0.222078,-0.022852,-0.062321,0.172674,-0.303098,-0.123055,0.099953,0.242107,-0.363025,-0.172296,-0.316644,0.477371,4.387881,-7.197733,-4.341814,-1.062834,4.609152,0.595519,-3.374699,2.453424,0.587234,0.114719,2.235440,-6.335578,5.192855,-3.328422,0.052455,0.835568,0.173201,-0.923475,0.518071,-1.215147,-1.812561,-1.196468,0.935991,0.663978,2.761250,-1.244620,0.316117,1.189324,1.425824,-0.066688,-0.036278,-0.684961,-0.290912,-0.202700,-0.453104,-0.020096,0.191831,0.202034,0.036510,-0.184701,0.199930,0.146101,0.229227,0.123001,0.185739,-0.164080,0.057922
-0.336296,-0.813891,0.926193,0.032290,-0.083334,0.744931,0.661129,2.331594,0.121134,0.096947,-0.985472,0.373017,1.974641,-0.187137,-0.239408,0.097465,-0.293462,-0.208253,0.026521,-0.021390,0.075966,0.195151,0.736119,1.569192,0.015393,0.316485,-0.406158,-0.272561,0.532771,-0.441080,0.195788,-0.043925,-0.090941,0.137488,-0.344947,-0.133834,0.037992,0.285598,-0.373273,-0.175657,-0.285817,0.515008,4.310743,-7.938721,-4.384010,0.511720,1.161544,0.857693,-2.346933,0.230099,-0.059965,-2.059085,-0.382832,-5.116968,3.985820,-1.324539,-0.212762,2.488333,-1.456890,-1.314514,-1.053626,-1.430961,-1.759305,-2.092426,-0.538924,-3.098016,2.174536,-0.512406,-0.168051,1.541364,1.881866,-0.102982,-0.019793,-0.689093,-0.230471,-0.199500,-0.498432,0.008181,0.195635,0.205184,0.012789,-0.192861,0.202026,0.182847,0.208252,0.148261,0.155163,-0.195169,0.052878
-0.346267,-0.767460,0.938928,0.021822,-0.094017,0.760991,0.641543,2.442933,0.046027,0.271289,-1.284627,-0.007896,2.645047,-0.085010,-0.348887,-0.022321,-0.271103,-0.223177,0.054149,-0.077983,0.030534,0.209128,0.673817,1.492117,-0.039328,0.376883,-0.402377,-0.266958,0.606134,-0.487468,0.158721,-0.092206,-0.062607,0.117351,-0.401758,-0.159715,0.054286,0.329875,-0.390280,-0.167440,-0.255500,0.548873,5.106329,-5.473914,-5.989277,1.117939,-0.746216,1.381412,-2.829656,-2.271587,0.698842,-3.115065,-3.853764,-2.736081,3.019878,0.189009,0.280158,3.668151,-2.319380,-1.853332,-2.414065,1.416672,-1.006851,-2.840568,-1.294061,0.814707,2.213827,-0.850374,0.410851,1.515856,1.693241,-0.143257,0.003696,-0.693141,-0.176195,-0.191193,-0.545914,0.040408,0.194232,0.213536,-0.013394,-0.201314,0.202190,0.214826,0.183767,0.174434,0.118965,-0.223504,0.047801
-0.358639,-0.719874,0.954905,0.010843,-0.103670,0.778620,0.618777,2.548040,-0.026923,0.434338,-1.234769,0.068632,2.982654,0.016235,-0.413711,-0.144945,-0.245949,-0.269318,0.084820,-0.147190,-0.054258,0.225360,0.594680,1.357658,-0.061365,0.429085,-0.362649,-0.245396,0.676589,-0.530880,0.129732,-0.156633,-0.050323,0.096941,-0.446691,-0.183342,0.019219,0.391389,-0.405331,-0.161221,-0.167905,0.548182,5.062244,-3.241207,-6.131228,1.257701,-2.307033,1.533542,-3.460369,-4.239609,0.811602,-3.956863,-6.722925,-1.101835,2.610134,1.986403,1.078108,3.522768,-2.170627,-1.449473,-3.221329,0.614186,-1.020497,-2.246626,-1.181370,-1.753355,3.075708,-0.752517,0.310917,4.379761,-0.034544,-0.179233,0.030455,-0.696481,-0.122061,-0.182354,-0.594825,0.069409,0.186661,0.223414,-0.040353,-0.206566,0.201226,0.238282,0.152896,0.192759,0.080264,-0.245236,0.042525
-0.372917,-0.670621,0.974074,-0.001491,-0.113526,0.799589,0.589719,2.666659,-0.188989,0.588279,-1.310007,0.119298,3.682929,0.122713,-0.418488,-0.266596,-0.206298,-0.286302,0.121201,-0.226330,-0.146530,0.237557,0.494150,1.168505,-0.065749,0.485923,-0.291251,-0.211715,0.753663,-0.574126,0.098031,-0.165904,-0.031285,0.052972,-0.478566,-0.204481,0.019523,0.380661,-0.402576,-0.162656,-0.143453,0.560076,5.323915,-0.238870,-6.082514,1.982555,-0.849205,1.819077,-3.956969,-4.613598,0.609846,-5.026513,-9.457684,-0.219180,2.841897,3.569906,1.684026,3.853671,-2.162273,-1.585040,-0.463566,0.951899,-2.198462,-1.593773,-1.056918,0.015183,-0.536377,0.137725,-0.071729,1.222599,0.594717,-0.212952,0.064599,-0.698862,-0.073517,-0.170616,-0.642715,0.094304,0.174111,0.235845,-0.069268,-0.208926,0.199291,0.255899,0.120262,0.209017,0.038197,-0.263940,0.038050
-0.387789,-0.619148,0.993185,-0.014024,-0.120663,0.822151,0.556157,2.751793,-0.433611,0.573835,-1.083939,0.258016,4.137902,0.226067,-0.394557,-0.384569,-0.155860,-0.254117,0.154222,-0.319219,-0.191813,0.241655,0.379491,0.941149,-0.049719,0.546915,-0.202515,-0.136678,0.817131,-0.609728,0.060698,-0.113427,-0.028319,0.005280,-0.501443,-0.217933,0.002204,0.371483,-0.411402,-0.158520,-0.134604,0.595727,5.167703,1.196584,-5.898664,2.521930,1.609243,1.651048,-4.644469,-2.264174,0.204892,-5.732929,-11.367797,0.801481,3.049567,4.436800,3.751853,3.173390,-1.780118,-1.866649,2.623862,0.148305,-2.384586,-1.143833,-0.672598,-0.865930,-0.458911,-0.441265,0.206820,0.442415,1.782546,-0.240505,0.104535,-0.699356,-0.026865,-0.162913,-0.684682,0.112982,0.158858,0.247624,-0.099342,-0.205881,0.197922,0.264672,0.086614,0.219996,-0.007046,-0.275191,0.033966
-0.403477,-0.567738,1.010531,-0.028823,-0.124720,0.845803,0.517911,2.702593,-0.638856,0.512870,-0.923302,0.560915,4.620252,0.306303,-0.367323,-0.501018,-0.094244,-0.182371,0.192187,-0.405574,-0.162335,0.230821,0.274881,0.702211,-0.024075,0.610750,-0.112994,-0.066754,0.868443,-0.649530,0.034536,-0.018687,-0.038964,-0.051844,-0.513389,-0.226979,-0.023007,0.380599,-0.429232,-0.172273,-0.142340,0.631683,4.011782,1.361698,-5.822430,3.080795,3.587300,1.898254,-4.317738,1.473927,-0.541706,-5.230523,-11.946873,1.282215,3.191780,4.476086,3.496218,2.565616,-1.990121,-1.308086,4.737006,-0.532215,-2.856212,-0.597326,-0.452334,-1.260558,0.455800,-0.891540,-0.687692,-0.386798,1.797782,-0.256800,0.147238,-0.697920,0.021310,-0.158975,-0.715689,0.124867,0.141075,0.260295,-0.131810,-0.198713,0.195441,0.265190,0.052488,0.229978,-0.054529,-0.281555,0.031222
-0.418076,-0.517967,1.024637,-0.040977,-0.121902,0.866919,0.481572,2.524345,-0.835056,0.391798,-0.206355,0.693220,4.322855,0.348017,-0.346927,-0.576695,-0.045641,-0.134726,0.220697,-0.461434,-0.094681,0.192383,0.221609,0.489144,-0.055027,0.704003,-0.054201,-0.014157,0.942627,-0.663048,0.015215,0.076674,-0.110581,-0.115349,-0.503406,-0.240481,-0.018498,0.374458,-0.450930,-0.195938,-0.111548,0.617718,2.085701,1.019764,-3.783873,2.430142,2.382263,1.425465,-2.793006,3.382684,-1.921876,-2.663593,-10.653355,-1.547632,4.662654,2.939628,2.629828,3.709213,-0.675886,-0.966091,4.768010,-3.580847,-3.175284,0.499138,-0.675090,0.225436,-0.307040,-1.084862,-1.183219,1.539628,-0.698239,-0.264347,0.180122,-0.694269,0.069677,-0.166932,-0.731565,0.130898,0.129366,0.273620,-0.160515,-0.185572,0.195808,0.259425,0.024882,0.241355,-0.097533,-0.278177,0.032665
-0.433520,-0.467532,1.033645,-0.053519,-0.114170,0.884491,0.449196,2.494330,-0.946787,0.200324,0.187827,1.007469,3.833554,0.351602,-0.340387,-0.625500,-0.002920,-0.116564,0.248648,-0.450418,-0.022544,0.147744,0.222373,0.328731,-0.100807,0.786269,-0.034406,0.006139,1.011402,-0.669443,-0.005206,0.132421,-0.172813,-0.192356,-0.510764,-0.254196,0.003728,0.392551,-0.437565,-0.200230,-0.072165,0.602033,0.179234,0.327016,-2.440251,2.136048,0.908113,1.397571,0.550796,3.606845,-2.231977,0.038228,-8.020655,-2.288986,4.113265,0.989751,1.014807,3.438737,-0.319739,-1.021047,2.787365,-3.111627,-3.850345,-0.367857,-0.685758,1.111306,0.904620,0.668237,-0.214621,1.969162,-0.784267,-0.267316,0.203887,-0.689627,0.114219,-0.180707,-0.734424,0.131389,0.120533,0.286740,-0.183293,-0.173203,0.194521,0.249284,0.003843,0.256512,-0.132197,-0.275643,0.034488
-0.446024,-0.417962,1.037910,-0.059284,-0.103958,0.899336,0.420563,2.301016,-1.133448,-0.011414,0.684570,0.569990,3.314772,0.334290,-0.337182,-0.657683,0.045716,-0.131704,0.244617,-0.354293,0.019753,0.115194,0.275376,0.225685,-0.170839,0.832593,-0.069249,0.019437,1.096879,-0.657744,-0.012972,0.167563,-0.225766,-0.238215,-0.508364,-0.262131,-0.000293,0.422368,-0.459026,-0.201907,-0.087302,0.623858,-0.865581,0.160238,-1.609154,2.431789,-0.757000,-0.201570,4.806263,2.114865,-1.627481,2.650145,-5.152324,-3.501586,2.316191,-1.742153,0.664903,4.273877,0.584943,-0.388264,1.757115,-2.647640,-2.292947,0.119969,-0.396720,-0.201035,1.490856,-1.073068,-0.083858,-0.756895,1.091271,-0.276692,0.219882,-0.679850,0.143510,-0.200425,-0.730759,0.136563,0.118177,0.295865,-0.195258,-0.159536,0.197653,0.245314,-0.007463,0.270752,-0.153824,-0.270186,0.041061
-0.458265,-0.366885,1.036923,-0.061032,-0.092908,0.912271,0.394214,2.284938,-1.271967,-0.245156,0.910142,0.279648,2.994412,0.310720,-0.330263,-0.674932,0.110841,-0.170660,0.239041,-0.214419,0.016846,0.084762,0.357335,0.156831,-0.229757,0.875074,-0.132898,0.048135,1.154041,-0.657754,-0.001770,0.193595,-0.278438,-0.272332,-0.506892,-0.272028,-0.081674,0.461020,-0.497915,-0.203105,-0.119642,0.633806,-1.178522,0.345961,-0.862451,3.256241,-1.947804,-0.278770,6.993704,-0.145370,-1.521597,4.097939,-3.442683,-2.945920,2.124096,-3.182456,1.434880,2.858089,-0.000494,0.560096,1.301581,-2.633598,-1.705809,0.073630,-0.494884,-4.069055,1.932630,-1.944417,-0.059876,-1.616964,0.497394,-0.290629,0.232369,-0.665334,0.158521,-0.223647,-0.725599,0.138273,0.118250,0.302203,-0.203915,-0.149610,0.201035,0.239746,-0.012744,0.282665,-0.169349,-0.266195,0.048015
-0.469620,-0.316229,1.030435,-0.056452,-0.083486,0.922704,0.372102,2.183647,-1.348009,-0.507206,0.998632,-0.312052,2.446226,0.299065,-0.318054,-0.673232,0.176677,-0.214101,0.217596,-0.082019,-0.015339,0.070172,0.444999,0.140806,-0.273786,0.886851,-0.198468,0.036987,1.188802,-0.656797,0.034096,0.222557,-0.328188,-0.281918,-0.510829,-0.283995,-0.148115,0.467923,-0.520004,-0.207697,-0.118588,0.633779,-0.582736,0.610466,0.085025,3.291814,-2.172045,-1.072235,6.619969,-1.609265,-0.729513,4.383203,-0.801249,-2.201430,0.588835,-3.278507,-0.557385,1.738048,0.047841,1.793273,1.448102,-2.487515,-0.479337,-0.196846,-0.598338,-3.322076,0.345157,-1.104468,-0.229626,0.052712,-0.001362,-0.308851,0.238135,-0.647472,0.154151,-0.243943,-0.723109,0.141472,0.123071,0.302852,-0.204079,-0.144568,0.206330,0.238705,-0.010160,0.285666,-0.170751,-0.265403,0.057695
-0.481507,-0.266623,1.019534,-0.047484,-0.077787,0.929871,0.356420,2.120982,-1.333253,-0.725395,0.826991,-0.786570,1.674020,0.293848,-0.296781,-0.658346,0.222151,-0.251989,0.187361,-0.000323,-0.067635,0.066879,0.545397,0.156293,-0.278889,0.865675,-0.258674,0.013259,1.206146,-0.667276,0.094550,0.220989,-0.322115,-0.263671,-0.514147,-0.296689,-0.113482,0.466365,-0.509054,-0.193933,-0.128122,0.653270,-0.260853,1.063614,0.744299,2.273687,-1.894389,-1.511751,4.084841,-2.614794,-0.164627,5.019883,0.774359,-0.255163,-1.058826,-3.010280,-1.186400,0.867194,-0.523959,3.022717,-0.078421,0.303676,0.912370,-0.165910,-0.634676,1.731668,-0.077922,0.547482,0.688206,-0.476716,0.974568,-0.328733,0.238111,-0.626252,0.135442,-0.256561,-0.724272,0.144159,0.132016,0.299093,-0.198459,-0.144889,0.211835,0.243182,-0.000254,0.284250,-0.159724,-0.268301,0.067523
-0.492654,-0.218005,1.004944,-0.040285,-0.074814,0.931863,0.352720,2.045788,-1.313347,-0.917561,0.533084,-0.601606,0.372843,0.274381,-0.292427,-0.613537,0.229885,-0.270294,0.162965,0.012411,-0.120276,0.062912,0.666034,0.204699,-0.228939,0.830637,-0.310853,-0.000653,1.183444,-0.675469,0.151018,0.175454,-0.278064,-0.231054,-0.505832,-0.315329,-0.104667,0.457887,-0.512415,-0.194657,-0.119474,0.640461,-0.973356,0.217723,2.240409,0.386720,-0.915268,-1.219827,0.636705,-2.632033,-0.198349,6.031857,2.420303,2.497507,-1.751886,-2.608949,-0.695606,-1.135100,-0.409621,2.823391,-2.276741,2.202513,1.630845,0.415740,-0.932030,0.440771,-0.423885,-0.168008,-0.036184,0.432399,-0.640461,-0.342582,0.232423,-0.604622,0.118736,-0.255016,-0.726611,0.138494,0.145809,0.291574,-0.188326,-0.151900,0.214663,0.247397,0.020640,0.278344,-0.136133,-0.274175,0.075701
-0.503386,-0.171016,0.986306,-0.032470,-0.077387,0.930714,0.355989,1.973090,-1.217165,-1.140911,0.043971,-0.789415,-0.415395,0.253123,-0.296138,-0.541943,0.214877,-0.273458,0.144846,-0.013003,-0.156688,0.080635,0.799695,0.286433,-0.194715,0.771444,-0.359458,-0.011866,1.128540,-0.675425,0.180000,0.106011,-0.239945,-0.185710,-0.490465,-0.327243,-0.051020,0.428361,-0.489781,-0.190602,-0.141531,0.645553,-1.062859,-0.185567,3.579712,-0.750424,-0.158189,-0.905944,-1.270724,-1.820578,0.886148,6.683074,4.086694,1.711178,-2.959661,-2.430283,-0.560661,-2.745187,0.002183,1.449110,-3.472155,1.905990,2.267207,0.768353,-0.595678,2.682307,-1.476327,1.131650,0.202748,-1.102848,0.254595,-0.355140,0.225992,-0.578150,0.097694,-0.243669,-0.729472,0.130951,0.157691,0.281505,-0.169212,-0.166642,0.215086,0.253191,0.042797,0.266283,-0.099471,-0.281587,0.078807
-0.513123,-0.124103,0.962565,-0.023380,-0.078765,0.928181,0.362944,1.930747,-1.178626,-1.425201,0.194932,-0.828004,-0.817931,0.224794,-0.311965,-0.455611,0.177018,-0.279199,0.125309,-0.055192,-0.147102,0.090271,0.939996,0.387058,-0.144160,0.707652,-0.389218,0.041654,1.049814,-0.685129,0.177115,0.074894,-0.217365,-0.135107,-0.453403,-0.336669,-0.086862,0.435833,-0.447756,-0.176844,-0.162505,0.621437,-1.416459,-0.791348,4.316597,-1.892911,-0.287039,-0.976833,-2.109457,0.479282,0.481779,7.015019,5.031242,2.527788,-3.189597,-1.487954,2.675990,-3.936321,-0.485200,-0.144243,-1.555808,1.128987,2.530162,1.853095,-0.471313,-1.792074,0.373601,2.101271,0.687923,-1.048713,-1.205801,-0.361745,0.216640,-0.551065,0.074962,-0.240474,-0.727402,0.116428,0.171555,0.269124,-0.147215,-0.181794,0.215547,0.256697,0.072558,0.247985,-0.058213,-0.286525,0.082832
-0.523764,-0.080131,0.936688,-0.019232,-0.085797,0.926078,0.366944,1.854510,-0.990458,-1.539780,-0.511737,-0.596793,-0.504503,0.172722,-0.349795,-0.367010,0.126550,-0.273371,0.121470,-0.117122,-0.097056,0.112733,1.094128,0.562581,-0.099449,0.616058,-0.404551,-0.032642,0.966946,-0.690447,0.152424,0.148775,-0.202382,-0.063370,-0.410632,-0.334862,0.006897,0.392786,-0.425665,-0.199473,-0.141552,0.589696,-2.603629,-1.891494,4.430080,-2.523403,0.291369,-0.191970,-3.096474,2.502303,1.123132,7.706611,8.776175,2.235536,-4.579675,-0.766692,-3.714769,-4.143409,-0.265904,-1.234574,3.694008,0.749156,3.586830,2.138560,0.090368,4.687922,-2.152338,1.104560,-1.131488,1.047636,-1.587050,-0.354631,0.213043,-0.526447,0.043417,-0.236182,-0.717709,0.100264,0.179169,0.259605,-0.120165,-0.198870,0.210988,0.254450,0.098748,0.225866,-0.010621,-0.285106,0.081089
-0.537595,-0.039697,0.913404,-0.011627,-0.108083,0.925769,0.362124,1.804547,-0.739502,-1.455185,-1.799272,-1.561110,0.311066,0.126958,-0.332637,-0.281795,0.080865,-0.238390,0.153158,-0.191581,-0.088325,0.167085,1.251101,0.720470,-0.077441,0.511582,-0.436697,-0.174524,0.838519,-0.695983,0.126367,0.237149,-0.203416,-0.003266,-0.338015,-0.326254,0.071686,0.304041,-0.392890,-0.210788,-0.182221,0.624139,-2.288185,0.857897,4.260745,-2.284266,1.749055,1.584392,-3.722978,0.436536,2.717597,7.848673,7.894444,1.100415,-5.223800,-1.607276,-7.094102,-6.421310,-0.276795,-1.302832,4.418713,-0.051734,3.005177,3.630834,0.430390,3.239496,-4.437242,1.638733,-0.565723,-2.033417,1.722177,-0.344105,0.221072,-0.496720,-0.010180,-0.209263,-0.708272,0.087412,0.173010,0.252195,-0.086920,-0.219964,0.198303,0.253148,0.114642,0.197417,0.038142,-0.281052,0.067818
-0.554258,-0.003864,0.895298,-0.007545,-0.122921,0.923423,0.363489,1.750657,-0.495831,-1.188668,-1.258593,-0.888521,-0.271079,0.055620,-0.306387,-0.182035,0.019286,-0.205291,0.195541,-0.226121,-0.092812,0.203038,1.398275,0.804505,-0.027142,0.386275,-0.477513,-0.252810,0.700948,-0.727914,0.119180,0.247653,-0.197031,0.052794,-0.276347,-0.314177,0.125250,0.273865,-0.356718,-0.224676,-0.161803,0.577807,-3.566904,1.312512,4.987982,-3.078947,1.654952,2.119177,-1.726977,-0.224339,1.797647,7.358676,4.201717,2.514934,-6.265377,-2.040797,-3.914311,-6.878557,-1.596554,-0.359353,0.525184,0.319270,2.803030,3.083424,0.603830,2.678167,-1.508789,1.808622,-0.694389,1.020897,-2.316624,-0.321024,0.212703,-0.480565,-0.046868,-0.185921,-0.699959,0.065936,0.164725,0.247333,-0.048610,-0.240220,0.182269,0.237464,0.134707,0.171077,0.093041,-0.273676,0.058119
-0.572008,0.029686,0.881529,-0.003258,-0.128988,0.921785,0.365601,1.721502,-0.410459,-0.971438,-0.433715,-0.583955,-0.311459,-0.036769,-0.265784,-0.090717,-0.035463,-0.187832,0.225170,-0.220946,-0.089994,0.227589,1.522493,0.857862,0.057251,0.225677,-0.506694,-0.339412,0.556251,-0.767516,0.109351,0.260392,-0.160922,0.142342,-0.214414,-0.303332,0.124397,0.315163,-0.365904,-0.247300,-0.185018,0.508203,-4.619455,2.030155,4.565890,-2.737460,0.872964,1.481418,0.258730,0.140891,1.227553,6.210918,2.667871,4.219625,-8.029893,-1.459057,-4.330083,-7.234859,-1.980110,-0.491437,0.636969,1.805431,4.477375,3.096608,0.542266,-0.042623,2.064903,-0.459303,-1.131246,-1.160770,-3.480181,-0.290746,0.194774,-0.475140,-0.083502,-0.175335,-0.690368,0.041926,0.154925,0.241968,-0.007448,-0.252535,0.168524,0.211151,0.157174,0.145962,0.148571,-0.254962,0.057353
-0.588171,0.062005,0.869726,-0.005488,-0.132839,0.918402,0.372642,1.639636,-0.411717,-0.868788,-0.491284,0.161121,-0.745523,-0.163628,-0.239446,0.020807,-0.046755,-0.164118,0.248012,-0.181474,-0.088714,0.230866,1.621900,0.900797,0.154511,0.052997,-0.514311,-0.424755,0.439441,-0.815112,0.107749,0.261800,-0.131560,0.198231,-0.173586,-0.303942,0.077988,0.155371,-0.367614,-0.286049,-0.268575,0.516871,-6.342929,1.316892,5.576210,-0.564589,1.185684,1.142137,1.973590,0.064025,0.163818,4.970316,2.146731,4.863026,-8.634018,-0.380853,-4.267157,-5.840499,-2.379766,-0.080122,0.070405,1.468142,2.794471,2.041406,-0.030500,-2.320484,-7.989619,-0.085506,-1.937407,-4.177864,0.433384,-0.250122,0.177147,-0.479476,-0.108002,-0.162449,-0.681770,0.013022,0.144029,0.240375,0.038788,-0.257516,0.159081,0.171727,0.179680,0.128211,0.205552,-0.228724,0.072275
-0.606324,0.093944,0.860793,-0.015405,-0.132167,0.913322,0.384886,1.734655,-0.320463,-0.679576,-0.379769,1.101573,-1.188146,-0.314874,-0.234279,0.140836,-0.044654,-0.135246,0.257413,-0.131531,-0.077126,0.209747,1.689041,0.929171,0.268252,-0.136618,-0.520971,-0.480853,0.379532,-0.809101,0.100451,0.261800,-0.107065,0.269236,-0.167170,-0.301438,0.009338,0.156644,-0.355106,-0.275328,-0.356510,0.492174,-7.562290,0.258363,6.001480,0.105020,1.443602,0.470025,2.497154,0.579394,-1.055916,3.357069,1.418701,5.687027,-9.480744,-0.332982,-2.804912,-2.995436,0.300542,-0.364885,0.000000,1.224736,3.550261,0.320818,0.125197,-3.432470,0.063624,0.625420,0.536037,-4.396739,-1.234824,-0.199069,0.158850,-0.493088,-0.117139,-0.152040,-0.676712,-0.018796,0.133639,0.242998,0.084177,-0.248731,0.154006,0.123004,0.199285,0.120671,0.255304,-0.186670,0.097142
-0.625613,0.126494,0.855457,-0.018549,-0.128269,0.909068,0.395978,1.822667,-0.307672,-0.482952,0.185882,0.583863,-1.139732,-0.453789,-0.210157,0.256837,-0.046836,-0.123056,0.249743,-0.073676,-0.067265,0.204920,1.720554,0.944632,0.384327,-0.321617,-0.542031,-0.523645,0.389563,-0.795703,0.113974,0.261800,-0.093745,0.308584,-0.175516,-0.299879,-0.033537,0.095063,-0.351918,-0.299676,-0.296040,0.374008,-6.945794,1.206107,5.800025,-0.109077,0.609488,-0.383483,2.892748,0.493040,-0.241355,1.575658,0.773064,5.803747,-9.249940,-1.052996,-2.139605,0.501548,0.669912,0.676146,-0.000000,0.666005,1.967379,-0.417293,0.077925,-2.143762,-3.079037,0.159403,-1.217424,3.023495,-5.908298,-0.148691,0.136611,-0.508445,-0.134156,-0.149445,-0.670843,-0.045823,0.127086,0.248754,0.128679,-0.229888,0.156003,0.071211,0.215181,0.115645,0.293943,-0.139568,0.130549
-0.650970,0.157533,0.855724,-0.013489,-0.116320,0.909890,0.397980,1.995521,-0.107061,-0.150398,1.299887,0.021661,-0.200910,-0.563131,-0.145426,0.341804,-0.070037,-0.153913,0.223629,-0.004776,-0.064963,0.217036,1.690659,0.925621,0.498385,-0.486626,-0.543452,-0.567480,0.425884,-0.756298,0.119418,0.261800,-0.073644,0.338214,-0.193044,-0.299833,-0.096029,0.097250,-0.357001,-0.302085,-0.388710,0.348244,-5.467087,3.236536,4.248327,-1.160048,-1.542845,-1.305704,3.445024,0.115118,0.605759,-1.494761,-0.950546,5.702925,-8.250453,-0.071062,-2.191736,1.816012,1.970219,0.272197,0.000000,1.005057,1.481504,-0.876407,0.002321,-3.124622,0.109377,-0.254160,-0.120453,-4.633487,-1.288195,-0.101180,0.105024,-0.530437,-0.166053,-0.165103,-0.663926,-0.065661,0.124998,0.254783,0.162540,-0.204437,0.162703,0.024920,0.225025,0.111964,0.316541,-0.093191,0.162922
-0.679646,0.191105,0.861968,-0.015484,-0.113099,0.909712,0.399241,2.220629,-0.132172,0.149278,0.219056,0.320904,-0.093303,-0.657898,-0.057220,0.429562,-0.061382,-0.147022,0.213914,0.039555,-0.062338,0.210512,1.626827,0.845948,0.605999,-0.607373,-0.535574,-0.572849,0.480151,-0.713773,0.096484,0.261800,-0.053557,0.358256,-0.221493,-0.320680,-0.173855,0.068606,-0.360173,-0.316590,-0.436817,0.288488,-4.738338,4.410304,4.387916,0.432734,0.344558,-0.485759,2.216548,0.131216,-0.326162,-3.191576,-3.983641,5.380682,-6.037363,0.393876,-0.268472,2.713373,2.126249,-1.146686,0.000000,1.004348,1.002098,-1.422433,-1.042332,-3.891288,-1.432244,-0.158624,-0.725230,-2.405368,-2.987829,-0.049638,0.088620,-0.553825,-0.197365,-0.166875,-0.664968,-0.085620,0.117808,0.264362,0.187624,-0.179464,0.167573,-0.018988,0.227593,0.118529,0.322247,-0.050896,0.193023
-0.710549,0.226752,0.872505,-0.022886,-0.114978,0.907971,0.402299,2.381695,-0.157339,0.380231,-0.469262,0.643241,-0.263780,-0.740149,0.034090,0.524582,-0.036370,-0.113191,0.206533,0.062997,-0.051848,0.191316,1.542240,0.731867,0.692447,-0.688254,-0.530956,-0.527040,0.543176,-0.677286,0.077430,0.261800,-0.024932,0.365420,-0.243919,-0.351508,-0.236247,0.046586,-0.353489,-0.317549,-0.477653,0.245624,-4.112554,4.565506,4.750999,1.250598,1.691547,-0.369050,1.172068,0.524505,-0.959827,-4.229383,-5.704072,4.322397,-4.044044,0.230928,2.290453,3.151270,1.824381,-0.952711,-0.000000,1.431225,0.358202,-1.121333,-1.541398,-3.119601,-1.100977,0.334201,-0.047961,-2.041763,-2.143171,0.006250,0.084269,-0.575598,-0.223503,-0.158734,-0.670783,-0.105311,0.108203,0.273327,0.205952,-0.154372,0.173209,-0.059721,0.227009,0.128333,0.317721,-0.014001,0.219919
-0.744045,0.264445,0.886847,-0.033573,-0.118388,0.907478,0.401672,2.544059,-0.189460,0.602577,-0.730940,0.843500,0.156935,-0.806103,0.130291,0.607583,0.005066,-0.074481,0.194913,0.085475,-0.058326,0.167376,1.435539,0.590512,0.754160,-0.729946,-0.497176,-0.427981,0.588033,-0.618117,0.065487,0.261800,-0.000806,0.383551,-0.255224,-0.372273,-0.295774,0.077159,-0.340025,-0.313648,-0.503844,0.226454,-3.297695,4.810045,4.150035,2.071813,1.935490,-0.581023,1.123904,-0.323911,-1.196995,-5.335029,-7.067722,3.085650,-2.084608,1.689010,4.952991,2.242821,2.958410,-0.597147,-0.000000,1.206324,0.906559,-0.565211,-1.038277,-2.976333,1.528669,0.673217,0.195080,-1.309574,-0.958542,0.064788,0.086387,-0.594691,-0.246445,-0.141289,-0.678259,-0.122258,0.098270,0.278437,0.214841,-0.130545,0.178073,-0.092806,0.222630,0.134368,0.304490,0.018423,0.238013
-0.779718,0.302864,0.904089,-0.048061,-0.120296,0.909420,0.395188,2.627830,-0.225284,0.811342,-0.728598,1.174589,0.836051,-0.851093,0.211555,0.666013,0.055476,-0.033279,0.176885,0.113785,-0.067730,0.132731,1.311000,0.446331,0.804702,-0.740825,-0.467087,-0.270651,0.621753,-0.567754,0.068393,0.261800,0.013469,0.406172,-0.266258,-0.395566,-0.343808,0.121033,-0.322950,-0.325596,-0.511812,0.180202,-2.249486,4.063194,2.921513,2.520507,2.060134,-0.901359,1.415534,-0.470176,-1.732226,-6.226942,-7.209053,2.527109,-0.543916,1.504404,7.866469,1.686023,2.518174,0.145289,0.000000,0.713725,1.131032,-0.551704,-1.164625,-2.401723,2.193669,0.853743,-0.597411,-0.398395,-2.312589,0.122846,0.092670,-0.609951,-0.260304,-0.119683,-0.685663,-0.138038,0.089701,0.280299,0.214817,-0.114855,0.184337,-0.117535,0.216233,0.136873,0.285331,0.037895,0.253008
-0.822473,0.339944,0.919167,-0.061734,-0.114470,0.916195,0.379041,2.801231,-0.011505,0.853618,0.023810,1.246616,1.940090,-0.864633,0.284082,0.680183,0.081401,-0.019765,0.142149,0.171797,-0.066135,0.095980,1.166722,0.314915,0.854120,-0.740729,-0.422230,-0.087782,0.632594,-0.526162,0.063683,0.261800,0.040576,0.444784,-0.289717,-0.403938,-0.350249,0.062325,-0.293219,-0.312268,-0.531678,0.186941,-0.677006,3.626334,0.708507,1.296240,0.675659,-1.736802,2.900610,0.079764,-1.837559,-7.213937,-6.570797,2.470912,0.004801,2.242852,9.143462,0.542041,2.079596,-0.235492,0.000000,1.355366,1.930610,-1.172995,-0.418621,-0.322055,-2.935407,1.486571,0.666372,-0.993282,0.336960,0.175015,0.083891,-0.622391,-0.271740,-0.115060,-0.689076,-0.152008,0.087554,0.277425,0.206674,-0.108484,0.193933,-0.131665,0.213759,0.134942,0.264278,0.048766,0.263685
-0.870909,0.370643,0.928319,-0.072227,-0.099297,0.926779,0.354970,2.789178,0.333148,0.734958,0.997187,1.167924,2.832561,-0.856865,0.338810,0.663084,0.049225,-0.037088,0.095335,0.238958,-0.019829,0.073466,1.006792,0.223573,0.896071,-0.721905,-0.356665,0.065537,0.634116,-0.489233,0.083108,0.261800,0.050161,0.478840,-0.322644,-0.408846,-0.401784,-0.004694,-0.325858,-0.342777,-0.513288,0.151773,0.388379,2.736395,-0.854940,-1.608802,-0.866116,-2.340692,3.358042,2.315265,-1.125699,-7.996465,-4.567127,2.097549,0.941194,3.278285,7.665963,0.076106,1.846455,0.971237,0.000000,0.479263,1.702785,-1.646346,-0.245372,-2.576722,-3.350951,-1.631983,-1.525417,0.919479,-1.758412,0.221474,0.052290,-0.630250,-0.282102,-0.136504,-0.687842,-0.162270,0.093778,0.271666,0.194364,-0.106627,0.203117,-0.134584,0.214281,0.129985,0.244884,0.053496,0.268080
-0.921131,0.398232,0.931797,-0.073177,-0.066070,0.942019,0.320748,2.797849,0.379779,0.516213,2.981149,0.725846,3.961474,-0.808888,0.376201,0.603277,-0.065171,-0.094982,0.023247,0.302759,0.039329,0.082947,0.810899,0.210689,0.924898,-0.696364,-0.264646,0.140777,0.621979,-0.456279,0.107743,0.261800,0.043458,0.528294,-0.362772,-0.400887,-0.389635,0.009386,-0.308516,-0.319661,-0.485496,0.172503,2.398867,1.869549,-2.990366,-5.719806,-2.894699,-3.604410,3.190032,2.957920,0.474028,-9.794677,-0.644169,1.441359,1.277060,4.600951,3.762004,-0.606876,1.647687,1.231751,-0.000000,-0.335159,2.472701,-2.006401,0.397909,0.607455,0.704015,0.867097,1.155810,1.389583,1.036515,0.249473,-0.014025,-0.635505,-0.300525,-0.182715,-0.675175,-0.165005,0.115374,0.261064,0.178742,-0.105728,0.213328,-0.124305,0.220244,0.113746,0.232800,0.060476,0.261929
-0.965730,0.427228,0.932774,-0.080121,-0.066308,0.949094,0.297329,2.635209,0.045683,0.361420,-0.350231,0.405720,2.484893,-0.763482,0.374416,0.555783,-0.106130,-0.060524,0.011920,0.290631,0.096293,0.074716,0.671440,0.289507,0.912882,-0.672170,-0.180592,0.114032,0.582902,-0.435327,0.102467,0.245334,0.023136,0.587604,-0.378892,-0.371936,-0.342159,0.021815,-0.321080,-0.313524,-0.436712,0.189898,2.270289,-0.089246,-2.374710,-2.047923,1.722893,-0.566352,-0.606387,2.848187,-0.411546,-6.972919,3.940895,-0.600805,1.209664,4.202692,-1.337252,-1.953859,1.047588,-0.263816,-0.823291,-1.016127,2.965535,-0.805981,1.447569,2.373806,0.621443,-0.628166,0.306848,2.439206,0.869754,0.262619,-0.025460,-0.644163,-0.318601,-0.175170,-0.662572,-0.161035,0.121473,0.255440,0.168805,-0.112911,0.213729,-0.108551,0.219541,0.109391,0.227467,0.057440,0.250634
-1.008911,0.455775,0.931474,-0.085778,-0.082015,0.953550,0.276870,2.577687,-0.066428,0.232616,-1.781949,-0.123084,1.991534,-0.702777,0.356757,0.504555,-0.124112,-0.009363,0.033734,0.227067,0.100912,0.058624,0.569942,0.419092,0.870112,-0.615520,-0.129357,0.055719,0.531082,-0.415978,0.090942,0.247450,-0.019303,0.628303,-0.367953,-0.323589,-0.269942,0.026220,-0.348405,-0.319909,-0.378256,0.202177,3.035265,-0.882940,-2.561384,-0.899103,2.558066,1.090708,-3.178195,0.230936,-0.804575,-5.074908,6.479244,-2.138488,2.832530,2.561721,-2.915681,-2.590984,0.967444,-0.576210,0.105785,-2.121938,2.034935,0.546969,2.417371,3.610828,0.220264,-1.366282,-0.319290,2.922832,0.613942,0.257091,-0.013139,-0.660787,-0.339092,-0.149646,-0.644078,-0.152372,0.121498,0.252134,0.157408,-0.127862,0.206754,-0.086908,0.214809,0.108400,0.228032,0.044011,0.232059
-1.052777,0.483740,0.927588,-0.079116,-0.099104,0.958044,0.257043,2.606144,-0.095353,0.047564,-1.585234,-1.331796,1.789984,-0.635820,0.338376,0.451132,-0.144720,-0.018248,0.068822,0.192085,0.011015,0.073745,0.603609,0.583646,0.790312,-0.521503,-0.181034,0.030922,0.471880,-0.388619,0.125389,0.203049,-0.071192,0.641391,-0.335477,-0.254817,-0.164469,0.045999,-0.341248,-0.292395,-0.312931,0.220550,3.347822,-0.919041,-2.671152,-1.030426,-0.444277,1.754402,-1.749096,-4.494807,0.756031,1.683347,8.227673,-3.990006,4.700859,-2.583848,-1.239859,-2.960118,1.367967,1.722339,-2.220052,-2.594468,0.654377,1.623792,3.438565,5.273643,0.988969,0.357849,1.375718,3.266233,0.918665,0.207011,-0.014376,-0.677555,-0.365034,-0.131478,-0.611472,-0.134683,0.122961,0.249684,0.146047,-0.143134,0.192779,-0.057390,0.209682,0.104360,0.236286,0.028238,0.197085
-1.097179,0.511513,0.919897,-0.072106,-0.107658,0.961776,0.241239,2.637936,-0.106116,-0.187662,-0.731144,-1.108788,1.442295,-0.558449,0.281100,0.395098,-0.215453,-0.102974,0.078979,0.113276,-0.116255,0.092687,0.655217,0.820595,0.694033,-0.431417,-0.306088,-0.036397,0.418291,-0.376076,0.206663,0.109822,-0.106427,0.635675,-0.290515,-0.162882,-0.077204,0.041933,-0.340858,-0.293341,-0.254894,0.202818,3.868553,-2.863797,-2.801708,-3.536658,-4.236272,0.507845,-3.940473,-6.363515,0.947109,2.580393,11.847457,-4.813982,4.504306,-6.252684,-3.365951,-2.679403,0.627161,4.063719,-4.661325,-1.761714,-0.285786,2.248097,4.596749,4.363283,-0.203321,0.019497,-0.047301,2.901845,-0.886595,0.141578,-0.026595,-0.688644,-0.374414,-0.127552,-0.571811,-0.116809,0.130086,0.242202,0.132067,-0.154875,0.185152,-0.025613,0.208335,0.095682,0.242726,0.010735,0.160849
-1.137656,0.538494,0.911122,-0.064041,-0.120599,0.965388,0.222217,2.437746,-0.224823,-0.339384,-1.176114,-1.332112,1.709006,-0.461301,0.209883,0.333343,-0.221824,-0.202960,0.095211,0.082094,-0.217649,0.121830,0.681653,1.071874,0.570447,-0.383164,-0.433477,-0.104323,0.373263,-0.438315,0.261800,-0.006039,-0.140067,0.591084,-0.247808,-0.102522,-0.075030,0.018798,-0.341555,-0.273446,-0.224115,0.258618,4.857408,-3.560833,-3.087737,-0.318547,-4.999298,0.811599,-1.559078,-5.069698,1.457154,1.321803,12.563948,-6.179302,2.412648,-6.369441,-3.396255,-2.251406,-3.111936,2.756827,-5.793085,-1.682007,-2.229545,2.135345,3.018000,0.108694,-1.156742,-0.034850,0.994737,1.538934,2.789968,0.078110,-0.019604,-0.699208,-0.365700,-0.119821,-0.532222,-0.093111,0.137797,0.234937,0.123937,-0.171357,0.180752,0.014562,0.206640,0.090610,0.258271,-0.023223,0.132715
-1.174845,0.567397,0.901333,-0.064510,-0.122626,0.971417,0.192746,2.308073,-0.498654,-0.458086,-0.321286,-0.424811,2.957793,-0.387788,0.100439,0.247989,-0.240330,-0.295061,0.078382,0.028558,-0.265334,0.145629,0.701363,1.323982,0.436491,-0.291475,-0.523080,-0.185150,0.355550,-0.462040,0.261800,-0.116583,-0.157228,0.522678,-0.248563,-0.050255,-0.059146,-0.026833,-0.311940,-0.241968,-0.187861,0.301043,3.675647,-5.472245,-4.267701,-0.925263,-4.605072,-0.841448,-2.676833,-2.384251,1.189929,0.985498,12.605400,-6.697768,4.584432,-4.480131,-4.041372,-0.885669,-1.186260,0.000000,-5.527175,-0.858036,-3.420309,-0.037771,2.613383,0.794199,-2.281577,1.480766,1.573934,1.812729,2.121238,0.029748,-0.011665,-0.703028,-0.332784,-0.114603,-0.501396,-0.066480,0.153482,0.223337,0.102342,-0.183407,0.181631,0.063984,0.204285,0.089590,0.258095,-0.064644,0.105130
-1.213170,0.593216,0.891488,-0.066297,-0.113445,0.979097,0.155256,2.265482,-0.522248,-0.419180,0.741240,-0.224706,3.855434,-0.312266,-0.049808,0.160266,-0.288486,-0.318320,0.043308,-0.036446,-0.217613,0.164761,0.697032,1.553744,0.265784,-0.160409,-0.564017,-0.255068,0.341266,-0.488514,0.261800,-0.160855,-0.178071,0.430400,-0.273672,-0.038726,-0.014309,-0.113668,-0.306897,-0.237853,-0.128218,0.260879,3.776108,-7.512316,-4.386124,-2.407828,-1.162964,-1.753696,-3.250176,2.386021,0.956598,-0.216538,11.488125,-8.535365,6.553285,-2.046887,-3.495900,-0.714219,-1.323684,-0.000000,-2.213593,-1.042171,-4.613914,-1.255424,0.576422,2.241846,-4.341714,0.252147,0.205732,2.982128,-2.008172,-0.013916,-0.016075,-0.702956,-0.287762,-0.118093,-0.475190,-0.034098,0.169273,0.207787,0.073655,-0.191607,0.187979,0.121205,0.191853,0.097482,0.240737,-0.112732,0.085627
-1.251561,0.615754,0.883175,-0.074287,-0.108140,0.985683,0.105904,2.160047,-0.610168,-0.298740,0.217083,0.232536,5.057346,-0.259413,-0.224786,0.057596,-0.333127,-0.270451,0.023472,-0.133545,-0.153336,0.168376,0.723384,1.736866,0.077404,0.008062,-0.613043,-0.290344,0.359821,-0.485179,0.261800,-0.159106,-0.206155,0.334018,-0.319606,-0.034282,0.014480,-0.129515,-0.292984,-0.210506,-0.138799,0.312668,2.642655,-8.748899,-5.133547,-2.232049,2.393456,-0.991825,-4.854962,3.213848,0.180780,1.317588,9.156075,-9.419003,8.423539,-2.451272,-1.763800,0.927750,0.166744,-0.000000,0.087456,-1.404187,-4.819057,-2.296701,0.222200,1.439436,-0.792345,0.695631,1.367370,-0.529032,2.589441,-0.048075,-0.006824,-0.700350,-0.234199,-0.116192,-0.459857,0.004381,0.179423,0.197996,0.034970,-0.196288,0.193401,0.176759,0.167700,0.122213,0.201446,-0.161813,0.066310
-1.292021,0.635092,0.876228,-0.074451,-0.115641,0.988774,0.058398,2.161500,-0.653187,-0.221775,-1.026532,-0.579319,4.673457,-0.175231,-0.385131,-0.027776,-0.346475,-0.188224,0.046858,-0.236628,-0.105889,0.199439,0.752737,1.867056,-0.139267,0.164046,-0.663139,-0.309360,0.375676,-0.524019,0.261800,-0.136204,-0.230050,0.190978,-0.357910,-0.062468,0.047302,-0.066125,-0.316691,-0.177053,-0.137888,0.358148,4.209093,-8.017277,-4.268582,-0.667384,4.111364,1.169318,-5.154139,2.372372,1.553155,1.467636,6.509500,-10.833545,7.799201,-2.504808,-0.950810,0.792783,-1.942016,-0.000000,1.145073,-1.194753,-7.151998,-1.915214,-1.409283,1.641102,3.169462,-1.185349,1.672615,0.045542,2.273983,-0.095808,0.020310,-0.696709,-0.184936,-0.111175,-0.450438,0.048784,0.175195,0.197978,0.005989,-0.205131,0.194640,0.223976,0.131869,0.157653,0.160680,-0.215200,0.051314
-1.334819,0.654202,0.872452,-0.069754,-0.127009,0.989238,0.020259,2.197640,-0.828096,-0.111954,-1.366445,-0.952341,3.646375,-0.064668,-0.541001,-0.110400,-0.327359,-0.146094,0.074693,-0.335059,-0.088522,0.238223,0.747243,1.951734,-0.346097,0.328120,-0.711417,-0.321408,0.391916,-0.557577,0.261800,-0.134833,-0.234970,0.069176,-0.379410,-0.110864,0.031702,-0.024775,-0.333568,-0.169416,-0.160659,0.457629,5.528140,-7.793493,-4.131184,0.955808,2.106497,1.391727,-4.921546,0.868360,1.939173,-0.274705,4.233931,-10.341519,8.203731,-2.413883,-0.602385,0.811984,-1.677882,-0.000000,0.068583,-0.246010,-6.090135,-1.075006,-2.419824,-0.779995,2.067535,-0.843826,0.381865,-1.138566,4.974087,-0.147087,0.057514,-0.692331,-0.135706,-0.108093,-0.448453,0.091577,0.162812,0.201464,-0.021389,-0.210519,0.198188,0.260025,0.092876,0.191174,0.109208,-0.253084,0.042177
-1.385519,0.668675,0.870492,-0.058501,-0.135977,0.988915,-0.011654,2.523451,-0.769248,-0.003991,-1.115275,-1.533945,2.949681,0.094629,-0.658684,-0.194692,-0.286842,-0.172015,0.100186,-0.414121,-0.089776,0.282113,0.663538,1.985008,-0.541228,0.502574,-0.718347,-0.367111,0.420740,-0.608801,0.261800,-0.157419,-0.251811,-0.037270,-0.396297,-0.150684,0.063629,0.011125,-0.344256,-0.132958,-0.088931,0.370991,7.964875,-5.884167,-4.214616,2.025857,-1.296032,1.274654,-3.953100,-0.062728,2.194522,-4.185236,1.663704,-9.756540,8.722705,-0.346517,-2.285132,1.441218,-2.561231,0.000000,-1.129314,-0.842033,-5.322291,-0.844309,-1.990995,1.596343,1.794982,-0.534422,1.822915,3.586437,-4.331944,-0.211286,0.088401,-0.684857,-0.096406,-0.110414,-0.452709,0.131608,0.144792,0.206837,-0.046665,-0.214274,0.206795,0.284208,0.048314,0.219697,0.049637,-0.282180,0.037964
-1.442012,0.680960,0.875181,-0.051607,-0.148658,0.986878,-0.036190,2.741337,-0.898477,0.297635,-1.449073,-0.962282,2.260811,0.248378,-0.761647,-0.292025,-0.208804,-0.203932,0.135877,-0.470621,-0.118760,0.311622,0.543732,1.965700,-0.665820,0.609366,-0.686788,-0.414588,0.452181,-0.648204,0.225968,-0.177974,-0.259155,-0.102946,-0.427833,-0.201809,0.101891,0.102567,-0.367979,-0.191627,-0.043956,0.490037,7.687463,-5.148117,-4.866654,3.901857,-1.595898,1.784559,-2.825019,-1.449184,1.475447,-5.990309,-0.965442,-6.229600,5.339588,1.577923,-2.373875,1.572048,-1.970149,-1.791579,-1.027780,-0.367210,-3.283822,-1.576800,-2.556221,1.913118,4.572114,-1.186110,-2.933466,2.248733,5.952345,-0.268328,0.127890,-0.673892,-0.054815,-0.105771,-0.467484,0.160212,0.120621,0.214909,-0.070706,-0.217016,0.209092,0.290618,0.003012,0.242217,0.005687,-0.294277,0.040431
-1.502436,0.693094,0.885991,-0.053284,-0.164816,0.983059,-0.059931,2.854229,-1.150133,0.564389,-1.763400,-0.065724,2.296609,0.361081,-0.844895,-0.394504,-0.101088,-0.217097,0.183148,-0.505328,-0.181723,0.328748,0.421821,1.891257,-0.751060,0.706431,-0.618091,-0.455553,0.485536,-0.692735,0.173663,-0.188879,-0.273202,-0.142666,-0.463012,-0.213528,0.128216,0.167754,-0.361916,-0.161407,-0.002684,0.585594,5.635101,-4.162388,-5.123952,5.385843,-0.658212,2.363550,-1.735343,-3.148139,0.856301,-6.095556,-3.722139,-4.261972,4.853263,3.434867,-2.048234,1.667727,-2.226541,-2.615293,-0.545241,-0.702367,-1.985956,-1.758985,-0.585958,1.316242,3.259326,0.303139,1.510984,2.063600,4.777805,-0.303881,0.179716,-0.662631,-0.006427,-0.088998,-0.491371,0.179046,0.091945,0.225420,-0.097583,-0.219171,0.208149,0.284799,-0.043376,0.259509,-0.044049,-0.299562,0.032362
-1.565132,0.702930,0.898820,-0.063236,-0.178725,0.978782,-0.077750,2.910848,-1.220549,0.719399,-1.443910,0.827695,1.870168,0.431153,-0.924827,-0.487339,0.007390,-0.205119,0.236318,-0.503722,-0.239711,0.326140,0.298977,1.771417,-0.795134,0.786600,-0.488568,-0.459760,0.517586,-0.737374,0.106984,-0.183370,-0.289238,-0.171569,-0.490127,-0.219026,0.127909,0.175911,-0.351432,-0.163249,0.026372,0.599929,3.503635,-3.996633,-4.641728,5.423895,0.598907,2.658478,0.080314,-2.899393,-0.130424,-6.142189,-5.991973,-2.203737,4.008460,6.476143,-0.210370,1.602517,-2.231934,-3.333918,0.275458,-0.801775,-1.445177,-1.355722,-0.274925,-0.015380,0.407878,0.524207,-0.092102,1.452791,0.716791,-0.317984,0.226319,-0.655321,0.054268,-0.070560,-0.517444,0.185888,0.064779,0.237671,-0.125551,-0.219450,0.203669,0.269341,-0.082910,0.272793,-0.086649,-0.297765,0.023667
-1.631257,0.711901,0.912150,-0.076708,-0.193748,0.974040,-0.088450,3.029248,-1.318311,0.813965,-1.487564,1.303514,1.237181,0.478745,-0.989155,-0.561136,0.106314,-0.151354,0.296620,-0.501581,-0.282376,0.314399,0.176871,1.595770,-0.800588,0.850411,-0.299884,-0.407460,0.533921,-0.761786,0.034429,-0.128833,-0.310324,-0.184467,-0.516131,-0.216588,0.160755,0.157347,-0.375790,-0.207158,0.053449,0.595174,2.379593,-3.216402,-3.689886,4.946179,2.688213,3.015097,0.107040,-2.133261,-0.587059,-6.105321,-8.782348,-0.272699,3.190535,9.434237,2.615004,0.816720,-1.220593,-3.627770,2.726857,-1.054309,-0.644890,-1.300213,0.121918,1.642321,-0.928223,-1.217895,-2.195437,1.353864,-0.237746,-0.317818,0.269258,-0.650439,0.124792,-0.048134,-0.542924,0.182695,0.041407,0.249005,-0.151189,-0.217842,0.194473,0.246080,-0.113790,0.279279,-0.119595,-0.288597,0.011031
-1.698611,0.721296,0.923544,-0.083941,-0.211364,0.968062,-0.105524,3.047889,-1.447933,0.707319,-1.875238,0.612780,1.733603,0.506313,-1.005250,-0.648558,0.206938,-0.088764,0.341016,-0.495088,-0.323644,0.321878,0.114068,1.382090,-0.796701,0.860206,-0.123091,-0.348493,0.589621,-0.803335,-0.064059,-0.021929,-0.326497,-0.126860,-0.544887,-0.193967,-0.039562,0.201514,-0.405796,-0.193828,-0.014564,0.564760,1.378390,-0.804759,-4.371087,5.031188,3.129509,2.219833,0.324653,-2.063399,0.373975,-3.140114,-10.684000,0.194373,0.489767,8.839610,2.948351,2.785024,-2.077463,-4.924409,5.345184,-0.808668,2.880370,-1.437814,1.131051,-10.015825,2.208345,-1.500320,0.666506,-3.400646,-1.520707,-0.316552,0.320298,-0.635463,0.189836,-0.021013,-0.564947,0.182448,0.020652,0.258080,-0.173056,-0.214300,0.184160,0.228829,-0.137681,0.283476,-0.146258,-0.270806,-0.007100
-1.764804,0.728217,0.930578,-0.096877,-0.219185,0.964800,-0.108321,3.029787,-1.278355,0.619184,-0.699436,1.314316,0.509575,0.504619,-1.029824,-0.686180,0.247800,-0.006601,0.385305,-0.480202,-0.312383,0.302053,0.097928,1.144433,-0.784411,0.862320,0.010966,-0.275599,0.596927,-0.808524,-0.084694,0.077927,-0.361355,-0.105734,-0.564505,-0.177231,-0.069738,0.203132,-0.414086,-0.197995,-0.046752,0.551372,-0.084678,-1.228675,-1.881077,2.043105,4.108178,2.214420,0.744303,0.563062,-0.991249,-0.807008,-11.882895,0.614501,0.105660,6.702877,3.644703,0.365295,-0.259468,-1.031747,4.992812,-1.742868,1.056277,-0.980905,0.836796,-1.508833,0.080932,-0.414501,-0.208347,-1.609401,-0.669438,-0.312257,0.340614,-0.629631,0.264171,-0.002930,-0.574918,0.173407,0.008629,0.266126,-0.188374,-0.210318,0.171964,0.207587,-0.151765,0.284872,-0.157896,-0.259712,-0.021897
-1.831102,0.734176,0.934450,-0.104424,-0.216539,0.965606,-0.099052,3.086719,-1.125161,0.566800,0.430770,0.879654,-0.727685,0.513833,-1.029638,-0.687934,0.234957,0.090196,0.408780,-0.467934,-0.248035,0.278310,0.128639,0.904735,-0.771951,0.840407,0.045682,-0.192857,0.588399,-0.787010,-0.094831,0.183427,-0.395964,-0.086329,-0.564729,-0.162789,-0.066051,0.122522,-0.413876,-0.212741,-0.090202,0.497531,0.460675,0.009307,-0.087698,-0.642145,4.839805,1.173792,0.613365,3.217371,-1.187169,1.535556,-11.984876,0.622969,-1.095640,1.735781,4.137074,-0.426372,1.075697,-0.506842,5.275020,-1.730460,0.970245,-0.011201,0.722103,0.184381,-4.030508,0.010486,-0.737325,-2.172508,-2.692042,-0.326111,0.335211,-0.622823,0.326171,0.009609,-0.577311,0.165531,0.006173,0.270444,-0.193422,-0.207249,0.162836,0.195791,-0.155543,0.283610,-0.155011,-0.253201,-0.031106
-1.896826,0.741319,0.935649,-0.098747,-0.204183,0.970045,-0.087014,3.112842,-1.031962,0.418905,1.342991,-0.476979,-1.200439,0.539455,-0.979953,-0.660378,0.181183,0.168446,0.395184,-0.459993,-0.171238,0.265588,0.215495,0.704002,-0.770392,0.780442,0.001776,-0.150341,0.566578,-0.728124,-0.102539,0.234629,-0.459072,-0.071412,-0.538895,-0.139940,-0.100679,0.020163,-0.417947,-0.238395,-0.128221,0.429099,1.281103,2.484242,1.377767,-2.688672,3.912505,-0.679804,0.397068,3.839859,-0.636077,4.342813,-10.036652,0.077963,-2.998229,-2.195287,2.125843,-1.091057,2.944305,-0.385372,2.560083,-3.155432,0.745831,1.291696,1.142434,-1.731445,-5.117979,-0.203545,-1.282659,-1.900928,-3.421579,-0.361073,0.312465,-0.606170,0.355660,0.020300,-0.584417,0.164660,0.012968,0.268499,-0.185027,-0.204541,0.160308,0.196998,-0.150799,0.275116,-0.138283,-0.252660,-0.032258
-1.962176,0.749084,0.933582,-0.086461,-0.186903,0.975865,-0.072656,3.161895,-0.889541,0.221599,1.828716,-1.122677,-1.509218,0.547801,-0.906987,-0.633710,0.116132,0.190004,0.356972,-0.422107,-0.166154,0.263153,0.344242,0.593130,-0.733302,0.664752,-0.034459,-0.153356,0.536607,-0.657631,-0.163892,0.207254,-0.501476,-0.028266,-0.491816,-0.103127,-0.170400,-0.079646,-0.421023,-0.225937,-0.171278,0.359340,0.417285,3.648274,1.333408,-3.252592,1.077921,-1.910596,1.894316,0.254223,-0.121768,6.437338,-5.543616,1.854514,-5.784536,-1.811741,-0.150758,-1.498571,3.524642,-3.067656,-1.368743,-2.120156,2.157306,2.353971,1.840678,-3.486045,-4.990454,-0.153797,0.622886,-2.152877,-3.487947,-0.396515,0.280975,-0.583486,0.351115,0.030165,-0.599140,0.166127,0.026195,0.260464,-0.169417,-0.200959,0.159328,0.208976,-0.139250,0.259932,-0.110197,-0.252810,-0.032063
-2.026370,0.758062,0.927392,-0.066568,-0.162137,0.982718,-0.059551,3.162083,-0.770947,-0.079138,2.502062,-1.953542,-1.473854,0.535542,-0.831275,-0.586297,0.033654,0.174330,0.301360,-0.383252,-0.169418,0.262858,0.522983,0.590405,-0.686550,0.551460,-0.045090,-0.022819,0.492150,-0.577079,-0.212183,0.176746,-0.543101,-0.014116,-0.432958,-0.102291,-0.193537,-0.187887,-0.393258,-0.250262,-0.217196,0.274714,-0.612918,3.785648,2.370640,-4.123869,-0.783709,-2.780611,1.942729,-0.163214,-0.014742,8.937036,-0.136237,2.337589,-5.664593,-0.531578,6.526821,-2.222859,4.027629,-2.414561,-1.525393,-2.081257,0.707509,2.942890,0.041781,-1.156808,-5.412054,1.388277,-1.216246,-2.295906,-4.231320,-0.426944,0.241991,-0.552326,0.313051,0.023092,-0.625754,0.166939,0.045522,0.248332,-0.146856,-0.198415,0.162498,0.224365,-0.121233,0.238436,-0.070515,-0.258299,-0.019674
-2.093988,0.765905,0.916535,-0.047244,-0.143555,0.987465,-0.045526,3.379596,-0.572580,-0.359661,1.873040,-1.824117,-1.593994,0.494215,-0.772293,-0.533428,-0.038579,0.175461,0.268566,-0.336140,-0.138746,0.258277,0.751836,0.703404,-0.596228,0.414580,-0.096569,-0.045344,0.433854,-0.557837,-0.224484,0.166404,-0.565069,-0.019294,-0.362918,-0.138472,-0.148973,-0.663513,-0.305533,-0.238501,-0.358130,0.745872,-2.066358,2.949092,2.643475,-3.611669,0.056554,-1.639727,2.355591,1.533602,-0.229027,11.442677,5.649967,4.516094,-6.843975,-2.573957,-1.126256,-2.914798,0.962089,-0.615074,-0.517099,-1.098391,-0.258891,3.502029,-1.809060,2.228167,-23.781292,4.386220,0.588059,-7.046677,23.557928,-0.443007,0.208502,-0.511674,0.246844,0.013538,-0.649408,0.158229,0.063711,0.237258,-0.124134,-0.204950,0.159820,0.235587,-0.101831,0.208559,-0.022126,-0.272539,-0.004645
-2.157910,0.773334,0.905520,-0.020603,-0.133571,0.990138,-0.036889,3.187522,-0.463422,-0.530556,0.938453,-2.563791,-1.200913,0.437196,-0.718015,-0.495153,-0.065592,0.203548,0.242543,-0.282697,-0.110477,0.275967,0.999966,0.872218,-0.495698,0.228587,-0.157611,-0.197621,0.410977,-0.582573,-0.236033,0.157714,-0.557534,-0.042531,-0.295550,-0.211571,-0.079450,-1.158287,-0.312455,-0.555683,-0.401227,0.697816,-2.850958,2.713906,1.913747,-1.350648,1.404371,-1.301123,2.672170,1.413438,0.884496,12.406487,8.440673,5.026538,-9.299682,-3.052090,-7.613851,-1.143821,-1.236814,-0.577450,-0.434518,0.376743,-1.161834,3.368393,-3.654922,3.476138,-24.738688,-0.346071,-15.859097,-2.154867,-2.402794,-0.443483,0.193463,-0.462379,0.164102,0.013086,-0.658050,0.150988,0.079271,0.227882,-0.097060,-0.217625,0.155313,0.246012,-0.077372,0.177608,0.033609,-0.281142,0.025253
-2.217897,0.777878,0.895282,0.000015,-0.129073,0.991449,-0.019211,2.990993,-0.202709,-0.567959,0.395024,-1.862669,-1.986552,0.328202,-0.644102,-0.420442,-0.042205,0.229415,0.243107,-0.195739,-0.103617,0.312210,1.245465,0.950104,-0.408291,0.022695,-0.219242,-0.258082,0.356492,-0.532784,-0.219112,0.115938,-0.565768,0.040100,-0.222631,-0.180304,-0.066684,-0.948383,-0.292068,-0.510515,-0.395250,0.627019,-5.449700,3.695625,3.735529,1.169339,1.293327,0.028213,4.347920,0.343009,1.812116,12.274916,3.894319,4.370350,-10.294570,-3.081546,-3.023050,-2.724279,2.489444,0.846062,-2.088810,-0.411695,4.131511,3.645960,1.563326,0.638310,10.495217,1.019340,2.258397,0.298845,-3.539858,-0.418335,0.179611,-0.428386,0.097732,0.018609,-0.660788,0.138758,0.090614,0.219970,-0.054881,-0.228689,0.143145,0.249558,-0.051271,0.141935,0.102745,-0.273791,0.034792
-2.274762,0.783973,0.889789,0.012756,-0.123477,0.992265,-0.000119,2.834363,-0.219876,-0.412932,0.509151,-1.060929,-2.042257,0.179667,-0.548143,-0.362456,-0.016749,0.285337,0.242592,-0.142619,-0.048493,0.330404,1.462062,0.977549,-0.269291,-0.170952,-0.252192,-0.369904,0.339205,-0.494853,-0.186604,0.100074,-0.522354,0.170137,-0.195934,-0.162481,-0.136995,-0.594682,-0.277096,-0.369592,-0.376757,0.329078,-7.426728,4.797971,2.899343,1.272798,2.796113,-0.025751,2.655990,2.756200,0.909697,10.829850,1.372247,6.949986,-9.682385,-1.647508,-5.591086,-0.864322,1.896561,1.625409,-0.793194,2.170663,6.501896,1.334850,0.891170,-3.515544,17.685061,0.748566,7.046150,0.924663,-14.897045,-0.372382,0.169833,-0.416734,0.035128,0.021213,-0.663555,0.120407,0.103920,0.217582,-0.017975,-0.234288,0.135910,0.245684,-0.012963,0.116920,0.162038,-0.256417,0.052634
-2.330920,0.789587,0.887129,0.017296,-0.105880,0.994126,0.014307,2.807052,-0.156200,-0.277195,1.721856,-0.281268,-1.528750,-0.000129,-0.461271,-0.289069,-0.006244,0.282170,0.229020,-0.101903,-0.004082,0.317486,1.641102,1.001153,-0.124740,-0.339444,-0.292383,-0.469643,0.335342,-0.478571,-0.133866,0.081115,-0.478122,0.275103,-0.197850,-0.167062,-0.185088,-0.314223,-0.242224,-0.245942,-0.425202,0.205154,-8.989797,4.343587,3.669327,0.525270,-0.158366,-0.678647,2.035807,2.220538,-0.645905,8.952047,1.180198,7.227557,-8.424551,-2.009554,-4.986939,-0.193149,0.814105,2.636886,-0.947925,2.211599,5.248270,-0.095836,-0.229077,-2.404644,14.022909,1.743645,6.182503,-2.422274,-6.196209,-0.314131,0.156415,-0.421993,-0.015655,0.002795,-0.665416,0.095563,0.119905,0.218726,0.016916,-0.235645,0.138301,0.230706,0.029673,0.102798,0.211120,-0.232875,0.083090
-2.388095,0.797386,0.887837,0.018116,-0.085229,0.995963,0.021554,2.871122,-0.258302,-0.124330,2.042758,0.021190,-0.794294,-0.192057,-0.368022,-0.197441,-0.001728,0.268529,0.205304,-0.078514,0.037479,0.293474,1.771455,0.997246,0.014168,-0.463205,-0.329449,-0.535148,0.360452,-0.475020,-0.063358,0.056289,-0.452229,0.298678,-0.230542,-0.206755,-0.205905,-0.307611,-0.254634,-0.238380,-0.322287,0.118839,-9.596406,4.662458,4.581379,0.225814,-0.682049,-1.185773,1.169407,2.078053,-1.200559,6.517623,-0.195345,6.945373,-6.188095,-1.853283,-3.275242,1.255457,0.177572,3.525412,-1.241318,1.294643,1.178767,-1.634609,-1.984646,-1.040855,0.330616,-0.620547,0.378068,5.145790,-4.315783,-0.251167,0.147577,-0.435642,-0.062673,-0.017001,-0.666938,0.067166,0.137277,0.221980,0.049641,-0.231624,0.147007,0.205420,0.071842,0.098120,0.245858,-0.206594,0.123936
-2.446753,0.804560,0.892324,0.015755,-0.064558,0.997368,0.028993,2.954418,-0.208250,0.094673,2.041054,0.338365,-0.786714,-0.382314,-0.263062,-0.085640,0.007094,0.250937,0.175474,-0.049885,0.087989,0.264017,1.836147,0.957573,0.126827,-0.553504,-0.360131,-0.587588,0.405416,-0.483397,0.008404,0.034395,-0.435523,0.290722,-0.266631,-0.243769,-0.341705,-0.324822,-0.212463,-0.191794,-0.371147,0.097799,-9.512862,5.247984,5.590067,0.441068,-0.879605,-1.491510,1.431473,2.525527,-1.472851,3.234587,-1.983674,5.632968,-4.514952,-1.534106,-2.622028,2.248235,-0.418857,3.588112,-1.094710,0.835303,-0.397820,-1.804441,-1.850675,-6.790015,-0.860547,2.108582,2.329300,-2.442997,-1.051963,-0.187591,0.138034,-0.457646,-0.107293,-0.038793,-0.669994,0.036466,0.153343,0.225426,0.081313,-0.222070,0.159024,0.176127,0.112319,0.095055,0.273597,-0.176550,0.161449
-2.509039,0.811063,0.902200,0.009631,-0.044186,0.998320,0.036215,3.139898,-0.138369,0.412970,2.006307,0.706981,-0.740996,-0.552602,-0.148443,0.036440,0.049443,0.218429,0.141326,-0.003888,0.138403,0.226482,1.828544,0.878450,0.216120,-0.603554,-0.377846,-0.605157,0.480897,-0.529400,0.071711,0.038381,-0.413217,0.256981,-0.299715,-0.288342,-0.417643,-0.382364,-0.163509,-0.201395,-0.436319,0.093216,-8.514416,5.730971,6.104015,2.117471,-1.625372,-1.707382,2.299865,2.520705,-1.876772,-0.380106,-3.956156,4.464638,-2.502464,-0.885753,-0.878441,3.774036,-2.300136,3.165363,0.199324,1.115340,-1.687023,-1.654172,-2.228678,-3.796870,-2.877078,2.447687,-0.480063,-3.258639,-0.229148,-0.124366,0.128568,-0.487026,-0.149148,-0.064209,-0.675182,0.003477,0.167664,0.229199,0.107490,-0.210491,0.173816,0.142895,0.150883,0.095020,0.289385,-0.147390,0.197899
-2.573857,0.814986,0.917811,0.009222,-0.022185,0.998756,0.043687,3.260877,0.054972,0.717353,2.189176,0.151194,-0.774121,-0.669542,-0.013604,0.151861,0.067854,0.162433,0.097196,0.054456,0.176434,0.208854,1.747333,0.759684,0.282607,-0.616264,-0.378075,-0.567676,0.581119,-0.536183,0.123056,0.065843,-0.392167,0.222868,-0.324306,-0.334379,-0.436032,-0.351543,-0.156724,-0.144737,-0.415994,0.088568,-5.846999,6.741910,5.771042,0.920557,-2.799805,-2.206519,2.917203,1.901540,-0.881410,-4.060558,-5.938302,3.324355,-0.635515,-0.011437,1.874079,5.011091,-0.339194,2.567245,1.373055,1.052469,-1.705672,-1.229570,-2.301844,-0.919482,1.541033,0.339267,2.832926,1.016255,-0.232435,-0.065799,0.111468,-0.522242,-0.196281,-0.094665,-0.678836,-0.025526,0.181279,0.231205,0.128791,-0.191281,0.185789,0.108956,0.184921,0.093501,0.299926,-0.112011,0.221021
-2.642594,0.817816,0.937714,0.002729,0.005718,0.998830,0.047947,3.439437,0.199820,0.976047,2.752938,0.785962,-0.437807,-0.750415,0.105819,0.254547,0.056780,0.082843,0.035352,0.123967,0.205723,0.184381,1.602860,0.620468,0.346315,-0.597822,-0.369489,-0.475227,0.676499,-0.551185,0.150722,0.120576,-0.368679,0.180069,-0.335182,-0.367219,-0.427492,-0.302103,-0.179411,-0.152429,-0.419766,0.089666,-4.043627,5.971146,5.134285,-0.553717,-3.979504,-3.092219,3.475519,1.464418,-1.223613,-7.223657,-6.960794,3.185391,0.922118,0.429309,4.622447,4.769002,-0.750087,1.383258,2.736680,1.174420,-2.139957,-0.543787,-1.641980,0.427024,2.472003,-1.134381,-0.384595,-0.188610,0.054938,-0.001071,0.084210,-0.561044,-0.232229,-0.135427,-0.681644,-0.056048,0.193706,0.228846,0.140152,-0.170768,0.200824,0.072876,0.212382,0.089034,0.300355,-0.079328,0.242222
-2.713501,0.818365,0.960363,-0.009285,0.034475,0.998056,0.051087,3.504070,0.413429,1.184685,2.803210,1.354200,-0.325565,-0.800103,0.202169,0.353272,0.014374,-0.011506,-0.038568,0.187845,0.214690,0.153786,1.397515,0.466900,0.405886,-0.544505,-0.325399,-0.318989,0.768069,-0.554672,0.159869,0.192709,-0.344458,0.131384,-0.339091,-0.394297,-0.419617,-0.296022,-0.208105,-0.149724,-0.413151,0.057939,-2.484417,4.817518,4.936241,-2.120284,-4.717459,-3.695985,3.193936,0.448373,-1.529752,-10.267257,-7.678392,2.978549,2.665835,2.204510,7.811861,4.578501,-0.174331,0.457375,3.606662,1.211021,-2.434239,-0.195436,-1.353890,0.393750,0.304051,-1.434672,0.135223,0.330766,-1.586392,0.072517,0.049134,-0.597272,-0.253191,-0.181005,-0.683732,-0.089264,0.203541,0.222147,0.142706,-0.148731,0.216021,0.034697,0.233924,0.081332,0.293985,-0.047347,0.258399
-2.787852,0.819376,0.981182,-0.022986,0.060526,0.996056,0.060669,3.636890,0.532444,1.181369,2.533332,1.488808,-0.982835,-0.819374,0.289067,0.445729,-0.033573,-0.098065,-0.110968,0.228102,0.235754,0.126728,1.164609,0.304719,0.481147,-0.487271,-0.268051,-0.101653,0.836030,-0.551067,0.150327,0.242515,-0.289359,0.097605,-0.342162,-0.422870,-0.416361,-0.305806,-0.232843,-0.145215,-0.421520,0.046577,-0.963529,4.344922,4.622879,-2.397360,-4.327940,-3.620008,2.012847,1.053193,-1.352917,-11.645290,-8.109020,3.763071,2.861721,2.867396,10.866813,3.398044,0.180247,-0.477077,2.490286,2.754973,-1.688955,-0.153548,-1.428687,0.162779,-0.489206,-1.236920,0.225486,-0.418461,-0.568068,0.145688,0.018572,-0.622640,-0.264571,-0.227493,-0.682166,-0.123268,0.206532,0.213485,0.141135,-0.127524,0.229052,-0.005500,0.250172,0.072046,0.282396,-0.015747,0.270444
-2.861070,0.822152,0.997589,-0.033386,0.080490,0.993695,0.070554,3.571241,0.524787,1.032107,1.956526,1.112991,-1.009970,-0.810495,0.360992,0.531340,-0.071984,-0.163560,-0.167653,0.244005,0.251027,0.124133,0.914527,0.174545,0.552547,-0.442250,-0.216959,0.115405,0.889583,-0.549136,0.133686,0.235737,-0.204159,0.060715,-0.366264,-0.447609,-0.428186,-0.236816,-0.236909,-0.137140,-0.445984,0.077155,0.443929,3.596251,4.280529,-1.920545,-3.274776,-2.834210,0.795105,0.763647,-0.129766,-12.504132,-6.508739,3.569998,2.251006,2.554608,10.852927,2.677659,0.096551,-0.832074,-0.338886,4.260011,-1.844493,-1.205139,-1.236953,-0.591217,3.449481,-0.203282,0.403753,-1.223203,1.528912,0.214274,-0.000221,-0.638081,-0.273352,-0.262244,-0.675082,-0.150672,0.204902,0.206803,0.141758,-0.108460,0.237299,-0.040490,0.262541,0.066904,0.274661,0.010956,0.276898
-2.930531,0.824392,1.007972,-0.031482,0.086601,0.992781,0.076777,3.402334,0.526113,0.701012,0.647527,-0.188636,-0.590882,-0.757157,0.429469,0.588292,-0.099174,-0.188226,-0.183812,0.224476,0.244314,0.135141,0.652073,0.116150,0.636543,-0.413900,-0.149904,0.240934,0.916047,-0.546628,0.097226,0.201715,-0.113251,0.049975,-0.389096,-0.485546,-0.447092,-0.166335,-0.237180,-0.163868,-0.439817,0.186988,2.666929,3.423827,2.847625,-1.359481,-1.233279,-0.807971,-0.976411,-0.335655,0.550433,-13.122690,-2.919720,4.199806,1.417505,3.352744,6.276410,1.323225,0.125385,-1.823020,-1.701114,4.545408,-0.536993,-1.141569,-1.896823,-0.945297,3.524064,-0.013565,-1.336413,0.308374,5.491652,0.264082,-0.001546,-0.651330,-0.298059,-0.272597,-0.660725,-0.166698,0.198288,0.209629,0.145033,-0.098611,0.238201,-0.068746,0.268272,0.068624,0.267480,0.026420,0.276789
-3.001867,0.827095,1.013856,-0.027921,0.076892,0.993578,0.078177,3.518185,0.481192,0.466533,-0.938363,-0.449531,-0.138210,-0.699111,0.490252,0.619820,-0.107301,-0.161138,-0.173208,0.158451,0.243705,0.121283,0.428439,0.141067,0.718537,-0.384067,-0.107377,0.154866,0.931974,-0.552534,0.059763,0.208909,-0.028514,0.048803,-0.407814,-0.501981,-0.497082,-0.221141,-0.286291,-0.196548,-0.419019,0.141085,2.902297,3.039148,1.576364,-0.406368,1.354403,0.530206,-3.301290,-0.030436,-0.692902,-11.181677,1.245844,4.099698,1.491650,2.126352,-4.303376,0.796350,-0.295300,-1.873152,0.359690,4.236839,-0.058590,-0.935923,-0.821765,-2.499502,-2.740311,-2.455528,-1.634011,1.039887,-2.295187,0.299514,0.017778,-0.658796,-0.337795,-0.257791,-0.641709,-0.178110,0.187755,0.218265,0.145426,-0.099465,0.237041,-0.090332,0.271072,0.081366,0.261897,0.028150,0.275581
-3.072717,0.828894,1.014861,-0.025930,0.067430,0.994011,0.081991,3.501343,0.508445,0.205585,-0.915647,-0.306143,-0.388375,-0.653850,0.531321,0.631254,-0.105382,-0.139095,-0.159647,0.094871,0.235561,0.106630,0.267946,0.178097,0.793219,-0.369009,-0.108110,0.136713,0.907596,-0.545080,0.051130,0.234632,0.051483,0.074255,-0.436577,-0.516087,-0.478390,-0.200743,-0.310030,-0.215108,-0.410103,0.173340,2.263024,2.053468,0.571729,0.095965,1.102154,0.678047,-3.178988,-0.407202,-0.732665,-8.024662,1.851473,3.734107,0.752913,-0.036693,-0.907668,-1.218937,0.372685,-0.431628,1.286176,3.999862,1.272592,-1.438146,-0.705274,0.934570,1.019911,-1.186957,-0.927987,0.445786,1.612750,0.322682,0.036492,-0.659223,-0.369481,-0.245378,-0.622715,-0.184524,0.176605,0.225188,0.144816,-0.101856,0.234778,-0.104266,0.269003,0.093612,0.255612,0.028580,0.272906
-3.141800,0.830881,1.011485,-0.025645,0.050103,0.995059,0.081785,3.429287,0.457427,-0.009385,-1.723782,-0.178507,-0.007852,-0.632188,0.547156,0.632376,-0.089539,-0.099283,-0.124141,0.011866,0.207849,0.076918,0.187612,0.234002,0.821790,-0.329262,-0.129289,0.167168,0.868450,-0.539698,0.066196,0.261800,0.090039,0.082592,-0.454756,-0.528267,-0.419477,-0.158775,-0.350821,-0.241481,-0.379875,0.222058,1.083122,0.791719,0.056094,0.792145,1.990569,1.775312,-4.150225,-1.385628,-1.485589,-4.016725,2.795249,1.428519,1.987356,-1.058906,1.522792,-1.957265,0.269125,0.753287,1.358382,1.927784,0.416855,-0.908929,-0.609022,2.945670,2.098381,-2.039535,-1.318640,1.511415,2.435922,0.335702,0.062701,-0.658175,-0.393401,-0.219608,-0.608359,-0.186685,0.162306,0.232716,0.141940,-0.112450,0.228984,-0.108775,0.262895,0.109898,0.251597,0.016150,0.268438
-3.210793,0.832744,1.006597,-0.025584,0.026332,0.996529,0.074718,3.433789,0.414490,-0.076187,-2.380888,-0.174056,0.665791,-0.622351,0.541884,0.621877,-0.073461,-0.049047,-0.072034,-0.075591,0.145946,0.034342,0.189692,0.320310,0.792998,-0.255202,-0.129796,0.188291,0.817768,-0.530599,0.084216,0.261800,0.084132,0.076238,-0.451853,-0.534590,-0.334434,-0.097111,-0.322386,-0.236716,-0.321063,0.277773,0.491814,-0.263570,-0.524949,0.803905,2.511799,2.605350,-4.372852,-3.095107,-2.128835,0.104022,4.315400,-1.439566,3.702995,-0.025383,1.056145,-2.534139,0.454952,0.901021,0.000000,-0.295359,-0.317737,0.145140,-0.316146,4.252131,3.083229,1.421741,0.238230,2.940618,2.785740,0.331558,0.088804,-0.662619,-0.413166,-0.180560,-0.593746,-0.184245,0.147430,0.237751,0.134689,-0.130310,0.219153,-0.102922,0.255751,0.122760,0.250636,-0.007709,0.257914
-3.281082,0.829276,0.998486,-0.008524,0.025952,0.997387,0.066883,3.467777,0.621517,-0.366541,0.063262,-1.691134,0.817244,-0.566267,0.551078,0.597744,-0.097409,-0.081639,-0.049283,-0.079969,0.072462,0.045161,0.212882,0.454791,0.749908,-0.168469,-0.138975,0.169301,0.763288,-0.501953,0.100389,0.261800,0.073850,0.080923,-0.448962,-0.521831,-0.300183,-0.016740,-0.325626,-0.236248,-0.353982,0.343815,2.804202,0.459695,-1.206658,-1.197413,-1.629554,1.137541,-0.218904,-3.674235,0.540980,1.159490,6.724097,-2.154518,4.336634,-0.458954,-0.949495,-2.723970,1.432286,0.808662,0.000000,-0.514091,0.234265,0.144532,0.637932,1.712568,4.018545,-0.162028,0.023413,-1.645948,3.302094,0.292541,0.076092,-0.682353,-0.443731,-0.183153,-0.553809,-0.173727,0.146778,0.237311,0.126338,-0.139942,0.211263,-0.087950,0.254915,0.125344,0.253229,-0.022829,0.234076
-3.348760,0.826547,0.988129,0.010023,0.024042,0.997846,0.060208,3.333341,0.514793,-0.601038,-0.077141,-1.853853,0.692523,-0.506992,0.527526,0.551022,-0.111188,-0.129453,-0.025552,-0.071411,-0.017047,0.057486,0.254081,0.638256,0.706423,-0.092464,-0.102874,0.132176,0.671923,-0.470860,0.084301,0.205127,0.040482,0.115817,-0.427058,-0.483742,-0.223523,0.035180,-0.339707,-0.235509,-0.321174,0.379393,2.963771,-1.177625,-2.336079,-0.688951,-2.390738,1.186558,0.427892,-4.475418,0.616243,2.059979,9.173210,-2.174258,3.800258,1.805055,-1.856266,-4.568239,1.554644,-0.804428,-2.833671,-1.668385,1.744702,1.095234,1.904460,3.832976,2.595974,-0.704034,0.036949,1.640389,1.778930,0.244029,0.067719,-0.702079,-0.460728,-0.180099,-0.512810,-0.158830,0.146334,0.234860,0.114821,-0.150734,0.204091,-0.067066,0.249231,0.120862,0.252477,-0.039004,0.205320
-3.417015,0.829047,0.971894,0.027443,0.014064,0.998321,0.049039,3.360183,0.182179,-0.998743,-0.872028,-1.779727,1.148619,-0.461039,0.495016,0.482540,-0.106824,-0.169144,0.002027,-0.070908,-0.119100,0.071734,0.286190,0.825549,0.626688,-0.036735,0.050249,0.080164,0.606248,-0.452001,0.088188,0.075263,0.003623,0.139135,-0.398892,-0.430995,-0.204463,0.075058,-0.298723,-0.210361,-0.334687,0.435169,2.297634,-1.625471,-3.424126,0.218208,-1.984516,1.378913,0.025163,-5.102673,0.712398,1.605445,9.364651,-3.986760,2.786447,7.656162,-2.600593,-3.283788,0.942970,0.194334,-6.493162,-1.842976,1.165897,1.408300,2.637346,0.953022,1.993927,2.049213,1.257393,-0.675673,2.788787,0.203813,0.071591,-0.715425,-0.465728,-0.157311,-0.476707,-0.137791,0.151758,0.232003,0.101795,-0.162917,0.197582,-0.033999,0.248645,0.117532,0.251776,-0.061354,0.177132
-3.479121,0.828722,0.955012,0.044530,0.014813,0.998507,0.027951,3.012832,0.158386,-1.119548,0.201369,-1.677814,2.122029,-0.464079,0.451732,0.385292,-0.139099,-0.244518,0.004183,-0.052759,-0.215820,0.105450,0.482057,1.028072,0.546138,0.021655,-0.043388,0.005191,0.545191,-0.447280,0.117643,-0.026900,-0.008465,0.148435,-0.370826,-0.397887,0.000418,0.045542,-0.250563,-0.176768,-0.310327,0.475432,-0.151979,-2.164200,-4.862381,-1.613765,-3.768719,0.107817,0.907433,-4.835968,1.685809,9.793334,10.126185,-4.027473,2.919529,-4.681855,-3.748689,-3.052839,0.236038,1.472774,-5.108147,-0.604403,0.465000,1.403274,1.655389,10.244024,-1.475827,2.408003,1.679658,1.218006,2.013129,0.144267,0.055942,-0.718452,-0.457057,-0.141163,-0.442877,-0.110325,0.164770,0.225179,0.083774,-0.172663,0.196882,0.007177,0.248627,0.108052,0.243985,-0.089376,0.152891
-3.533282,0.829176,0.939306,0.057622,0.033445,0.997673,0.014504,2.600134,-0.008399,-1.090797,1.943895,-1.288011,1.251471,-0.477879,0.364479,0.306030,-0.200260,-0.349877,-0.048447,-0.011773,-0.235540,0.162074,0.691810,1.239624,0.378363,0.052524,-0.184144,-0.069455,0.469055,-0.431320,0.145618,-0.078986,-0.151851,0.171245,-0.352540,-0.354184,-0.337390,-0.021859,-0.175685,-0.136880,-0.075336,0.364078,-0.690000,-4.362656,-3.963099,-3.058075,-5.267947,-2.631510,2.049286,-0.986005,2.831180,10.487678,10.577597,-8.388781,1.543435,-7.037811,-3.732264,-3.806791,0.797998,1.398727,-2.604331,-7.169293,1.140506,0.914300,2.185194,-16.890388,-3.370034,3.743870,1.994404,11.749589,-5.567710,0.085136,0.020824,-0.705113,-0.428981,-0.153135,-0.418930,-0.075980,0.184583,0.202192,0.071049,-0.167672,0.205403,0.065062,0.229347,0.083501,0.235131,-0.102035,0.134680
-3.586155,0.829949,0.931600,0.068868,0.067978,0.995279,-0.007488,2.564863,-0.154180,-0.732538,3.598725,-1.085346,1.989633,-0.415243,0.254747,0.207345,-0.295908,-0.434913,-0.137785,0.001980,-0.189291,0.205091,0.724799,1.413408,0.229308,0.099393,-0.236764,-0.121791,0.427395,-0.409572,0.137795,-0.041674,-0.212564,0.188795,-0.331479,-0.309599,-0.399362,-0.015819,-0.196135,-0.113323,-0.101969,0.388445,3.131807,-5.486604,-4.934234,-4.782353,-4.251819,-4.466887,0.687671,2.312406,2.150850,1.649409,8.689166,-7.452742,2.343433,-2.630965,-2.616789,-2.083013,1.087393,-0.391148,1.865620,-3.035660,0.877509,1.053044,2.229221,-3.098604,0.301995,-1.022484,1.177824,-1.331686,1.218358,0.031203,-0.028542,-0.696176,-0.394528,-0.176329,-0.402998,-0.039011,0.205722,0.174541,0.051151,-0.156169,0.220042,0.119230,0.212770,0.067966,0.216345,-0.119756,0.124214
-3.639313,0.834394,0.928846,0.078051,0.074573,0.993749,-0.028455,2.589257,-0.420501,-0.501582,0.810371,-0.777425,2.108310,-0.323211,0.118123,0.112571,-0.337343,-0.386579,-0.173676,-0.035931,-0.118433,0.221080,0.740725,1.536676,0.079595,0.181004,-0.305924,-0.152286,0.422403,-0.391489,0.159141,-0.031722,-0.257694,0.188861,-0.314200,-0.280636,-0.366773,0.031401,-0.182758,-0.094047,-0.078804,0.402540,4.601569,-6.831187,-4.738746,-2.071779,2.416734,-1.794570,-1.895538,3.542942,0.799452,0.796324,6.163430,-7.485661,4.080549,-3.458012,-1.524792,-0.249574,0.904142,1.067326,0.497585,-2.256479,0.003312,0.863965,1.448135,1.629460,2.360996,0.668844,0.963811,1.158279,0.704787,-0.027701,-0.035596,-0.692734,-0.353771,-0.173209,-0.410415,-0.001607,0.214523,0.160401,0.028371,-0.152012,0.227517,0.167842,0.192108,0.071748,0.187894,-0.145014,0.111934
-3.692447,0.839851,0.930230,0.089595,0.063682,0.993257,-0.036843,2.602663,-0.486349,-0.356544,-1.053750,-1.013327,1.031231,-0.216925,-0.021613,0.034446,-0.323674,-0.273435,-0.164186,-0.087389,-0.048298,0.236295,0.760753,1.613740,-0.064638,0.266943,-0.394092,-0.170090,0.418681,-0.389180,0.157209,-0.022800,-0.270024,0.171207,-0.315389,-0.278678,-0.312781,0.069757,-0.176019,-0.096989,-0.115907,0.442126,5.314293,-6.986809,-3.906231,0.683438,5.657191,0.474507,-2.572918,3.506742,0.760760,1.001378,3.853186,-7.211649,4.296956,-4.408410,-0.890171,-0.186102,0.115454,-0.096602,0.446087,-0.616518,-0.882737,-0.059460,0.097934,2.699625,1.917807,0.336979,-0.147121,-1.855149,1.979265,-0.090152,-0.011675,-0.690257,-0.310516,-0.164028,-0.431187,0.033413,0.212366,0.157940,0.009667,-0.154353,0.229845,0.209155,0.171320,0.090805,0.158550,-0.168843,0.101343
-3.744277,0.845466,0.934666,0.091290,0.052047,0.993777,-0.036941,2.564373,-0.471901,-0.212407,-1.159108,-0.093404,0.137433,-0.129629,-0.179699,-0.030538,-0.291027,-0.180408,-0.151142,-0.120176,0.005259,0.237844,0.762369,1.657502,-0.204787,0.342934,-0.466923,-0.199398,0.445111,-0.411972,0.141118,-0.003606,-0.267481,0.141848,-0.330621,-0.303203,-0.237165,-0.003738,-0.163763,-0.086353,-0.170688,0.534024,4.364813,-7.904307,-3.249187,1.632393,4.651316,0.652220,-1.639330,2.677851,0.077452,0.080805,2.188116,-7.007434,3.799563,-3.641556,-1.465412,1.321469,-1.139567,-0.804554,0.959708,0.127146,-1.467920,-0.761607,-1.226244,3.780789,-3.674733,0.612777,0.531809,-2.739061,4.594936,-0.136990,0.014126,-0.686414,-0.256863,-0.160441,-0.462713,0.063549,0.209334,0.159876,-0.007410,-0.157533,0.233351,0.242335,0.154436,0.118240,0.132278,-0.188607,0.100046
-3.794417,0.849407,0.941819,0.087552,0.042920,0.994651,-0.034086,2.514182,-0.356297,-0.060488,-0.915420,0.412858,-0.214776,-0.035088,-0.338301,-0.099297,-0.256239,-0.157483,-0.136986,-0.141979,0.020868,0.234323,0.709615,1.648595,-0.325083,0.380473,-0.502737,-0.208916,0.474490,-0.442995,0.129812,-0.013816,-0.273210,0.159824,-0.335426,-0.310871,-0.115257,0.162667,-0.186724,-0.092868,0.117366,0.381746,4.727040,-7.930089,-3.437955,1.739374,1.146287,0.707771,-1.090182,0.780450,-0.176050,-2.637691,-0.445378,-6.014805,1.876966,-1.790696,-0.475894,1.468950,-1.551186,-0.565278,-0.510503,-0.286424,0.898787,-0.240218,-0.383419,6.095367,8.320239,-1.148037,-0.325754,14.402697,-7.613928,-0.176137,0.033084,-0.685374,-0.195877,-0.161836,-0.501556,0.091101,0.203263,0.164595,-0.022219,-0.160960,0.235132,0.266974,0.132643,0.145035,0.110077,-0.199512,0.097361
-3.847869,0.854075,0.952333,0.083453,0.028602,0.995559,-0.032859,2.703806,-0.393074,0.093027,-1.417122,0.476856,-0.011039,0.067717,-0.457723,-0.176561,-0.200937,-0.160657,-0.113653,-0.162795,-0.009867,0.224644,0.626231,1.577585,-0.421372,0.404809,-0.500537,-0.245984,0.518189,-0.497597,0.092617,-0.019283,-0.274501,0.153486,-0.348896,-0.314156,-0.114864,0.152963,-0.201814,-0.105871,0.123903,0.371743,5.140272,-5.971116,-3.863197,2.765089,-0.158690,1.166653,-1.040781,-1.536743,-0.483937,-4.169177,-3.550488,-4.814439,1.216797,0.110005,-1.853398,2.184969,-2.730075,-1.859777,-0.273328,-0.064548,-0.316918,-0.673500,-0.164233,0.019680,-0.485200,-0.754503,-0.650120,0.326854,-0.500157,-0.213828,0.060728,-0.685396,-0.136465,-0.154405,-0.544318,0.115880,0.194133,0.173671,-0.038721,-0.166899,0.235886,0.284659,0.108945,0.173163,0.088248,-0.215892,0.097232
-3.900460,0.857912,0.965690,0.080261,0.012246,0.996164,-0.032652,2.685302,-0.354820,0.246373,-1.614696,0.400532,0.098485,0.162543,-0.531526,-0.256779,-0.136206,-0.156042,-0.079262,-0.169969,-0.058002,0.231251,0.534815,1.435279,-0.477093,0.410359,-0.459141,-0.223277,0.546933,-0.558295,0.037368,-0.035239,-0.320136,0.163953,-0.380816,-0.308499,-0.250505,0.183912,-0.244019,-0.087580,0.112715,0.399218,4.741309,-3.690135,-4.010887,3.236566,0.230723,1.719552,-0.358718,-2.406749,0.330317,-4.570822,-7.115323,-2.786035,0.277498,2.069793,1.135365,1.437222,-3.034920,-2.762443,-0.797819,-2.281771,0.523389,-1.596002,0.282848,-6.782039,1.547430,-2.110268,0.914535,-0.559428,1.373740,-0.246906,0.090923,-0.683443,-0.075940,-0.141354,-0.591517,0.137071,0.179569,0.183028,-0.052949,-0.175109,0.233745,0.289892,0.074725,0.190854,0.067064,-0.230578,0.090173
-3.954918,0.861828,0.981188,0.075708,-0.004403,0.996260,-0.041405,2.782642,-0.429628,0.353749,-1.572990,0.546598,0.986132,0.244813,-0.557581,-0.352925,-0.062261,-0.187343,-0.045494,-0.183445,-0.154684,0.238189,0.445661,1.247526,-0.520440,0.410248,-0.393244,-0.199128,0.602043,-0.608039,-0.055678,-0.064292,-0.332563,0.170681,-0.413992,-0.297816,-0.301296,0.218787,-0.286164,-0.094513,0.079139,0.427581,4.113468,-1.302740,-4.807334,3.697240,-1.565057,1.688434,-0.673763,-4.834137,0.346925,-4.457682,-9.387605,-2.167391,-0.005554,3.294836,1.207443,2.755463,-2.487211,-4.652295,-1.452624,-0.621332,0.336397,-1.658816,0.534150,-2.539551,1.743788,-2.107245,-0.346657,-1.678787,1.418153,-0.273270,0.130193,-0.679609,-0.014745,-0.124705,-0.635773,0.158462,0.162830,0.193593,-0.070791,-0.180082,0.230338,0.294273,0.042965,0.208105,0.042035,-0.243424,0.083322
-4.016149,0.866035,0.998116,0.073837,-0.018538,0.995395,-0.058253,3.105016,-0.593921,0.374012,-1.285258,0.255281,1.774861,0.367343,-0.531182,-0.439547,-0.004361,-0.174794,-0.022200,-0.270971,-0.225354,0.233818,0.291635,1.016605,-0.553223,0.432270,-0.258308,-0.161601,0.658817,-0.639138,-0.143732,-0.040811,-0.338098,0.155284,-0.430353,-0.288075,-0.275158,0.226518,-0.347167,-0.107099,0.009380,0.513544,6.126521,1.319933,-4.331077,2.895026,0.627471,1.164697,-4.376298,-3.533459,-0.218581,-7.701296,-11.546060,-1.639127,1.101097,6.746805,1.876318,2.838710,-1.554914,-4.402708,1.174055,-0.276739,-0.769844,-0.818046,0.487029,1.306893,0.386518,-3.050121,-0.629319,-3.487965,4.298191,-0.303176,0.173915,-0.672070,0.036729,-0.109880,-0.674956,0.174286,0.147936,0.203312,-0.090477,-0.178607,0.229002,0.294311,0.017318,0.223246,0.013624,-0.252546,0.079909
