-0.439369,-2.653083,0.974689,-0.079913,0.000491,0.806220,0.586194,3.609866,-1.254512,0.119725,1.677534,-0.525655,-1.404832,0.572928,-0.838713,-0.684866,0.119119,0.048997,0.277494,-0.295011,-0.111451,0.206263,0.314247,0.431343,-0.840545,0.845271,-0.008786,-0.031036,0.776940,-0.817960,-0.034997,0.050539,-0.566580,-0.233131,-0.448299,0.068415,0.804405,-0.014660,-0.234808,-0.262759,0.458903,0.468249,-0.427802,1.515561,2.526560,-2.687064,-0.415526,-1.278805,2.093878,-1.517085,-1.407397,6.211262,-1.759854,2.268283,-3.039477,-0.078138,0.086993,-2.725006,2.852446,-2.295641,-0.203158,-0.675568,1.359724,2.014298,0.078009,3.193697,-5.470151,5.766579,-0.777674,2.637785,-6.546580,-0.414240,0.253185,-0.579024,0.375712,-0.062184,-0.616827,0.181202,0.040746,0.281199,-0.192654,-0.186006,0.198587,0.226338,-0.135009,0.271628,-0.202986,-0.285588,0.005099
-0.435341,-2.576341,0.967029,-0.063335,0.009843,0.800104,0.596427,3.644162,-1.276063,-0.047549,1.803328,-0.733364,-1.114223,0.524036,-0.812962,-0.638949,0.092121,0.015142,0.238451,-0.212277,-0.178134,0.172840,0.489767,0.473635,-0.750015,0.757871,0.005823,-0.004941,0.712411,-0.748941,-0.091806,0.031252,-0.559868,-0.195419,-0.409859,0.078689,0.809394,-0.096692,-0.239162,-0.263048,0.386918,0.403113,-2.444571,1.287558,2.295832,-1.349890,-1.692737,-1.952177,4.136731,-3.334133,-1.671142,8.775993,2.114596,4.526459,-4.369971,0.730421,1.304736,-3.226475,3.450955,-2.840495,-0.964375,0.335613,1.885597,1.921996,0.513683,0.249430,-4.101604,-0.217697,-0.014424,-3.599209,-3.256818,-0.429176,0.226703,-0.556806,0.351781,-0.062236,-0.629812,0.174290,0.062377,0.269215,-0.180788,-0.181289,0.198174,0.234246,-0.111905,0.257167,-0.174135,-0.287004,0.007016
-0.433974,-2.500853,0.956598,-0.040215,0.012806,0.792662,0.608199,3.659184,-1.031839,-0.261742,1.667606,-1.647656,-1.344249,0.460688,-0.764704,-0.579675,0.083442,0.032622,0.195191,-0.108533,-0.144580,0.166979,0.708258,0.529124,-0.652390,0.662364,-0.014631,0.126825,0.635317,-0.664843,-0.059989,-0.007856,-0.551788,-0.172882,-0.372929,0.089079,0.814553,-0.166032,-0.256254,-0.256827,0.333741,0.351366,-3.167406,2.412878,2.963716,-0.433946,0.873989,-2.163005,5.187180,1.677665,-0.293043,10.924585,2.774459,4.881248,-4.775331,-1.022707,6.588309,-3.854686,4.204890,1.590854,-1.955391,0.404028,1.126884,1.846504,0.519513,0.257944,-3.466991,-0.854590,0.311020,-2.658890,-2.587363,-0.438404,0.195349,-0.524601,0.305282,-0.059704,-0.651675,0.167364,0.083559,0.252406,-0.160370,-0.180713,0.197894,0.243152,-0.086575,0.233023,-0.136642,-0.290736,0.009529
-0.430996,-2.428001,0.943651,-0.024352,0.010645,0.779909,0.625329,3.552045,-0.929352,-0.478695,0.875099,-1.359612,-2.120451,0.375779,-0.758227,-0.505548,0.115989,0.075629,0.168396,-0.006585,-0.122179,0.170311,0.950275,0.714613,-0.547334,0.549679,-0.107016,0.020587,0.581018,-0.582745,-0.022678,-0.070329,-0.527701,-0.151030,-0.325503,0.097029,0.842697,-0.182595,-0.199027,-0.234198,0.349211,0.247156,-4.245455,0.323885,3.706350,1.627336,2.150342,-1.339709,5.097392,1.120073,0.166583,12.100835,9.274440,5.252802,-5.634299,-4.619227,-5.311884,-2.714976,4.104901,1.865569,-3.123648,1.204321,1.092584,2.371336,0.397479,1.407194,-0.828132,2.861324,1.131443,0.773510,-5.210472,-0.430371,0.171792,-0.491155,0.242799,-0.041101,-0.660077,0.154814,0.104080,0.239515,-0.135185,-0.185452,0.192615,0.256279,-0.056145,0.207624,-0.087436,-0.295685,0.007654
-0.427724,-2.357663,0.929624,-0.016647,-0.001050,0.766924,0.641521,3.448854,-0.767007,-0.635890,-0.366167,-1.329433,-2.088631,0.270754,-0.729466,-0.425484,0.169714,0.126660,0.171976,0.045304,-0.117087,0.195313,1.188003,0.887533,-0.439694,0.417633,-0.212233,-0.146870,0.500912,-0.510902,0.011472,-0.032368,-0.507821,-0.130281,-0.249086,0.102571,0.800261,-0.184402,-0.243177,-0.240306,0.327028,0.186612,-5.251233,1.438026,4.003170,2.686266,2.551569,0.178998,2.594477,0.254592,1.250092,11.886387,8.645996,5.381995,-6.602275,-5.260853,-8.372857,-4.005292,3.592147,1.707521,1.898021,0.994011,1.037441,3.820847,0.277101,-2.121767,-0.090373,-2.207467,-0.305397,-1.109134,-3.027207,-0.404237,0.163747,-0.463508,0.171468,-0.019543,-0.660411,0.137631,0.115239,0.229214,-0.104776,-0.196235,0.180600,0.259105,-0.029454,0.173064,-0.027381,-0.297424,0.000312
-0.424250,-2.289461,0.919593,-0.016582,-0.019250,0.752541,0.658055,3.356235,-0.600601,-0.534025,-1.373655,-1.186258,-2.193225,0.135395,-0.653384,-0.349435,0.216473,0.195145,0.202475,0.032764,-0.121101,0.232501,1.401568,0.943805,-0.317438,0.262693,-0.283864,-0.221999,0.455131,-0.439029,0.020551,-0.005257,-0.465857,-0.102784,-0.185983,0.107281,0.832086,-0.121028,-0.248224,-0.232672,0.244117,0.159223,-6.767953,3.804116,3.802480,2.337967,3.424230,1.524907,-0.627021,-0.200676,1.859389,10.678253,2.813629,6.112830,-7.746984,-3.581562,-3.756451,-2.289022,3.593663,0.453908,1.355577,2.098192,1.374879,3.155128,0.235513,1.591223,3.168695,-0.252359,0.381731,-4.145566,-1.369475,-0.361998,0.171235,-0.447077,0.106965,0.010426,-0.662007,0.118062,0.121565,0.226320,-0.070311,-0.207579,0.162500,0.257932,0.004426,0.139988,0.039265,-0.290403,-0.010912
-0.422680,-2.221856,0.913576,-0.014285,-0.024455,0.737897,0.674318,3.355589,-0.363625,-0.361485,-0.264858,-0.470724,-2.195996,-0.027835,-0.555059,-0.275674,0.197321,0.254243,0.218717,-0.003746,-0.096041,0.240944,1.567933,0.957545,-0.165742,0.088834,-0.330137,-0.314503,0.410883,-0.396250,0.047735,-0.033738,-0.415070,-0.051127,-0.142112,0.122580,0.841097,-0.067075,-0.246275,-0.241530,0.217277,0.086587,-8.161525,4.916214,3.688039,-0.957634,2.954931,0.812124,-1.825484,1.252998,0.422188,8.318275,0.686984,7.584795,-8.692971,-2.313626,-4.625191,-2.212410,2.138938,1.359207,-1.424050,2.539373,2.582837,2.193570,0.764957,0.450552,2.697657,0.097432,-0.442931,-1.342006,-3.631786,-0.308047,0.169476,-0.449088,0.044482,0.026102,-0.664611,0.091448,0.129248,0.225635,-0.035763,-0.214448,0.149839,0.241352,0.044762,0.113952,0.109134,-0.277276,-0.006127
-0.422620,-2.153412,0.912004,-0.002656,-0.021333,0.728463,0.684747,3.412291,-0.210110,-0.172542,0.995252,-0.591484,-1.439875,-0.189219,-0.429982,-0.208818,0.129376,0.277928,0.207819,-0.041204,-0.044344,0.244225,1.683071,0.956062,-0.005762,-0.077658,-0.383689,-0.419609,0.403445,-0.399984,0.072413,-0.044577,-0.355950,-0.009061,-0.152488,0.120875,0.849786,-0.095478,-0.255522,-0.238886,0.159426,0.108182,-8.069169,6.253856,3.342825,-3.397226,1.184218,-0.544897,-1.872883,2.584816,0.164044,5.756905,-0.074155,7.998987,-8.324574,-2.677588,-5.255316,-0.371896,-0.186724,1.233916,-0.541933,2.955973,2.103300,-0.518836,-0.085280,0.434459,-1.420155,-0.462321,0.132239,-2.892524,1.079774,-0.252628,0.162299,-0.460153,-0.023823,0.018377,-0.668291,0.065445,0.140057,0.226338,-0.002262,-0.218498,0.147536,0.215181,0.086213,0.098337,0.171125,-0.266629,0.017639
-0.418369,-2.083757,0.911738,0.009762,-0.006510,0.721835,0.691966,3.469443,-0.359673,-0.092003,1.898385,0.148633,-1.022216,-0.364329,-0.309593,-0.128699,0.068099,0.273306,0.169975,-0.054564,0.012653,0.225991,1.740040,0.931933,0.140082,-0.215884,-0.416740,-0.501608,0.467796,-0.409520,0.116366,-0.047071,-0.300818,0.057455,-0.209047,0.080539,0.820950,-0.057391,-0.272940,-0.262698,0.152811,0.055259,-8.755514,6.019446,4.005942,-3.063842,-0.231074,-1.892200,-0.667997,2.849871,-0.911732,2.848432,-1.206436,7.292209,-6.911319,-1.652545,-4.099948,3.217548,-0.476767,2.197620,-0.124728,2.756609,3.325779,-2.827912,-2.016768,-1.441779,1.904338,-0.870909,-1.190599,-0.330785,-2.646171,-0.189211,0.152789,-0.483373,-0.081361,-0.001271,-0.671245,0.037883,0.158181,0.229854,0.029130,-0.215550,0.155441,0.184400,0.130734,0.097231,0.224669,-0.240352,0.060767
-0.413979,-2.012586,0.915132,0.020304,0.013204,0.710351,0.703430,3.557849,-0.246915,0.145002,2.113114,0.614760,-1.668303,-0.530372,-0.182182,-0.013035,0.038622,0.252348,0.126877,-0.034431,0.082895,0.202028,1.734351,0.868648,0.255220,-0.319297,-0.437189,-0.552822,0.555971,-0.463687,0.158882,-0.034633,-0.262998,0.121643,-0.263815,0.020595,0.753992,-0.068706,-0.311662,-0.274353,0.122124,0.051790,-8.302125,6.370568,5.783165,-1.473860,-1.047920,-2.154923,1.006633,3.512103,-1.198129,-0.284450,-3.164266,5.756896,-5.170647,-1.022460,-2.560683,4.408742,-2.708385,2.125805,0.621897,1.890992,3.209418,-2.738436,-2.997211,-3.347914,-0.565751,-1.936131,-0.582771,-1.534338,-0.173434,-0.122219,0.139392,-0.512546,-0.132738,-0.029337,-0.676001,0.005579,0.175565,0.233604,0.062588,-0.210108,0.168532,0.146697,0.171575,0.100308,0.267713,-0.202680,0.106884
-0.407968,-1.938077,0.923464,0.034598,0.030639,0.694366,0.718137,3.735148,-0.136515,0.415891,2.233819,0.173079,-2.188420,-0.642777,-0.030349,0.136885,0.026834,0.210288,0.077290,0.002940,0.147844,0.194707,1.652027,0.755268,0.322081,-0.361677,-0.424960,-0.541131,0.676039,-0.548136,0.187149,-0.009788,-0.249662,0.165091,-0.303866,-0.077009,0.669466,0.006424,-0.346573,-0.287444,0.098654,0.077251,-5.620251,7.591645,7.496005,-0.589425,-2.102990,-2.479311,1.868569,3.247454,-0.366047,-4.116209,-5.668994,3.343035,-2.118982,0.611438,0.584520,6.003416,-4.222420,1.413355,1.242233,0.666795,2.172379,-2.002530,-4.880214,-4.226306,3.756542,-1.745516,-0.654548,-1.173502,1.273032,-0.061944,0.123500,-0.546453,-0.188260,-0.061576,-0.679685,-0.027911,0.191553,0.235853,0.097069,-0.198396,0.183943,0.105064,0.208271,0.101497,0.295832,-0.154671,0.145581
-0.402368,-1.859489,0.938171,0.052960,0.051404,0.676431,0.732799,3.936458,0.143618,0.736756,2.775446,0.136195,-2.308277,-0.705267,0.120141,0.281070,0.029094,0.136696,0.002506,0.067332,0.213790,0.185603,1.506299,0.618891,0.399432,-0.373003,-0.411892,-0.467984,0.823182,-0.624097,0.239128,0.043512,-0.219341,0.199152,-0.349849,-0.162193,0.590031,0.030526,-0.370666,-0.285854,0.045473,0.095475,-3.124518,7.524491,7.209278,0.113028,-3.679590,-3.739242,3.219563,3.297298,-0.455181,-7.286414,-6.818844,3.867589,-0.566313,0.653413,3.657340,7.357148,-3.798062,2.598941,2.665030,1.516056,1.703085,-2.299133,-4.259173,-3.971766,1.205059,-1.204659,0.079516,-2.659021,0.911225,-0.002961,0.100015,-0.583839,-0.239702,-0.109024,-0.679083,-0.065444,0.207849,0.234737,0.122793,-0.177172,0.204711,0.057484,0.240615,0.100240,0.306973,-0.101318,0.178364
-0.395816,-1.779661,0.955570,0.067469,0.075742,0.657309,0.746764,3.978717,0.362128,0.913412,2.732298,0.674595,-2.381511,-0.735979,0.243385,0.425010,0.005675,0.042394,-0.071440,0.112715,0.255547,0.180779,1.311668,0.467927,0.457762,-0.345019,-0.372414,-0.326855,0.956678,-0.703464,0.252828,0.116878,-0.181869,0.216914,-0.380672,-0.239670,0.594774,0.023670,-0.424828,-0.311990,0.011003,0.118091,-1.535588,6.162204,7.196970,-1.170978,-4.715083,-3.697255,2.269156,2.087866,-0.241223,-9.731542,-7.548226,2.916474,1.399192,1.973904,7.056477,6.674802,-3.968349,0.685005,3.668294,1.873584,0.888107,-1.541163,-3.873876,0.237151,-0.342778,-2.708120,-1.306807,-1.723514,1.130773,0.060657,0.076191,-0.619384,-0.274665,-0.161342,-0.675933,-0.103940,0.216939,0.230246,0.140455,-0.152990,0.225004,0.009252,0.261571,0.096109,0.304449,-0.051542,0.201286
-0.388607,-1.699048,0.972001,0.078353,0.104892,0.636932,0.759721,3.978185,0.575461,0.945521,2.785892,1.273018,-2.469599,-0.743106,0.330273,0.559014,-0.007390,-0.057356,-0.157877,0.166351,0.290319,0.181135,1.081023,0.327928,0.524472,-0.312095,-0.332844,-0.137072,1.074744,-0.765901,0.255197,0.175036,-0.133522,0.234780,-0.394042,-0.299416,0.575163,0.029050,-0.457478,-0.325554,-0.002927,0.122476,-0.356388,4.344424,6.700226,-0.653218,-4.987506,-4.321860,2.681810,1.738585,0.017793,-11.532245,-6.999929,3.335512,1.646214,1.978506,9.489124,5.903296,-3.121852,0.118445,2.907905,2.417366,0.893271,-0.668509,-2.987296,-0.980524,0.269022,-1.632495,-0.678233,-0.696496,0.219244,0.130778,0.052973,-0.647014,-0.290615,-0.217189,-0.670472,-0.143117,0.221464,0.220074,0.149771,-0.123726,0.246114,-0.039781,0.275122,0.084227,0.292937,-0.002998,0.218829
-0.381391,-1.617879,0.984676,0.084528,0.130664,0.615853,0.772338,3.963275,0.771408,0.836709,2.205959,1.319170,-2.532740,-0.728812,0.394717,0.683099,-0.038002,-0.142726,-0.232616,0.173912,0.310126,0.186378,0.820052,0.211887,0.595631,-0.281794,-0.254288,0.060594,1.177837,-0.836220,0.224964,0.181034,-0.063555,0.257936,-0.409556,-0.348834,0.533041,0.074551,-0.483353,-0.338091,-0.014011,0.152384,0.714704,3.222191,6.204249,-1.530632,-4.268504,-3.736969,0.378071,0.990340,0.262172,-13.048529,-5.802075,3.557925,1.515033,3.927753,9.883305,5.154644,-3.515950,-1.511638,0.299908,3.498377,1.157816,-0.775717,-2.470884,-2.106125,2.275028,-1.293726,-0.626829,-0.554209,1.495435,0.200675,0.041229,-0.664551,-0.298191,-0.263166,-0.661288,-0.179179,0.218776,0.210040,0.154240,-0.096012,0.265143,-0.084426,0.281179,0.074683,0.277039,0.038229,0.231616
-0.372762,-1.536984,0.990193,0.085294,0.143047,0.596381,0.785234,3.959965,0.799133,0.549683,0.947262,0.606546,-2.389846,-0.696131,0.448311,0.789602,-0.051187,-0.200152,-0.273887,0.129868,0.289534,0.196130,0.571077,0.143543,0.677809,-0.262159,-0.150859,0.201931,1.266477,-0.909969,0.166450,0.150626,0.028195,0.282553,-0.428862,-0.396791,0.503949,0.159450,-0.527243,-0.357774,-0.028004,0.208555,1.634081,2.679671,5.325159,-0.659259,-2.871328,-2.063540,-2.202213,-1.029624,0.487561,-12.448775,-3.417183,4.108905,0.981768,5.171451,7.066840,4.431984,-3.687455,-2.925670,-1.520415,4.587486,1.230834,-0.965288,-2.397887,-1.454589,4.244957,-2.194500,-0.984165,-0.699669,2.808527,0.257519,0.053315,-0.672236,-0.311854,-0.288621,-0.647686,-0.206846,0.209759,0.207608,0.158701,-0.074695,0.278460,-0.121718,0.280514,0.074086,0.261785,0.068586,0.240026
-0.364513,-1.457507,0.991755,0.080245,0.133686,0.583249,0.797188,3.888370,0.866538,0.312089,-0.853609,-0.726112,-1.742653,-0.644687,0.506480,0.853621,-0.039980,-0.208081,-0.263927,0.029738,0.239742,0.195669,0.376732,0.169436,0.778736,-0.250751,-0.074597,0.122388,1.320138,-0.977764,0.100022,0.115021,0.158327,0.308679,-0.462915,-0.441643,0.516264,0.215138,-0.532788,-0.370045,-0.042999,0.238715,2.572171,2.908486,3.200912,0.560374,-0.396412,0.498005,-5.006498,-2.489579,-0.023006,-9.717237,1.294648,5.046371,0.570386,3.813125,-3.977129,2.683085,-3.389754,-3.321414,-1.780227,6.506593,1.306295,-1.702660,-2.242553,0.615748,2.784386,-0.277256,-0.613531,-0.749715,1.508010,0.287149,0.088383,-0.677092,-0.350682,-0.285809,-0.623932,-0.220440,0.196661,0.218575,0.165888,-0.068297,0.283472,-0.144783,0.279021,0.089788,0.253258,0.079896,0.242938
-0.358086,-1.379455,0.988302,0.071392,0.130456,0.574544,0.804850,3.802342,0.949342,0.065363,-0.837880,0.072074,-1.233496,-0.624330,0.544054,0.884113,-0.027107,-0.204058,-0.263120,-0.068963,0.209598,0.166528,0.258652,0.198317,0.889882,-0.215369,-0.045585,0.085619,1.338746,-1.025179,0.075458,0.157942,0.287030,0.316406,-0.494377,-0.468360,0.523386,0.268149,-0.573335,-0.406626,-0.033862,0.249838,1.017887,1.878677,1.524641,0.643666,0.201151,0.040340,-4.935089,-1.507217,-1.457073,-5.903980,1.444059,5.557311,1.769090,1.450614,-1.838459,0.930372,-2.370736,-1.228217,2.146011,6.435159,0.386386,-1.573096,-1.335869,0.356133,2.650569,-2.027346,-1.829063,0.456837,0.556127,0.311668,0.117042,-0.671769,-0.378003,-0.279129,-0.605729,-0.232616,0.183374,0.225437,0.163548,-0.070420,0.289619,-0.162058,0.273348,0.104194,0.243980,0.078174,0.250164
-0.350889,-1.301761,0.980839,0.061048,0.130171,0.575523,0.805048,3.822760,0.862001,-0.056763,-0.864312,0.565004,-0.064475,-0.624771,0.561913,0.877487,-0.015611,-0.186531,-0.277163,-0.128476,0.155591,0.130978,0.217517,0.238782,0.965007,-0.130504,-0.053948,0.085604,1.347747,-1.006519,0.092996,0.200211,0.407713,0.269256,-0.536774,-0.473928,0.558449,0.313994,-0.574469,-0.398970,-0.025695,0.290336,-0.022058,0.892942,-0.331329,0.574800,0.876344,-0.702173,-2.975632,-2.700326,-1.777505,-2.056783,2.023230,3.756247,4.243268,-0.418171,-0.000748,0.450068,0.933007,0.876912,2.113459,6.034149,-2.357522,-2.119857,-0.278428,1.753129,2.292239,-0.056715,0.382785,0.408332,2.024935,0.325103,0.134670,-0.665794,-0.399427,-0.259718,-0.593208,-0.240141,0.179144,0.225285,0.151115,-0.079490,0.291670,-0.166251,0.275046,0.115561,0.239446,0.064971,0.254120
-0.344042,-1.225934,0.970099,0.054973,0.121275,0.585096,0.799958,3.767169,0.733251,-0.224928,-1.085931,-0.248465,1.043007,-0.617841,0.568841,0.833984,-0.000549,-0.147996,-0.276004,-0.131857,0.094925,0.111748,0.241915,0.333157,0.954461,-0.026331,-0.059543,0.060424,1.330102,-0.945684,0.099440,0.221592,0.458565,0.200295,-0.568073,-0.448555,0.601914,0.289580,-0.593209,-0.412165,0.028155,0.277515,0.346481,0.346395,-2.175115,0.753093,1.926724,0.057952,-0.169039,-3.033296,-0.961515,1.219940,4.718764,-0.527336,5.208663,-0.279731,-1.258997,-0.882282,3.041734,0.322177,1.069039,2.542575,-3.448058,-1.564954,1.268656,2.173238,-1.220696,-0.937017,-0.659731,2.692534,-0.641057,0.313986,0.145231,-0.670596,-0.426149,-0.225666,-0.573690,-0.235301,0.184350,0.224034,0.137714,-0.094687,0.286485,-0.153673,0.281524,0.125778,0.243982,0.038711,0.247312
-0.337997,-1.150850,0.957575,0.054484,0.109248,0.599111,0.791304,3.749715,0.617950,-0.367860,-0.846664,-0.757392,1.691233,-0.588976,0.551604,0.788150,-0.008518,-0.115086,-0.264905,-0.147540,0.025276,0.105706,0.282989,0.481884,0.806454,0.125282,-0.042426,0.027772,1.319968,-0.840145,0.081008,0.215608,0.359052,0.127659,-0.575815,-0.406399,0.645626,0.301620,-0.548495,-0.404008,0.076850,0.230174,1.443259,-0.861820,-2.291747,-0.398452,1.645497,0.554953,-0.784140,-3.482477,-0.302070,2.053665,7.436340,-7.400324,7.580615,0.855824,-1.632584,-0.506665,5.276938,-0.921579,-0.299173,-4.975649,-3.631778,-0.387056,2.107829,2.185616,0.601980,2.235706,0.407867,2.434708,-2.367052,0.285462,0.145530,-0.683509,-0.447607,-0.188798,-0.547186,-0.222855,0.194975,0.219300,0.120313,-0.111306,0.276711,-0.127705,0.289516,0.128988,0.248855,0.001552,0.225043
-0.332310,-1.076577,0.942781,0.060806,0.095246,0.616637,0.779095,3.728499,0.435139,-0.572907,-0.425798,-1.263256,2.262575,-0.536418,0.510657,0.724772,-0.039559,-0.095864,-0.244224,-0.207500,-0.049674,0.116666,0.321556,0.673291,0.538306,0.259415,0.037064,0.007035,1.268350,-0.719008,0.053877,0.158639,0.139687,0.086653,-0.532092,-0.315386,0.664280,0.321477,-0.536873,-0.376654,0.047400,0.284135,2.627882,-2.047348,-3.168868,-1.552066,0.961115,1.034052,-2.998035,-3.747494,0.547968,1.928380,9.570374,-13.407418,6.706655,3.974486,-1.036845,-2.580936,6.056848,-1.356564,-2.848467,-10.968226,-2.050309,2.186126,4.550616,0.932696,0.992845,0.581118,1.367705,-1.472460,2.698057,0.244129,0.142875,-0.700051,-0.458045,-0.151797,-0.515161,-0.197651,0.211477,0.210245,0.101243,-0.125601,0.266152,-0.084982,0.297718,0.124488,0.250619,-0.044769,0.188285
-0.323738,-1.007637,0.926906,0.073522,0.087280,0.641682,0.758433,3.498680,-0.018040,-0.674210,0.413770,-1.037627,3.398571,-0.524191,0.430316,0.613990,-0.092726,-0.097724,-0.239452,-0.249818,-0.140587,0.151190,0.498676,0.909718,0.253875,0.339929,-0.098616,-0.035899,1.163092,-0.612689,-0.038041,0.071054,-0.082223,0.062892,-0.464255,-0.177024,0.742824,0.320074,-0.457456,-0.350301,0.127675,0.214802,0.611374,-4.017035,-5.539134,-2.658337,-0.093014,0.238620,-2.115864,-4.545645,1.726202,8.855980,11.821356,-14.221556,4.025685,-6.783954,-2.146704,-5.262881,5.315951,-4.595894,-4.379218,-11.095498,-1.188067,3.391863,6.918139,3.927194,-0.070152,3.970841,1.317650,4.013725,-3.466674,0.187865,0.135131,-0.708766,-0.446911,-0.112393,-0.485149,-0.153169,0.237990,0.193440,0.079119,-0.132982,0.260219,-0.016500,0.306145,0.109415,0.240625,-0.099697,0.150119
-0.312782,-0.943934,0.914071,0.095670,0.089060,0.660374,0.739474,3.229834,-0.343155,-0.554458,1.801908,-1.002617,2.784542,-0.520312,0.314882,0.497148,-0.164846,-0.153616,-0.275071,-0.239446,-0.199516,0.210884,0.685069,1.175704,-0.004400,0.360751,-0.228901,-0.106010,1.038639,-0.515779,-0.084327,0.007356,-0.263501,0.080647,-0.417566,0.014129,0.809834,0.240289,-0.395380,-0.294840,0.152381,0.206595,0.193940,-5.771703,-5.842083,-3.606011,-2.794563,-1.780970,0.518582,-2.946426,2.984723,9.319633,13.299263,-12.913711,1.041127,-6.514292,-3.505561,-6.222651,4.845541,-2.314293,-3.184948,-9.063909,0.887764,2.334421,9.557639,3.350490,-3.989229,3.103817,2.773055,1.235310,-0.410352,0.130200,0.108428,-0.706507,-0.414321,-0.099527,-0.458042,-0.098102,0.263913,0.166123,0.060658,-0.125385,0.259532,0.061893,0.296982,0.089998,0.213482,-0.146378,0.111949
-0.298902,-0.882964,0.907786,0.123376,0.096134,0.673666,0.722296,3.081720,-0.566917,-0.235620,2.593872,-1.061010,2.252369,-0.409983,0.161226,0.373419,-0.238561,-0.211506,-0.342022,-0.267359,-0.191202,0.261108,0.674631,1.422866,-0.257190,0.374281,-0.312740,-0.157404,0.942524,-0.444482,-0.090351,-0.018948,-0.407891,0.152160,-0.413831,0.182684,0.869976,0.276729,-0.322196,-0.263668,0.163820,0.145943,5.516433,-7.682829,-6.186466,-3.685719,-2.894525,-3.347518,-1.395667,0.415684,2.511187,-0.521897,12.358146,-12.639533,0.676512,-4.191913,-2.569688,-4.805740,3.564852,-0.301199,-1.315156,-7.219499,3.575620,0.186788,8.427769,3.007127,1.821991,3.659209,1.558567,0.571952,-3.032572,0.069229,0.076995,-0.716581,-0.364457,-0.106990,-0.442139,-0.036400,0.283047,0.136056,0.041991,-0.110853,0.263743,0.139045,0.272246,0.086095,0.164929,-0.179491,0.087747
-0.285512,-0.822348,0.903422,0.134170,0.080645,0.686942,0.709651,3.034227,-0.642692,-0.248820,-0.222281,-1.551066,2.115578,-0.276104,0.002052,0.221961,-0.229228,-0.178360,-0.337608,-0.302517,-0.159468,0.272761,0.667063,1.609589,-0.461634,0.405860,-0.412570,-0.182466,0.819095,-0.478396,-0.094133,-0.028539,-0.510610,0.208786,-0.401811,0.246917,0.891055,0.242060,-0.308329,-0.262960,0.207288,0.221137,6.693982,-7.958698,-7.572862,0.466607,1.657280,0.220692,-1.757872,1.586678,0.582676,-0.378363,9.336143,-10.222173,1.578933,-4.991531,-1.253096,-6.171443,-1.695718,-0.189120,-0.479595,-5.135943,2.831331,0.600981,3.211619,1.053944,-1.733458,0.693312,0.035403,2.173379,3.759689,-0.005570,0.090593,-0.722157,-0.312118,-0.099755,-0.435463,0.030241,0.277650,0.131374,0.025037,-0.118244,0.267563,0.204747,0.222781,0.110369,0.116602,-0.212233,0.079572
-0.271996,-0.763094,0.901480,0.128003,0.060371,0.693847,0.706079,2.959903,-0.664447,-0.202881,-1.827683,-0.871483,1.002418,-0.169228,-0.190698,0.065425,-0.180590,-0.114635,-0.299594,-0.341678,-0.127770,0.256005,0.673857,1.749778,-0.650900,0.454471,-0.490400,-0.210284,0.733379,-0.585676,-0.099308,-0.026066,-0.560110,0.221540,-0.406722,0.183580,0.944949,0.173771,-0.298655,-0.238509,0.203642,0.409964,5.343774,-9.637496,-7.826814,2.431919,3.186270,1.900709,-1.958065,1.584918,-0.837839,0.339695,7.009412,-9.463308,2.430571,-3.891471,-1.390907,-4.285809,-5.364017,-0.258720,0.123653,-2.475014,0.637717,-0.245532,-3.166824,2.694691,-3.414424,0.483727,1.222562,-0.182300,9.441355,-0.067547,0.127687,-0.718353,-0.249269,-0.093047,-0.443290,0.090350,0.258415,0.144498,0.003197,-0.135385,0.273689,0.250436,0.167902,0.155680,0.078967,-0.239893,0.088228
-0.258545,-0.701828,0.900752,0.112123,0.046828,0.697616,0.706094,3.061743,-0.658999,-0.170513,-2.075786,0.207604,0.395317,-0.080176,-0.403156,-0.087075,-0.118361,-0.076282,-0.261971,-0.374143,-0.111121,0.224214,0.670806,1.835083,-0.844608,0.508593,-0.576892,-0.244365,0.715386,-0.718556,-0.095294,-0.021497,-0.594060,0.201685,-0.421458,0.058732,0.970184,0.147008,-0.269893,-0.211994,0.222203,0.553806,4.452586,-10.622903,-7.625022,3.111449,1.917637,1.881137,-1.623222,0.832449,-1.589546,-0.152593,4.265248,-9.685396,2.706075,-4.324627,-1.704048,-0.899653,-6.644008,0.200691,0.228495,-1.697515,-0.992796,-0.736819,-6.242443,1.261735,-1.338172,1.438082,1.325729,0.928087,7.192060,-0.116555,0.168847,-0.708956,-0.178310,-0.090898,-0.461345,0.140530,0.234396,0.166655,-0.024099,-0.149281,0.281670,0.275731,0.117086,0.208428,0.047537,-0.260209,0.107465
-0.242112,-0.636058,0.906022,0.093504,0.034321,0.701691,0.705485,3.309336,-0.768079,0.130419,-2.192857,0.464685,0.426876,0.036810,-0.582778,-0.252010,-0.025343,-0.101368,-0.212829,-0.389924,-0.133457,0.197064,0.582365,1.842242,-0.989454,0.548821,-0.602710,-0.283346,0.740957,-0.855021,-0.100929,-0.039727,-0.622027,0.161231,-0.436777,-0.049640,0.912325,0.200911,-0.279716,-0.191676,0.243842,0.662958,5.849306,-8.981112,-8.246741,4.650900,-1.254272,2.457121,-0.789055,-1.116795,-1.357460,-4.422035,0.357975,-7.242308,2.011394,-1.290913,-1.949084,1.278531,-6.823226,-0.281737,-0.911510,-1.398348,-2.022656,-0.765927,-5.418567,-2.892950,2.695182,-0.491153,1.015914,1.081915,5.457619,-0.164314,0.213831,-0.700481,-0.110071,-0.087111,-0.486227,0.181474,0.201851,0.192847,-0.055125,-0.160603,0.286618,0.283556,0.062506,0.250477,0.012194,-0.279134,0.124589
-0.223445,-0.565591,0.918978,0.076042,0.024714,0.702294,0.707383,3.572046,-0.824586,0.515064,-1.933258,0.537809,-0.039794,0.184364,-0.710030,-0.401900,0.066073,-0.154236,-0.154142,-0.407728,-0.175341,0.178715,0.423291,1.774541,-1.081937,0.597841,-0.544014,-0.305193,0.799347,-0.975574,-0.096311,-0.080365,-0.657877,0.103365,-0.461279,-0.123633,0.883617,0.250017,-0.241029,-0.178366,0.273647,0.717071,7.377698,-6.362597,-7.494503,4.570819,-2.643417,2.934303,-0.890197,-2.094214,-0.917473,-7.953713,-3.385059,-4.624166,2.451028,2.934839,-1.092323,2.919531,-6.027658,0.230867,-2.031913,-1.792469,-2.893326,-1.225099,-3.699672,-1.435388,2.455272,1.934383,0.665518,1.490269,2.705655,-0.212880,0.253956,-0.689760,-0.045853,-0.082966,-0.516746,0.207913,0.167214,0.218751,-0.086954,-0.168003,0.288133,0.280195,0.012718,0.278839,-0.028156,-0.293944,0.134948
-0.203086,-0.492876,0.934957,0.054536,0.020200,0.702509,0.709294,3.681950,-0.902220,0.722651,-1.864322,1.178036,-0.122008,0.295632,-0.795009,-0.537968,0.154260,-0.227397,-0.082931,-0.392077,-0.252834,0.163124,0.279423,1.649597,-1.138220,0.658010,-0.414821,-0.298734,0.875866,-1.060980,-0.131242,-0.136376,-0.692420,0.029451,-0.493754,-0.156524,0.867596,0.318089,-0.236855,-0.170706,0.303047,0.724937,5.563434,-4.248939,-6.803358,4.409316,-3.658062,3.560591,0.782530,-3.874638,-0.779536,-7.193371,-6.247207,-2.814153,3.008435,6.459644,0.322965,3.825914,-4.270289,-1.746517,-2.800545,-1.727147,-3.695705,-1.623784,-1.644559,-0.801024,3.403616,0.208665,0.382974,1.470002,0.393317,-0.245026,0.288289,-0.676299,0.024150,-0.075429,-0.549346,0.221408,0.131863,0.245272,-0.121169,-0.171135,0.283638,0.265994,-0.032228,0.298754,-0.074730,-0.304121,0.135102
-0.179522,-0.418677,0.952207,0.030289,0.021499,0.698108,0.715029,3.747294,-1.024453,0.896840,-1.664399,1.754923,-0.755564,0.361446,-0.846269,-0.642012,0.221008,-0.261990,-0.006490,-0.355075,-0.336861,0.145071,0.181140,1.481571,-1.170741,0.719164,-0.228860,-0.276221,0.947890,-1.116886,-0.144536,-0.156134,-0.730585,-0.047377,-0.516614,-0.179124,0.871545,0.320854,-0.243086,-0.191127,0.319530,0.733920,3.290690,-2.563010,-5.202234,3.337396,-1.729621,3.822048,1.850083,-4.201323,-0.902680,-4.914164,-8.401278,-1.626012,3.057702,9.298053,1.125642,3.601239,-2.795316,-0.664719,-0.987909,-1.908281,-3.841366,-1.142985,-1.129973,0.197411,0.138261,-0.311525,-1.021056,0.824119,0.449141,-0.261913,0.312652,-0.664825,0.099311,-0.064698,-0.577782,0.221639,0.101779,0.270675,-0.153326,-0.171492,0.274078,0.246269,-0.067678,0.312554,-0.114492,-0.307397,0.129022
-0.153953,-0.343177,0.968234,0.006272,0.023168,0.690519,0.722916,3.807949,-1.068337,0.940887,-1.612955,1.760689,-1.136692,0.419241,-0.874726,-0.713570,0.271300,-0.202580,0.076175,-0.316094,-0.378500,0.131828,0.093707,1.271313,-1.182717,0.785756,-0.024553,-0.237749,0.999220,-1.169438,-0.131056,-0.127174,-0.775232,-0.117145,-0.531990,-0.201053,0.890700,0.295454,-0.220948,-0.214683,0.342593,0.722776,2.889771,-1.422845,-3.577878,2.514606,2.970499,4.133246,1.949072,-2.081970,-0.662150,-4.371631,-10.512894,-0.598812,3.329619,10.215338,1.923583,2.566474,-2.627589,0.673986,1.448002,-2.232347,-3.488403,-0.768804,-1.096432,0.957792,-1.270013,1.106915,-1.177798,1.153165,-0.557217,-0.275302,0.329757,-0.653965,0.171926,-0.045699,-0.599985,0.212800,0.075929,0.293067,-0.180833,-0.174079,0.261291,0.225209,-0.097172,0.319745,-0.145229,-0.308306,0.117010
-0.127849,-0.267812,0.979164,-0.012890,0.024865,0.678737,0.733847,3.822980,-0.997898,0.768903,-1.252503,1.420292,-1.643361,0.476788,-0.889797,-0.752477,0.292047,-0.091252,0.144813,-0.281741,-0.357867,0.125238,0.027708,1.037619,-1.174172,0.826177,0.132428,-0.171653,1.024462,-1.206699,-0.094285,-0.066260,-0.815644,-0.148237,-0.532412,-0.217826,0.871997,0.306179,-0.252028,-0.226398,0.321583,0.745449,2.877313,-0.753531,-1.945349,1.037374,5.566372,3.431903,1.717646,1.031666,-0.329488,-3.299966,-11.684719,0.427254,2.021033,7.849050,3.304779,1.262131,-1.863070,1.838579,3.045716,-2.020593,-1.554620,-0.021103,-0.838671,-0.935177,0.536255,-1.554003,-0.585729,-1.050467,1.133670,-0.292640,0.332972,-0.644049,0.237682,-0.025642,-0.613658,0.201737,0.057758,0.307718,-0.199193,-0.178518,0.247978,0.208684,-0.116648,0.317337,-0.162091,-0.307844,0.101764
-0.101130,-0.193649,0.984848,-0.021147,0.029854,0.666702,0.744426,3.801367,-0.917078,0.569525,-0.229468,0.911841,-1.617275,0.524264,-0.877624,-0.773031,0.273752,0.002227,0.191554,-0.283507,-0.306956,0.121869,0.033994,0.807331,-1.156736,0.828439,0.148089,-0.102836,1.028276,-1.232062,-0.099901,-0.000743,-0.834365,-0.138683,-0.508974,-0.235453,0.886256,0.326300,-0.246225,-0.235453,0.333645,0.726857,2.373798,0.608640,-1.027703,-0.914770,4.673969,2.337010,-0.088285,2.545505,-0.168439,0.314312,-11.514414,0.871788,0.113078,0.783062,3.440875,0.190682,-1.268156,-0.280799,3.275860,-0.936051,0.477673,1.171908,-0.881361,0.712944,1.006049,0.290153,-0.452754,0.603054,-0.929603,-0.320997,0.323127,-0.631797,0.290411,-0.014208,-0.620912,0.193105,0.046067,0.315316,-0.209724,-0.182848,0.236763,0.202073,-0.130600,0.314328,-0.166869,-0.306061,0.088944
-0.072696,-0.122152,0.986452,-0.023058,0.041666,0.654092,0.754914,3.716331,-0.893024,0.445677,0.691696,1.002121,-1.623613,0.551868,-0.853687,-0.769251,0.212451,0.053924,0.215755,-0.336568,-0.269858,0.093885,0.081532,0.605293,-1.126061,0.765974,0.104393,-0.041159,0.997803,-1.225836,-0.126217,0.043949,-0.838884,-0.066694,-0.460538,-0.239986,0.906553,0.343979,-0.252782,-0.239943,0.313665,0.715867,1.380223,1.196871,0.188997,-3.065049,2.584860,1.210076,-2.653087,1.854916,-1.399219,2.376910,-10.101861,1.533742,-3.123209,-2.184796,3.083864,-1.523673,0.311313,-1.315806,2.234553,-0.225964,3.599465,2.421810,-0.226657,1.014837,0.883931,-0.327885,-0.224499,-0.998998,-0.549482,-0.347549,0.298400,-0.624210,0.333533,-0.009825,-0.620105,0.183372,0.045175,0.318157,-0.215178,-0.183951,0.225704,0.198586,-0.134859,0.313018,-0.159953,-0.302466,0.078729
-0.043227,-0.051566,0.985290,-0.014942,0.055578,0.639462,0.766665,3.720042,-0.808585,0.371431,1.594513,0.504427,-1.817672,0.568083,-0.814247,-0.740920,0.136568,0.072907,0.213042,-0.347047,-0.243966,0.054531,0.156471,0.449736,-1.071532,0.650342,0.062588,-0.004359,0.934672,-1.181393,-0.165505,0.054024,-0.821797,0.051958,-0.407178,-0.243309,0.924473,0.335638,-0.233770,-0.236841,0.268056,0.684759,0.810754,1.971964,1.416537,-3.794162,0.949142,-0.135630,-0.523909,1.294605,-1.967682,3.746921,-7.777859,2.726434,-5.781608,-2.090271,1.839990,-3.156539,2.222172,-1.964395,0.503774,0.854391,5.932623,2.667969,-0.166119,0.896016,-0.417036,0.950608,0.155081,-2.280439,-1.555403,-0.376192,0.261771,-0.614680,0.357077,-0.014131,-0.621019,0.175602,0.054522,0.313607,-0.212189,-0.184100,0.216847,0.200285,-0.129287,0.310759,-0.138014,-0.296858,0.073989
-0.012423,0.018376,0.981189,-0.001056,0.068405,0.621032,0.780794,3.750876,-0.711419,0.262257,1.991034,0.044664,-2.231270,0.562521,-0.764735,-0.690510,0.068555,0.067881,0.192184,-0.289648,-0.254122,0.010870,0.266753,0.358097,-0.993093,0.503814,0.050020,-0.020688,0.855548,-1.104781,-0.194675,0.028965,-0.793353,0.172018,-0.347559,-0.235015,0.913828,0.313569,-0.205561,-0.247866,0.247212,0.623143,-0.278096,2.475624,2.520504,-3.400627,-0.251310,-1.042917,2.869944,-0.507802,-2.183046,5.514121,-4.581937,3.921960,-7.326431,-0.628412,-0.816469,-3.956179,3.830572,-1.458499,-1.252927,1.422185,6.002969,2.980947,0.414665,-0.532229,-1.103454,1.410439,-0.551252,-1.042194,-3.080829,-0.403291,0.219911,-0.599565,0.358952,-0.019398,-0.628204,0.167707,0.071789,0.303272,-0.200472,-0.186095,0.209417,0.207667,-0.114673,0.304592,-0.101969,-0.293054,0.076764
0.018699,0.087010,0.972191,0.018348,0.080825,0.595433,0.799118,3.756568,-0.536728,0.020968,2.440475,-0.365486,-3.013851,0.527256,-0.717957,-0.610154,0.008091,0.039945,0.155459,-0.180792,-0.303716,-0.023784,0.435743,0.331368,-0.903115,0.382656,0.030907,-0.016825,0.783428,-1.000281,-0.187444,-0.010709,-0.760901,0.250516,-0.299253,-0.236048,0.909000,0.296402,-0.191590,-0.253413,0.261670,0.542304,-1.763244,2.338900,4.017793,-3.023189,-1.396816,-1.836231,5.442771,-2.479687,-1.732699,8.449512,-1.336494,4.498917,-6.057909,-0.955610,0.193151,-3.606021,5.225031,0.361564,-1.983732,1.622611,3.924938,2.415341,-0.051641,-0.241414,-0.858356,0.698549,-0.277335,0.722909,-4.041923,-0.425883,0.169908,-0.575688,0.345250,-0.025945,-0.640457,0.158529,0.096548,0.288586,-0.178573,-0.190705,0.205833,0.220364,-0.088024,0.292843,-0.054748,-0.286903,0.087297
0.049447,0.155979,0.959104,0.038554,0.084346,0.569376,0.816829,3.810196,-0.321814,-0.249704,1.987611,-1.141355,-2.967104,0.469110,-0.653984,-0.524885,-0.001182,0.013536,0.119756,-0.041798,-0.347583,-0.034219,0.667736,0.346949,-0.798098,0.269264,-0.037500,0.005929,0.708833,-0.887846,-0.144410,-0.023671,-0.707717,0.290790,-0.257400,-0.242800,0.908623,0.256782,-0.194626,-0.263277,0.241473,0.488157,-2.907332,3.198659,4.263479,-0.463682,-1.320410,-1.785167,6.949738,-2.193348,-0.521760,11.599610,0.779056,5.250846,-5.669596,-3.420355,1.137722,-3.729748,5.621756,2.151685,-0.648101,2.659175,2.013657,2.092603,-0.337608,-0.018869,-1.980977,-0.151781,-0.493200,-1.009854,-2.707358,-0.439679,0.131054,-0.537170,0.308914,-0.029970,-0.661921,0.148023,0.118636,0.270584,-0.150094,-0.196704,0.203017,0.234187,-0.059418,0.274256,-0.003437,-0.277334,0.101564
0.079552,0.222595,0.942255,0.053503,0.086241,0.542313,0.834025,3.713540,-0.149184,-0.506921,1.449149,-0.983861,-3.060596,0.380567,-0.620127,-0.429437,0.033019,0.032833,0.092112,0.083638,-0.309236,-0.034651,0.940987,0.414622,-0.682046,0.151457,-0.139667,0.043836,0.648418,-0.771826,-0.077662,-0.087815,-0.640375,0.315478,-0.235085,-0.255428,0.906373,0.211667,-0.206684,-0.288078,0.256805,0.403068,-4.427118,1.692842,4.772395,1.710082,0.964820,-1.382217,6.271768,1.917364,-0.021586,13.662594,3.383651,5.802602,-5.890347,-5.108373,1.895343,-3.020725,5.800971,3.337401,-3.207188,3.367103,1.234422,1.115777,-0.631403,-0.112484,-2.255770,-0.602906,-1.240070,0.766577,-4.254458,-0.431085,0.102875,-0.496773,0.265708,-0.022159,-0.677491,0.131827,0.139648,0.253702,-0.116114,-0.202855,0.199273,0.243944,-0.025111,0.254131,0.050996,-0.260493,0.119440
0.108436,0.287380,0.922756,0.056171,0.085742,0.511853,0.852936,3.612355,0.095355,-0.686253,0.331735,-0.540432,-3.530234,0.263734,-0.624012,-0.328135,0.092037,0.090834,0.090172,0.162527,-0.277598,-0.022247,1.227808,0.604523,-0.561808,0.011767,-0.244038,-0.145487,0.600315,-0.646379,-0.016594,-0.247307,-0.562051,0.330995,-0.231401,-0.267278,0.920319,0.164162,-0.197789,-0.306950,0.246697,0.292035,-5.841650,-0.194284,5.065088,2.950874,2.900078,-0.096998,3.944470,1.581894,0.620197,14.341029,9.495079,6.011895,-6.984483,-5.218524,-9.466173,-2.405156,6.272342,3.053378,-7.974607,3.916214,0.775846,0.184183,-0.592491,0.697301,-2.375263,0.444734,-0.943566,-0.505395,-5.551632,-0.399039,0.088573,-0.461495,0.206235,0.011316,-0.678731,0.110262,0.154127,0.242079,-0.076239,-0.209234,0.190956,0.248361,0.009926,0.235155,0.106671,-0.236477,0.137764
0.134446,0.347579,0.901884,0.057555,0.077084,0.481983,0.870884,3.316606,0.329152,-0.855620,-0.183013,-1.137318,-3.400961,0.125824,-0.613449,-0.223240,0.133506,0.125891,0.101210,0.166020,-0.245568,0.025787,1.500875,0.804422,-0.444316,-0.162276,-0.316901,-0.311173,0.543232,-0.560080,0.016764,-0.241607,-0.485280,0.338518,-0.221141,-0.280859,0.926877,0.094064,-0.222585,-0.332779,0.219379,0.196997,-6.895524,0.528154,5.244754,2.073444,1.752831,0.551890,0.174615,1.601477,2.401676,13.653342,9.994939,5.874611,-8.702173,-3.643177,-8.284282,-2.854160,4.314959,1.667903,0.284997,3.838546,0.376166,0.513034,-0.679019,0.327913,-3.504889,-1.239767,-1.291451,-1.365870,-4.751915,-0.353386,0.090395,-0.430104,0.135882,0.023723,-0.673277,0.090141,0.161319,0.231804,-0.026568,-0.215954,0.184528,0.249946,0.043353,0.207610,0.162206,-0.209716,0.159633
0.161184,0.405621,0.886357,0.053743,0.057143,0.448493,0.890337,3.167398,0.544319,-0.695278,-1.153050,-1.930208,-3.752305,-0.029464,-0.525010,-0.124404,0.118092,0.192388,0.131412,0.097988,-0.214330,0.100138,1.725029,0.874247,-0.288240,-0.361295,-0.367599,-0.406535,0.502663,-0.480178,0.002716,-0.251128,-0.393563,0.328985,-0.236035,-0.270607,0.925375,0.019103,-0.206982,-0.302945,0.151120,0.167024,-7.764377,4.421992,4.941809,-0.770660,3.324876,1.510118,-3.401570,1.561924,3.717552,11.207726,3.491238,7.803786,-9.950912,-2.534876,-4.768082,-2.028437,3.995086,-0.702404,-0.476039,4.585851,-0.476654,-0.744698,0.512575,-0.075106,-3.748037,0.780152,1.491702,-3.412959,-1.498646,-0.302671,0.105764,-0.408358,0.058408,0.043330,-0.671410,0.068015,0.163772,0.225691,0.028581,-0.217210,0.175624,0.242976,0.083168,0.174679,0.217516,-0.182035,0.176202
0.189468,0.465018,0.876795,0.066108,0.050636,0.407352,0.909467,3.176305,0.842689,-0.499623,0.924111,-1.425725,-4.428806,-0.198580,-0.414202,-0.015291,0.025556,0.222446,0.116304,0.056716,-0.117282,0.155151,1.877345,0.934444,-0.105581,-0.556158,-0.415061,-0.541910,0.485874,-0.416108,0.017962,-0.221904,-0.306774,0.316904,-0.253676,-0.254628,0.861541,-0.073392,-0.216181,-0.282194,0.082620,0.111976,-8.455817,5.540398,5.455628,-4.626838,1.502885,-0.755386,-2.063614,4.852407,2.750678,7.615788,3.009843,9.132977,-9.743166,-2.373140,-6.768782,-0.839445,3.203545,0.762315,1.461173,4.339428,-0.604045,-0.882054,0.798955,-3.191710,-4.624781,-0.459969,1.037545,-3.425026,-2.752433,-0.248014,0.102130,-0.405880,-0.022472,0.021470,-0.670990,0.037189,0.173441,0.218428,0.081654,-0.202575,0.179465,0.214768,0.135392,0.140714,0.263156,-0.138836,0.204881
0.221070,0.523564,0.871490,0.085612,0.055184,0.371772,0.922719,3.179836,0.953257,-0.340647,2.013933,-0.649209,-3.726430,-0.386256,-0.307690,0.089338,-0.043427,0.211702,0.070508,0.044976,-0.006738,0.198518,1.968581,0.972175,0.068825,-0.723309,-0.458811,-0.646658,0.504556,-0.352352,0.041830,-0.200285,-0.215780,0.308533,-0.286873,-0.255903,0.817582,-0.114568,-0.269510,-0.314621,0.053626,0.033022,-9.383782,5.325564,5.231443,-3.449139,-0.537214,-2.289806,-0.587002,5.527199,2.168324,4.561804,1.886559,8.720304,-8.357560,-2.187495,-5.237362,0.934061,3.187796,1.193388,1.080972,4.549725,-0.418566,-1.659879,-0.063735,-2.197941,-2.058774,-2.666462,-1.621351,-1.449674,-3.947701,-0.189183,0.096934,-0.417887,-0.087979,-0.023588,-0.668450,0.004996,0.184935,0.213132,0.124676,-0.174961,0.190302,0.172004,0.183032,0.115081,0.288035,-0.084105,0.238286
0.259365,0.582903,0.871759,0.104324,0.061042,0.348514,0.929478,3.394764,0.968689,-0.079607,1.999561,-0.381323,-2.355347,-0.562057,-0.173705,0.192399,-0.039792,0.172410,0.021000,0.043805,0.093856,0.234729,1.990737,0.943455,0.233824,-0.847963,-0.485662,-0.718032,0.554806,-0.317809,0.084138,-0.155779,-0.143926,0.301678,-0.352318,-0.289169,0.778920,-0.116015,-0.291331,-0.341499,0.061251,-0.021826,-8.790049,6.699277,5.153061,0.181777,-1.964614,-2.475430,-0.058526,5.029657,1.810571,1.107810,-1.435979,8.249909,-6.232703,-1.342526,-3.568697,2.512526,1.727118,2.115417,2.225285,3.592690,-0.342737,-3.272224,-1.663330,-1.933093,-0.072348,-1.091016,-1.343924,0.381237,-2.742357,-0.132057,0.098213,-0.439699,-0.150084,-0.074246,-0.666038,-0.027143,0.194110,0.212471,0.156590,-0.144067,0.201161,0.121890,0.217517,0.100449,0.294852,-0.031749,0.266026
0.301731,0.644485,0.876287,0.120205,0.073567,0.329910,0.933434,3.572011,1.114455,0.134877,1.972008,0.410050,-1.907119,-0.725853,-0.041692,0.296183,0.004133,0.099401,-0.032036,0.066892,0.160819,0.249568,1.946744,0.860869,0.388409,-0.938605,-0.483926,-0.750870,0.595747,-0.314956,0.132555,-0.083318,-0.081145,0.297118,-0.403986,-0.328613,0.704771,-0.163890,-0.297477,-0.331965,0.067358,-0.119332,-8.189835,6.600626,5.189192,2.196210,-3.650427,-2.651759,1.154326,3.348193,0.741932,-2.199685,-4.129300,7.729246,-4.532074,0.086799,-1.641919,2.047019,0.142646,2.420852,3.623077,3.139079,-0.227993,-2.583411,-1.972186,-3.707461,-2.393753,-0.307296,0.476701,0.305381,-4.875320,-0.069738,0.095604,-0.469847,-0.201023,-0.126082,-0.663578,-0.061165,0.197953,0.212695,0.177389,-0.112760,0.213917,0.069076,0.239485,0.090518,0.289007,0.016540,0.289600
0.349586,0.706964,0.887586,0.133959,0.088019,0.312028,0.936454,3.743169,1.234395,0.518197,1.848318,0.682308,-1.836323,-0.845545,0.090672,0.406378,0.033047,0.012966,-0.088057,0.099872,0.204572,0.253910,1.840436,0.729345,0.519779,-0.973318,-0.498302,-0.711234,0.654201,-0.339264,0.173665,0.005258,-0.022049,0.297257,-0.430668,-0.376685,0.645916,-0.223334,-0.347598,-0.340533,0.049072,-0.213662,-5.984589,6.618189,5.509764,1.445722,-4.321765,-2.801061,1.649021,2.187627,0.217098,-5.315400,-6.576230,6.568531,-1.735645,-0.718793,1.981816,2.922703,-1.215389,2.055493,4.428787,2.954760,0.006958,-1.334081,-2.403605,-2.942745,-2.972209,-2.506065,-0.428392,-0.914327,-4.716486,-0.006360,0.087686,-0.503959,-0.244660,-0.176408,-0.660262,-0.095586,0.199349,0.212748,0.188551,-0.082765,0.225436,0.016069,0.253168,0.082763,0.273318,0.059478,0.302949
0.403045,0.769936,0.904777,0.146974,0.104563,0.294903,0.938348,3.894725,1.357856,0.885550,1.854382,0.929146,-1.752345,-0.913370,0.215164,0.520961,0.051852,-0.083170,-0.151421,0.146401,0.231085,0.253976,1.662297,0.559536,0.633716,-0.958372,-0.468023,-0.578000,0.718451,-0.377576,0.207912,0.076247,0.038271,0.297829,-0.437692,-0.424356,0.598513,-0.274030,-0.340428,-0.326974,0.033214,-0.288937,-3.391250,6.224608,5.729148,0.940233,-4.806810,-3.168218,2.326438,1.325629,0.003288,-8.906935,-8.490451,5.696815,0.747271,1.513946,6.661679,3.212543,-1.915591,1.712325,3.549434,3.016017,0.028571,-0.351225,-2.383547,-2.370145,-2.534776,0.358490,0.677967,-0.792917,-3.763763,0.061293,0.074121,-0.542771,-0.276897,-0.227806,-0.656072,-0.130479,0.198034,0.209959,0.191406,-0.054080,0.235560,-0.036840,0.262422,0.071609,0.253580,0.098582,0.306681
0.459476,0.832770,0.924488,0.160220,0.123445,0.281682,0.937948,3.932905,1.467279,1.087224,1.929383,1.226007,-1.344401,-0.937286,0.314649,0.616091,0.035796,-0.185281,-0.219464,0.185412,0.231768,0.253789,1.438568,0.382326,0.716328,-0.910759,-0.438288,-0.353957,0.756568,-0.402501,0.195566,0.145046,0.101054,0.300548,-0.476337,-0.462441,0.548957,-0.252084,-0.422421,-0.374966,-0.001770,-0.289943,-1.195825,4.974282,4.756486,-0.802774,-5.105517,-3.402141,1.950566,0.034170,-0.009337,-11.186454,-8.860483,4.130612,2.380666,1.486740,11.202133,1.905812,-1.246267,-0.617274,3.439977,3.139140,0.135950,-1.932256,-1.904242,-2.477830,1.097283,-4.099635,-2.399591,-1.749191,-0.050314,0.130926,0.056416,-0.577898,-0.292985,-0.278319,-0.650153,-0.159931,0.194681,0.201624,0.186352,-0.030045,0.243333,-0.074305,0.260818,0.066303,0.230115,0.128184,0.303623
0.516211,0.895656,0.941591,0.169052,0.143392,0.275217,0.935476,3.912018,1.503041,1.049797,1.489256,1.579242,-0.727171,-0.945834,0.383030,0.688324,-0.010663,-0.263477,-0.289616,0.195337,0.208233,0.249392,1.184304,0.241707,0.819637,-0.855602,-0.367325,-0.090886,0.781807,-0.420974,0.168567,0.166697,0.089813,0.307035,-0.445558,-0.493486,0.200970,-0.149784,-0.314739,-0.329638,-0.363148,-0.180113,-0.427364,3.419042,3.611652,-2.322962,-3.909827,-3.507624,0.496237,-1.176730,-0.219828,-12.713194,-7.030931,5.165474,2.757837,3.548133,13.153546,1.261946,-0.923633,-1.349946,1.082532,-0.562061,0.324349,1.538973,-1.552246,-17.399345,5.114983,5.384088,2.266385,-18.068867,5.491519,0.206664,0.039505,-0.601962,-0.298833,-0.313664,-0.643035,-0.186291,0.189960,0.193121,0.176311,-0.011478,0.250876,-0.115156,0.252679,0.042390,0.210041,0.151708,0.299832
0.572399,0.958942,0.952498,0.175671,0.155637,0.267301,0.934595,3.918426,1.491239,0.790639,1.070013,0.856696,-0.820196,-0.918467,0.432639,0.766526,-0.060383,-0.318354,-0.342177,0.177540,0.176485,0.261347,0.914514,0.183942,0.890713,-0.793290,-0.278131,0.091077,0.827696,-0.455917,0.110668,0.120571,0.214928,0.295533,-0.501928,-0.507677,0.498818,-0.201136,-0.441989,-0.396458,-0.019730,-0.246647,1.368333,2.480453,3.910109,-2.485978,-2.743856,-2.628049,-0.889842,-1.587398,0.597751,-13.489498,-2.888250,3.553766,3.115612,4.459709,9.098151,2.294452,-1.747141,-2.894957,-2.306309,6.255793,-0.575075,-2.818530,-0.709540,14.892403,-2.567582,-6.362486,-3.341003,17.170897,-3.326685,0.271964,0.028246,-0.617169,-0.312297,-0.337497,-0.627399,-0.207866,0.185210,0.186398,0.169470,0.003549,0.255079,-0.141219,0.251242,0.044249,0.194654,0.168273,0.290762
0.626358,1.022204,0.959176,0.172685,0.150012,0.271398,0.934890,3.885732,1.414167,0.544847,-0.493838,-0.398724,0.418633,-0.858623,0.501715,0.792936,-0.113671,-0.300053,-0.344230,0.107117,0.170373,0.268965,0.669921,0.231291,0.929166,-0.756905,-0.202607,-0.002293,0.837075,-0.497780,0.054939,0.104834,0.234946,0.307797,-0.514853,-0.503060,0.545394,-0.253119,-0.437346,-0.398050,0.055505,-0.280194,2.992218,3.453785,1.320482,-2.664430,0.915066,-0.102610,-3.521155,-0.305626,0.380871,-12.229657,2.367422,1.922688,1.819243,3.776222,-4.668499,0.468991,-2.093147,-2.786466,-0.786818,1.000862,0.613192,-0.646257,0.230838,2.328791,-2.599150,0.232114,-0.079580,3.761732,-1.677378,0.312645,0.026839,-0.628698,-0.359237,-0.326716,-0.599568,-0.213220,0.181232,0.189571,0.170395,0.003185,0.256083,-0.151924,0.246361,0.045421,0.196334,0.170070,0.281809
0.678350,1.084423,0.960090,0.161270,0.143288,0.281256,0.935070,3.853594,1.227181,0.286364,-1.393066,-0.173023,0.861823,-0.806782,0.534501,0.785293,-0.143156,-0.247035,-0.330337,0.044114,0.169327,0.252837,0.475351,0.320979,0.916743,-0.712949,-0.156697,-0.045649,0.836637,-0.517362,0.039177,0.111211,0.218084,0.319522,-0.526244,-0.478621,0.566365,-0.241236,-0.450136,-0.413307,0.075676,-0.266619,2.592026,1.639300,-0.382153,-1.474244,2.650907,0.694648,-3.150169,-0.052310,-0.806373,-9.728494,4.484412,-0.621162,2.197832,2.295473,-2.167762,-0.021941,-0.979094,-0.788080,0.318821,-0.843092,0.586257,-0.569519,1.221967,1.048566,0.594159,-0.639469,-0.762868,1.008575,0.678764,0.343108,0.027495,-0.630682,-0.397572,-0.297886,-0.576694,-0.212323,0.178959,0.192029,0.169273,-0.006764,0.256071,-0.147329,0.244566,0.051187,0.202967,0.161051,0.275758
0.728947,1.146112,0.956765,0.147573,0.137454,0.297899,0.933052,3.853051,1.039521,0.121796,-1.642797,0.130201,1.516544,-0.775686,0.540005,0.752371,-0.160102,-0.179352,-0.313158,0.019056,0.156867,0.225654,0.373752,0.428731,0.846129,-0.649167,-0.180689,-0.013659,0.821888,-0.521119,0.056741,0.122510,0.155964,0.323494,-0.517594,-0.426715,0.567445,-0.210344,-0.424996,-0.412059,0.106615,-0.260091,1.554794,0.275187,-1.646092,-0.847289,3.384139,0.858915,-1.252899,-0.622972,-1.359142,-5.079977,5.387597,-3.530718,3.189091,-1.199589,1.599496,-0.737427,-0.187857,0.878206,0.564959,-3.105996,0.198595,0.432482,2.595277,0.054016,1.544583,1.256968,0.062387,1.546936,0.326375,0.356411,0.022468,-0.629269,-0.425465,-0.258602,-0.557196,-0.205845,0.180008,0.189642,0.164783,-0.023311,0.254757,-0.130102,0.246268,0.052732,0.216638,0.144944,0.266816
0.778972,1.207117,0.950491,0.134637,0.124950,0.323757,0.928139,3.880003,0.777396,-0.009863,-1.855739,-0.334517,2.569789,-0.736372,0.532051,0.687196,-0.177288,-0.093281,-0.285536,0.025529,0.136002,0.198205,0.347095,0.578143,0.732363,-0.566051,-0.218363,-0.008151,0.788895,-0.502519,0.095076,0.138743,0.066033,0.335201,-0.493353,-0.344533,0.608414,-0.180846,-0.410293,-0.413475,0.144808,-0.279969,1.965741,-0.397685,-3.258717,-0.859296,4.303540,1.381144,0.323662,-1.043254,-1.372453,-1.332823,7.470607,-5.688269,4.155761,-1.883688,0.275374,-1.649660,0.929988,1.916738,0.811669,-4.496530,0.585332,1.212034,4.109110,2.048439,1.474905,0.735169,-0.070800,1.909620,-0.993873,0.342249,0.010632,-0.638075,-0.450169,-0.208018,-0.529256,-0.189672,0.186242,0.185958,0.157182,-0.046862,0.249511,-0.097576,0.249301,0.054373,0.236408,0.118042,0.247758
0.829231,1.268869,0.940534,0.122404,0.105417,0.351058,0.922314,3.970828,0.522332,-0.235842,-2.031105,-0.985499,2.828259,-0.674393,0.515387,0.599611,-0.179788,-0.016906,-0.246031,0.054588,0.087832,0.179257,0.358633,0.746108,0.608640,-0.481792,-0.234776,-0.003989,0.728138,-0.452653,0.098470,0.124243,-0.027447,0.350487,-0.461001,-0.228023,0.672108,-0.076891,-0.398072,-0.422408,0.140648,-0.195334,3.098939,-0.833220,-4.379289,-0.125024,3.818789,1.975228,1.452958,-2.408517,-0.947402,0.576913,8.398232,-6.186164,4.212966,-0.820636,0.208135,-3.037826,2.493298,0.169712,-0.724997,-4.674034,0.764305,1.617627,5.825500,3.184695,5.197776,0.611043,-0.446616,-0.207992,4.231728,0.304253,0.002700,-0.658157,-0.466805,-0.155881,-0.492229,-0.164472,0.193625,0.184029,0.146416,-0.072132,0.239507,-0.054964,0.248583,0.057867,0.257369,0.082717,0.218416
0.878301,1.330161,0.927530,0.111655,0.086360,0.372733,0.917140,3.938419,0.331490,-0.461767,-1.789297,-1.089944,2.295128,-0.620666,0.465455,0.513109,-0.192725,-0.002584,-0.209779,0.018345,-0.009967,0.163639,0.386677,0.948287,0.470165,-0.392240,-0.133965,-0.015047,0.657457,-0.379930,0.127772,0.065567,-0.133960,0.347120,-0.435996,-0.092958,0.695330,0.074337,-0.398762,-0.395441,0.093579,-0.039771,2.686339,-2.496604,-4.325078,-0.646812,0.716072,1.812592,-1.812148,-4.889951,-0.780924,1.402185,10.108985,-6.923749,4.477606,5.040511,-0.552900,-3.534044,3.636134,1.465102,-2.933812,-5.325616,-0.168341,1.250238,6.753223,1.161108,7.561395,-0.034478,1.348323,-2.353435,7.778172,0.263742,0.004615,-0.677002,-0.464695,-0.116009,-0.453420,-0.136251,0.199756,0.180350,0.130525,-0.092978,0.228483,-0.006772,0.239473,0.064861,0.272206,0.044360,0.182113
0.927160,1.389405,0.912083,0.103766,0.061882,0.390284,0.912733,3.853182,0.103284,-0.693988,-1.706154,-1.742045,1.964605,-0.576829,0.413998,0.423182,-0.176425,-0.053359,-0.173145,0.006789,-0.131460,0.178153,0.466236,1.170022,0.291531,-0.313362,-0.015701,-0.067284,0.580508,-0.324050,0.116082,-0.017982,-0.221664,0.320608,-0.416983,0.018931,0.742965,0.119794,-0.320787,-0.318837,0.107751,0.031502,2.191868,-2.572849,-4.496364,0.814984,-2.538735,1.831725,-0.577828,-6.074650,0.725708,3.977939,11.086711,-8.931726,3.943923,5.913235,-2.611883,-3.847459,2.794010,-0.584489,-4.177430,-4.385201,-1.325586,0.950661,5.594462,2.381762,2.272846,3.898729,3.830183,0.708588,3.563655,0.213017,0.019077,-0.694159,-0.450425,-0.087700,-0.410579,-0.097205,0.207119,0.175718,0.116570,-0.110400,0.217535,0.052309,0.229751,0.074659,0.280439,0.001517,0.140147
0.974925,1.447306,0.900992,0.125647,0.049273,0.396691,0.907977,3.740690,0.053453,-0.629982,1.500542,-1.932001,1.021664,-0.534818,0.349725,0.350671,-0.223170,-0.212364,-0.202416,0.032009,-0.201109,0.238140,0.661778,1.408367,0.079747,-0.223069,-0.193734,-0.133275,0.526543,-0.292423,0.096313,-0.085965,-0.307693,0.285315,-0.402535,0.069385,0.746594,0.122214,-0.289444,-0.295805,0.130001,0.028133,2.100539,-3.213618,-3.625556,-2.337273,-7.950262,-1.463590,1.261019,-3.482464,2.999370,9.777110,11.917241,-10.589201,4.514639,-8.901652,-3.299562,-2.698266,1.581375,-0.988460,-3.399192,-4.301443,-1.764679,0.722410,2.522698,0.181447,0.120988,1.567143,1.151643,1.112517,-0.168484,0.125323,-0.005581,-0.696303,-0.421832,-0.104350,-0.372780,-0.053155,0.222158,0.157064,0.103463,-0.113353,0.215959,0.112061,0.215785,0.076691,0.273438,-0.035767,0.105470
1.019591,1.499576,0.894686,0.153804,0.048915,0.404247,0.900298,3.422898,-0.056110,-0.444893,2.606501,-1.056943,1.086863,-0.468215,0.213031,0.267231,-0.301907,-0.346048,-0.268696,0.036995,-0.171238,0.284193,0.728600,1.639213,-0.140122,-0.114225,-0.286596,-0.180548,0.502256,-0.271934,0.100902,-0.125502,-0.348924,0.256829,-0.417610,0.072833,0.886112,0.117313,-0.271207,-0.262248,0.137780,0.095233,3.330118,-6.834722,-4.172001,-3.936839,-6.684208,-3.314001,0.249313,1.493577,2.302654,3.341097,11.542336,-10.993427,5.442194,-4.643103,-2.363650,-1.214325,1.024430,0.229441,-1.976845,-2.061584,-1.424311,-0.753783,0.172403,6.975884,-0.245074,0.911864,1.677842,0.388948,3.355042,0.059868,-0.042134,-0.689920,-0.371846,-0.133685,-0.354946,-0.006033,0.236636,0.133601,0.083553,-0.110783,0.222530,0.168474,0.202678,0.087388,0.250940,-0.074649,0.087285
1.066861,1.550197,0.891712,0.162116,0.041316,0.419385,0.892260,3.442931,-0.277686,-0.289252,0.508595,-0.745025,1.844995,-0.343375,0.043866,0.159978,-0.342052,-0.352968,-0.291733,-0.010628,-0.108164,0.306648,0.720998,1.804499,-0.349931,0.014796,-0.377394,-0.201412,0.488365,-0.254229,0.105933,-0.146007,-0.402819,0.235893,-0.437392,0.058451,0.837758,0.238183,-0.259496,-0.259090,0.215381,0.109973,6.242000,-8.458220,-5.362612,-2.007236,-0.346008,-1.151818,-2.381147,3.153686,1.122705,-0.380110,8.264264,-10.490457,6.451064,-4.539936,-1.043184,-0.694565,0.885247,0.251568,-1.025223,-2.694720,-1.046806,-0.989072,-0.719107,-2.417675,6.043530,0.585564,0.157871,3.880053,0.736987,-0.010828,-0.047503,-0.692280,-0.318592,-0.142566,-0.357272,0.045787,0.238589,0.125442,0.058430,-0.114670,0.226961,0.216670,0.176284,0.115499,0.214002,-0.117712,0.075062
1.115672,1.601125,0.891532,0.147206,0.021274,0.430074,0.890457,3.501040,-0.362471,-0.228068,-2.182441,-0.929853,1.332025,-0.202753,-0.123864,0.035847,-0.299168,-0.269250,-0.254193,-0.074560,-0.058422,0.310441,0.719472,1.899162,-0.520647,0.143018,-0.463136,-0.210473,0.480692,-0.265942,0.069682,-0.135730,-0.408944,0.228633,-0.452732,0.024192,0.825775,0.398373,-0.238514,-0.236812,0.227255,0.210630,7.031110,-8.386497,-6.206575,2.144169,4.185913,1.877002,-3.196630,2.487092,0.189670,-0.076275,4.733169,-8.535816,6.411060,-4.287075,-0.453034,-0.383638,-0.585651,-1.812593,0.513830,-0.306269,-0.362966,-0.767024,-1.712954,-0.599169,8.009511,1.049109,1.113915,0.593701,5.032867,-0.085875,-0.007744,-0.696616,-0.269397,-0.138638,-0.375319,0.094768,0.225737,0.136018,0.030735,-0.127941,0.228098,0.254815,0.142142,0.152922,0.167788,-0.157494,0.063831
1.164964,1.651454,0.892401,0.116420,0.012999,0.439829,0.890409,3.492282,-0.438805,-0.141242,-3.088691,0.785728,0.985598,-0.107030,-0.330240,-0.099392,-0.222428,-0.183916,-0.198503,-0.127472,-0.045158,0.276280,0.718795,1.945661,-0.641801,0.256852,-0.547345,-0.222768,0.517908,-0.342324,0.031326,-0.113825,-0.382249,0.211991,-0.475751,-0.017054,0.859035,0.412679,-0.249923,-0.218849,0.263182,0.318996,4.786175,-10.318838,-6.761933,3.837041,4.266713,2.784493,-2.645601,0.663204,-1.708041,-0.033854,2.324975,-6.057666,5.691721,-4.210440,-0.614742,1.860764,-3.819078,-1.917796,1.095277,1.334737,-0.832126,-1.150936,-2.062276,1.663018,0.715288,-0.570492,0.898128,1.796365,5.418259,-0.135607,0.046268,-0.696727,-0.207529,-0.128338,-0.410861,0.132287,0.207179,0.157164,-0.003810,-0.144475,0.231343,0.275620,0.106537,0.195963,0.118187,-0.195911,0.063712
1.214623,1.705307,0.900841,0.086997,0.006312,0.447687,0.889926,3.664118,-0.335453,0.235173,-2.902040,0.817670,0.798597,0.013408,-0.506682,-0.230046,-0.152267,-0.144566,-0.137232,-0.193031,-0.051992,0.251182,0.655555,1.919644,-0.729753,0.354371,-0.588414,-0.236277,0.574747,-0.447172,0.021847,-0.095994,-0.352436,0.192789,-0.509783,-0.052846,0.861533,0.377615,-0.231480,-0.190739,0.264068,0.411231,6.021910,-8.822063,-6.532708,3.508026,1.967513,3.063565,-3.277936,-0.341702,-1.254920,-3.162019,-1.300885,-4.397598,4.875930,-2.053452,-0.675445,2.841956,-5.242414,-0.473907,0.891535,1.490652,-0.960080,-1.701588,-1.789594,0.124873,-1.753216,0.922144,1.405518,0.044299,4.611743,-0.185523,0.097074,-0.694226,-0.148337,-0.121327,-0.451317,0.162034,0.183838,0.179713,-0.038159,-0.158672,0.233786,0.285396,0.068881,0.233683,0.066185,-0.227108,0.062720
1.268144,1.761137,0.913882,0.062056,0.001008,0.447637,0.892059,3.868361,-0.412793,0.493975,-2.469960,0.659140,-0.054906,0.156751,-0.642453,-0.339218,-0.063530,-0.153496,-0.078464,-0.205727,-0.085505,0.238189,0.517029,1.831650,-0.768866,0.435928,-0.533145,-0.252101,0.639768,-0.564426,-0.024566,-0.123587,-0.323228,0.180931,-0.539182,-0.074845,0.852010,0.367059,-0.236227,-0.185216,0.281349,0.476722,7.167123,-6.788573,-5.458605,4.436872,-0.446527,2.938383,-0.634783,-1.675627,-0.649631,-6.926270,-4.399670,-1.955642,4.077860,2.763447,-0.791245,3.251040,-5.862686,-2.320689,-1.379660,1.460405,-0.592893,-1.469935,-1.099979,-0.476162,-0.527786,-0.237350,0.276150,0.864012,3.274585,-0.235989,0.139099,-0.689442,-0.088308,-0.113698,-0.495148,0.180680,0.161368,0.199102,-0.068144,-0.170026,0.235647,0.286405,0.035689,0.258136,0.017949,-0.248667,0.060623
1.325257,1.817154,0.930517,0.034848,-0.000337,0.448462,0.893122,3.977111,-0.568661,0.742037,-2.490358,1.111367,0.037368,0.281837,-0.736612,-0.443612,0.031294,-0.171332,-0.016642,-0.199354,-0.151517,0.225839,0.363000,1.683664,-0.755658,0.501144,-0.406347,-0.256278,0.695941,-0.654160,-0.080753,-0.155332,-0.286902,0.165873,-0.565251,-0.072659,0.813202,0.363024,-0.270554,-0.193595,0.283196,0.522711,6.254328,-4.707962,-5.219695,4.741194,-0.891792,3.091089,0.318644,-3.300609,-0.617498,-7.701473,-7.399319,0.660383,3.260808,6.339911,-0.208808,2.808693,-4.486705,-2.809345,-1.587267,1.816293,-0.752905,-1.303486,0.109300,-1.940389,-0.201779,-1.716332,-0.418962,0.092378,2.299423,-0.272881,0.182876,-0.681595,-0.021055,-0.098203,-0.541467,0.190293,0.138330,0.216120,-0.097719,-0.176540,0.233342,0.280358,0.004076,0.273235,-0.028312,-0.260867,0.053679
1.384338,1.872572,0.947939,0.003754,0.006465,0.446973,0.894516,3.982191,-0.687539,0.912480,-2.477539,1.998594,-0.210705,0.373903,-0.803801,-0.519738,0.114839,-0.178070,0.062720,-0.202323,-0.236029,0.202323,0.213447,1.484529,-0.711485,0.573788,-0.226113,-0.230725,0.725704,-0.719074,-0.118423,-0.172928,-0.269287,0.132403,-0.591951,-0.067652,0.811786,0.336207,-0.260713,-0.219902,0.325094,0.529338,4.603292,-3.359415,-3.806282,4.177234,-0.336887,3.968095,-0.148445,-4.225588,-1.175821,-7.477654,-9.956743,2.208630,3.632190,9.011678,1.277611,1.488135,-3.245694,-1.883492,-0.879771,0.880776,-1.673516,-1.334992,0.250347,-0.070778,-1.340826,0.492057,-1.315340,2.094880,0.331350,-0.289396,0.225666,-0.674591,0.061357,-0.076763,-0.583040,0.186933,0.117258,0.234530,-0.127097,-0.181858,0.225033,0.265264,-0.024280,0.285147,-0.068580,-0.266494,0.042067
1.444279,1.928050,0.963651,-0.024490,0.013467,0.441490,0.896831,3.986444,-0.711190,0.946791,-2.214793,1.883319,-0.611528,0.446745,-0.829958,-0.574860,0.178224,-0.153848,0.143592,-0.211163,-0.314025,0.187908,0.095238,1.240692,-0.664556,0.644723,-0.040850,-0.180445,0.729453,-0.769648,-0.118143,-0.158267,-0.259864,0.076153,-0.617934,-0.075496,0.834630,0.311909,-0.245620,-0.231969,0.349026,0.559854,3.642064,-1.307869,-2.756121,3.169259,1.211114,4.043603,-0.441995,-3.899812,-0.720715,-5.910458,-12.191828,2.346458,3.546756,9.263165,2.514026,0.187457,-2.528719,0.014003,0.733030,0.471156,-2.812472,-1.299130,-0.392170,1.142203,-1.214924,0.754638,-0.603349,1.196589,1.525820,-0.300425,0.259645,-0.664333,0.146350,-0.053145,-0.613940,0.178965,0.097401,0.249334,-0.151677,-0.186850,0.213912,0.247892,-0.049627,0.291689,-0.100476,-0.270700,0.029432
1.505680,1.981659,0.973166,-0.047747,0.002555,0.443099,0.895197,3.967949,-0.860196,0.592934,-2.573820,0.045194,0.166326,0.521038,-0.779217,-0.640463,0.240959,-0.102255,0.191489,-0.244748,-0.386076,0.208469,0.032784,0.954478,-0.627959,0.673191,0.125504,-0.104463,0.766239,-0.827944,-0.101342,-0.046498,-0.243298,0.088533,-0.611236,-0.073734,0.781465,0.495454,-0.337898,-0.135639,0.335947,0.657329,3.714647,2.537062,-3.280176,3.136757,2.579630,2.394873,-1.679274,-3.602552,1.028042,-3.122676,-14.310748,1.829842,1.423383,8.317696,3.799087,1.839269,-2.914808,0.840057,5.588457,0.828293,0.618997,0.334868,0.088062,-2.658256,9.177292,-4.613912,4.816518,-0.653935,4.873751,-0.322796,0.298666,-0.640094,0.207451,-0.026581,-0.640513,0.180311,0.080241,0.257256,-0.167449,-0.189842,0.207361,0.242243,-0.070799,0.286746,-0.128304,-0.266393,0.013910
1.564255,2.037473,0.979361,-0.050878,0.003944,0.433595,0.899662,3.987717,-0.586507,0.464723,-0.197132,0.303618,-1.041587,0.573350,-0.747103,-0.654467,0.199100,-0.026717,0.214687,-0.304607,-0.348232,0.207633,0.079270,0.676409,-0.602524,0.699155,0.083741,-0.033859,0.767165,-0.872960,-0.055595,0.039275,-0.246580,0.067348,-0.619937,-0.096970,0.796703,0.493691,-0.315748,-0.115494,0.345941,0.690616,2.615626,1.605676,-0.700177,-2.092952,3.776888,1.159883,-2.992961,1.892188,-0.041811,2.324270,-13.903414,1.271741,1.298216,-2.088132,3.530184,0.046316,-2.250803,2.287346,4.288657,-0.164109,-1.059255,-0.435043,-1.161754,0.761880,-0.088177,1.107544,1.007246,0.499694,1.664344,-0.360745,0.285607,-0.619767,0.264922,-0.023996,-0.653385,0.176638,0.075631,0.260487,-0.174151,-0.193720,0.205356,0.237574,-0.076592,0.285185,-0.135643,-0.270652,0.013261
1.624629,2.088243,0.978734,-0.052013,0.010224,0.421786,0.905145,3.881506,-0.683900,0.153170,0.197458,0.677932,-1.266322,0.603859,-0.732651,-0.633680,0.140734,0.056377,0.225636,-0.349502,-0.260153,0.197752,0.148618,0.454325,-0.602038,0.689632,0.066036,-0.029976,0.756991,-0.890290,-0.053761,0.071250,-0.266975,0.056009,-0.620620,-0.113801,0.836325,0.458588,-0.273104,-0.104082,0.362275,0.687644,1.525451,0.722614,1.039331,-2.918321,4.154728,0.547440,-2.244746,4.403956,-0.494060,3.467407,-11.104221,0.024326,-0.476144,-0.885249,0.194169,-0.508686,-0.866484,0.091702,1.598727,-1.019749,-0.566946,-0.034145,-0.841553,1.981105,-1.755123,2.132180,0.570566,0.816719,-0.148600,-0.392246,0.263961,-0.602062,0.314407,-0.018974,-0.648680,0.171884,0.077571,0.262354,-0.172350,-0.199535,0.202396,0.235456,-0.075081,0.285536,-0.126182,-0.278479,0.013931
1.685273,2.139491,0.973311,-0.048227,0.015354,0.410538,0.910438,3.938677,-0.564051,-0.047748,0.585191,0.365684,-1.214543,0.623621,-0.724282,-0.638368,0.087265,0.113797,0.221924,-0.348720,-0.143874,0.182019,0.225517,0.326013,-0.556403,0.594635,0.077306,-0.047066,0.746849,-0.920763,-0.121641,0.066471,-0.241259,0.126696,-0.604080,-0.104737,0.824781,0.443354,-0.295309,-0.107634,0.375554,0.642583,0.988087,0.418458,-0.234384,-2.673428,2.870964,-0.185591,0.039103,5.813933,-0.786630,3.844982,-6.415579,2.281726,-4.749829,0.563465,-0.854507,-0.507120,-1.523654,-3.394011,-0.238917,1.285815,3.534337,0.827007,0.453185,-0.577198,-0.761706,-1.110254,-0.177567,0.663960,-2.253041,-0.420489,0.239286,-0.582652,0.342546,-0.019798,-0.641026,0.167416,0.081612,0.260820,-0.170669,-0.202703,0.198075,0.236791,-0.069475,0.283201,-0.109321,-0.283036,0.013957
1.746343,2.190899,0.966286,-0.035173,0.019621,0.398906,0.916107,3.976979,-0.472824,-0.120121,1.388528,-0.097672,-1.264104,0.620149,-0.709071,-0.612051,0.041858,0.121394,0.201659,-0.280552,-0.082648,0.155875,0.335418,0.288785,-0.498754,0.497761,0.117762,-0.055504,0.705455,-0.899448,-0.206698,0.043145,-0.214578,0.183615,-0.583742,-0.069751,0.820931,0.429589,-0.290763,-0.113865,0.385001,0.620059,-0.173578,0.760536,1.315867,-2.270355,0.379841,-1.013268,3.408398,3.061332,-1.307222,5.495045,-1.861397,2.882470,-4.843707,2.022787,-0.421876,-2.069688,1.065742,-4.252831,-1.166302,1.334011,2.845960,1.016913,1.749280,-0.192489,-0.688242,0.227281,-0.311583,0.472338,-1.126211,-0.445810,0.207636,-0.559360,0.345147,-0.029553,-0.643259,0.159228,0.093677,0.254363,-0.161829,-0.203586,0.196012,0.240771,-0.052966,0.278420,-0.085719,-0.287216,0.016253
1.808954,2.241334,0.956729,-0.021211,0.016922,0.386722,0.921797,4.011236,-0.456542,-0.299233,1.196920,-0.780094,-1.325145,0.585798,-0.681625,-0.575601,0.041041,0.116370,0.176705,-0.143430,-0.074619,0.141422,0.515555,0.332399,-0.424913,0.379729,0.120632,-0.075822,0.638116,-0.882536,-0.219724,0.032804,-0.185808,0.246258,-0.556125,-0.034107,0.763743,0.317933,-0.354058,-0.165016,0.326647,0.578235,-1.717544,1.372281,1.822507,-0.040831,-0.251200,-1.247684,6.856133,0.401440,-0.722616,9.006851,2.180689,3.692059,-5.901603,0.143506,-1.015910,-3.366959,0.845585,-0.651317,-0.517051,1.438503,3.132114,1.380811,1.782233,-2.859389,-5.582840,-3.164718,-2.557518,-2.917696,-2.091209,-0.466348,0.181124,-0.524157,0.317993,-0.034055,-0.657886,0.149281,0.106201,0.243739,-0.146497,-0.208291,0.195133,0.243873,-0.033254,0.265206,-0.051944,-0.292887,0.023309
1.868152,2.294356,0.943691,-0.005223,0.003856,0.376935,0.926217,3.976947,-0.164876,-0.608974,0.984408,-1.822785,-1.052349,0.550822,-0.618618,-0.533631,0.093379,0.104158,0.152163,0.023957,-0.062931,0.150304,0.726744,0.397617,-0.350991,0.271971,0.072474,-0.068303,0.568187,-0.846981,-0.156499,0.054447,-0.170594,0.277596,-0.510867,-0.020076,0.733944,0.214559,-0.339194,-0.188656,0.309995,0.510433,-1.748795,3.150370,2.098485,2.616897,-0.610567,-1.227087,8.369311,0.584381,0.444090,10.559452,3.260914,3.696069,-5.387935,-2.407862,0.375931,-3.496428,1.777771,3.161275,1.082162,0.760734,1.566900,2.262948,0.701513,-1.489965,-5.168659,0.743200,-1.181988,-0.832591,-3.390101,-0.479870,0.157054,-0.478575,0.263013,-0.043740,-0.683045,0.140085,0.116550,0.232039,-0.125965,-0.213684,0.194342,0.253554,-0.014620,0.243091,-0.014206,-0.295693,0.031455
1.926778,2.345782,0.927186,0.016813,-0.009059,0.368153,0.929569,3.871266,-0.154651,-0.935283,1.550002,-2.037683,-0.906702,0.509689,-0.552742,-0.488201,0.165414,0.063795,0.124041,0.154426,-0.076579,0.158422,0.957452,0.441509,-0.269277,0.160762,-0.021722,0.116453,0.514366,-0.827378,-0.073906,0.078145,-0.136205,0.312285,-0.479500,-0.020065,0.726185,0.134951,-0.305564,-0.184218,0.249276,0.420135,-2.056694,3.293808,2.271487,3.601748,-2.018182,-1.406084,6.523484,-0.682366,0.405895,11.535366,2.194574,4.085718,-5.560426,-4.709822,9.237811,-2.691074,0.980128,4.129632,1.184900,1.719421,1.734478,1.568314,0.000555,-0.387966,-3.980430,1.681467,0.221888,-3.035992,-4.514868,-0.477212,0.134877,-0.433878,0.208864,-0.062725,-0.702767,0.128862,0.128435,0.221776,-0.103578,-0.219199,0.195935,0.261008,0.010422,0.222011,0.025780,-0.296557,0.044100
1.985469,2.390898,0.907534,0.019740,-0.017151,0.354253,0.934784,3.643493,-0.282003,-1.144971,-0.065524,-0.889748,-1.456485,0.410979,-0.560671,-0.408994,0.243295,0.116303,0.121712,0.208777,-0.057244,0.184101,1.204624,0.610567,-0.206923,0.052376,-0.123826,0.053380,0.512929,-0.765312,0.014403,-0.061021,-0.101606,0.308349,-0.470551,-0.026031,0.688634,0.120078,-0.233168,-0.172975,0.231848,0.341910,-4.935456,-0.396450,3.960363,3.894023,2.625412,-0.116472,2.717521,0.966731,1.283927,12.358613,8.452892,3.117721,-5.419304,-5.105204,-3.153649,-0.071863,3.103327,4.415462,-6.958320,1.729970,-0.196805,0.447464,-0.298290,-1.877533,-0.743660,3.619819,0.562145,-0.871374,-3.911278,-0.445806,0.127723,-0.409110,0.158919,-0.040285,-0.700661,0.115653,0.140462,0.219505,-0.071390,-0.227296,0.188833,0.266136,0.043190,0.207944,0.078718,-0.290374,0.050270
2.035500,2.436572,0.892579,-0.000302,-0.031533,0.336558,0.941135,3.332388,0.197959,-0.942381,-2.431025,-0.702878,-1.782212,0.268797,-0.550933,-0.301812,0.300791,0.168102,0.175053,0.174566,-0.086017,0.227575,1.432507,0.790466,-0.158212,-0.067059,-0.197373,-0.114188,0.481426,-0.689245,0.005497,-0.013465,-0.130387,0.293053,-0.438376,-0.022300,0.711669,0.154590,-0.229647,-0.215375,0.224706,0.222090,-7.109107,0.486899,5.359073,2.874810,2.589982,2.667050,-1.710532,-1.438664,2.173699,11.394159,8.994960,2.435547,-5.971737,-3.677357,-8.378388,-1.575119,3.803365,-0.445333,2.377784,-1.439056,-0.764790,1.608759,0.186548,1.151728,1.725612,0.176056,-2.119986,-0.357118,-5.990999,-0.399359,0.139687,-0.396419,0.096106,-0.008887,-0.689165,0.096850,0.140578,0.224285,-0.029760,-0.239635,0.167545,0.258348,0.063949,0.188507,0.141332,-0.273878,0.045368
2.085136,2.480599,0.886001,-0.014355,-0.040440,0.309039,0.950081,3.272543,0.342666,-0.535422,-1.747424,-0.356868,-2.823014,0.095696,-0.472648,-0.199725,0.269128,0.245497,0.224885,0.104158,-0.048024,0.253798,1.598665,0.814684,-0.044399,-0.217903,-0.228850,-0.183648,0.450542,-0.633386,-0.012196,-0.003051,-0.131730,0.307938,-0.434095,-0.027564,0.685101,0.119987,-0.245982,-0.234100,0.188326,0.178812,-8.655076,3.914225,5.104346,-1.583165,3.869732,2.491619,-3.520398,1.899693,1.311185,8.307914,1.210897,5.690641,-7.542205,-1.573815,-3.473002,-1.544213,2.792953,-0.884630,0.520705,-0.067164,0.744225,0.214057,-0.263183,-1.328364,-1.730133,-0.816730,-0.936272,-1.818995,-2.163869,-0.345333,0.143577,-0.404005,0.039317,0.013722,-0.687966,0.070368,0.140098,0.230634,0.013865,-0.245187,0.149915,0.236157,0.092778,0.171837,0.202608,-0.246488,0.053106
2.136654,2.524288,0.886719,-0.003294,-0.043751,0.292211,0.955347,3.349336,0.372752,-0.226645,0.874706,-0.574380,-1.825477,-0.075838,-0.350318,-0.107141,0.144124,0.254346,0.219045,0.037575,0.014900,0.259199,1.692115,0.822375,0.080303,-0.348760,-0.271388,-0.302093,0.456596,-0.588910,-0.004249,-0.011950,-0.138809,0.297726,-0.435006,-0.032430,0.634659,-0.003521,-0.255737,-0.233898,0.177607,0.106549,-8.576673,6.116542,4.629223,-6.250189,0.442422,-0.292024,-3.329165,3.146181,0.270048,4.672484,0.384569,6.235109,-6.542836,-2.126943,-5.922271,0.302718,2.223776,0.397325,-0.444934,-0.353915,-0.510604,-0.045559,-0.243291,-2.522109,-6.175421,-0.487769,0.010118,-0.535963,-3.613183,-0.291235,0.134911,-0.428144,-0.030620,-0.003163,-0.691580,0.044382,0.148126,0.233699,0.051823,-0.238536,0.149411,0.206918,0.126260,0.155540,0.250410,-0.218052,0.078837
2.188504,2.568407,0.890662,0.013314,-0.035824,0.273746,0.961042,3.370889,0.509179,-0.062759,1.709792,0.336593,-2.017616,-0.257457,-0.246448,0.000068,0.036140,0.241240,0.188903,0.025706,0.094110,0.254705,1.737795,0.820170,0.179826,-0.468060,-0.309978,-0.381542,0.495031,-0.521038,0.016674,-0.012702,-0.151675,0.262002,-0.436062,-0.040537,0.509693,-0.080072,-0.251390,-0.230653,0.111911,0.044678,-9.080947,5.193470,5.360465,-5.399203,-0.655294,-1.507116,-0.593463,3.960503,-0.224718,2.283997,-0.110240,4.976159,-5.965003,-1.929485,-3.972435,1.921735,3.393583,1.046172,-0.037621,-0.643329,-1.786193,-0.052820,-0.405350,-6.248291,-3.827562,0.217337,0.162231,-3.284794,-3.093517,-0.229123,0.116021,-0.462251,-0.084877,-0.034993,-0.692391,0.017766,0.159730,0.235743,0.089389,-0.220624,0.155958,0.173926,0.160097,0.143578,0.292092,-0.178127,0.114217
2.243921,2.611620,0.899250,0.025495,-0.018436,0.259614,0.965200,3.497205,0.492404,0.239630,1.568367,1.341285,-1.556957,-0.442633,-0.139898,0.112623,0.018740,0.212448,0.150205,0.055654,0.157901,0.228424,1.731256,0.760613,0.272538,-0.556772,-0.343738,-0.435349,0.555467,-0.471361,0.062914,-0.023403,-0.156497,0.220956,-0.446450,-0.068162,0.448578,-0.127492,-0.259505,-0.207620,0.085049,-0.000026,-9.258826,5.327507,5.627758,-0.870004,-1.439589,-1.934865,1.497439,3.189564,-1.314044,-0.326929,-2.977893,4.635563,-4.435616,-1.687995,-2.690329,3.021819,2.483869,2.311988,-0.535055,-0.241099,-2.052295,-0.519413,-1.381289,-3.055787,-2.370985,-0.405765,1.151671,-1.343083,-2.235235,-0.157635,0.101219,-0.500668,-0.126548,-0.064529,-0.696121,-0.013533,0.170228,0.238232,0.118369,-0.198395,0.167642,0.134867,0.189149,0.137924,0.318098,-0.134862,0.155325
2.303067,2.655192,0.912889,0.036845,-0.003903,0.244718,0.968886,3.652946,0.555884,0.551302,1.432841,1.076939,-1.600276,-0.572162,-0.006843,0.226819,0.073353,0.161132,0.104779,0.121841,0.210554,0.202074,1.659994,0.637684,0.367167,-0.613623,-0.358567,-0.430719,0.619405,-0.417243,0.120347,0.007196,-0.157882,0.188138,-0.458330,-0.103781,0.345894,-0.190137,-0.279741,-0.186252,0.071446,-0.099106,-6.476443,6.652749,5.709754,2.730679,-2.565811,-2.271305,3.309311,2.632612,-1.317495,-3.563148,-6.146444,4.731454,-2.842571,-0.741468,0.231454,3.196856,2.705896,2.871640,1.529977,-0.069220,-1.640898,-0.593962,-1.780937,-5.134192,-3.132226,-1.011767,1.068379,-0.680157,-4.953967,-0.091414,0.088250,-0.538301,-0.170481,-0.096793,-0.701099,-0.047031,0.177129,0.239599,0.139830,-0.171470,0.179942,0.091146,0.211688,0.132255,0.328819,-0.085264,0.190595
2.364139,2.699656,0.930278,0.049854,0.009227,0.222565,0.973599,3.719767,0.759308,0.780940,1.563919,0.874991,-2.316566,-0.638109,0.122129,0.347142,0.151074,0.094503,0.055976,0.225664,0.266539,0.180949,1.534271,0.488650,0.455790,-0.648250,-0.368937,-0.345053,0.686051,-0.375395,0.162207,0.052925,-0.126210,0.171669,-0.467967,-0.147482,0.242902,-0.193825,-0.309447,-0.192582,0.013638,-0.155654,-3.297375,6.448588,6.016151,3.886040,-3.331450,-2.440140,5.191152,2.799262,-1.056276,-6.286112,-7.451679,4.431155,-1.731331,-0.518503,4.283323,3.332335,2.092416,2.093023,2.286450,1.583558,-0.823441,-0.481882,-2.185062,-5.149609,-0.184438,-1.485323,-0.316520,-2.890375,-2.827440,-0.028901,0.071353,-0.575542,-0.207435,-0.136522,-0.703351,-0.081487,0.179637,0.239733,0.155968,-0.142176,0.191654,0.045277,0.231852,0.128577,0.326470,-0.032506,0.219708
2.426263,2.745810,0.949753,0.068175,0.025937,0.196021,0.977883,3.732782,1.068793,0.919721,2.158012,1.118827,-2.734146,-0.654548,0.220385,0.471823,0.181285,-0.004795,-0.012366,0.343463,0.315802,0.173294,1.350320,0.339585,0.539452,-0.665533,-0.373045,-0.183232,0.747282,-0.342365,0.178673,0.137024,-0.090710,0.166522,-0.476514,-0.198250,0.224637,-0.190426,-0.342810,-0.190610,0.029181,-0.169639,-0.821950,4.912812,6.234076,1.510532,-4.964859,-3.417127,5.889989,2.463166,-0.382710,-9.197584,-7.453255,4.183115,-0.864143,-0.205383,8.091042,3.061514,1.651488,0.823276,4.204947,1.775032,-0.257369,-0.427311,-2.538388,-0.913245,0.169948,-1.668118,0.098602,0.777136,-0.699253,0.035614,0.045947,-0.612547,-0.227301,-0.193116,-0.701860,-0.116390,0.180569,0.234745,0.166414,-0.108335,0.204338,-0.002906,0.244621,0.118339,0.313069,0.023857,0.241727
2.490581,2.792041,0.967674,0.085762,0.040293,0.173376,0.980287,3.769728,1.230889,0.873301,2.026652,0.948806,-2.305180,-0.653305,0.305392,0.577630,0.156702,-0.103111,-0.074585,0.418348,0.345833,0.166038,1.135262,0.198260,0.640451,-0.663751,-0.356239,0.023460,0.794276,-0.334157,0.159460,0.188931,-0.045192,0.178182,-0.487268,-0.249020,0.177157,-0.146143,-0.365532,-0.207341,0.003629,-0.148308,0.062163,4.250366,5.290338,-1.229125,-4.915842,-3.110920,3.744224,1.501552,-0.362843,-10.752876,-7.066269,5.049932,0.089105,0.840305,10.334603,2.349739,0.410410,-0.960630,2.595341,2.275882,0.582996,-0.537716,-2.538512,-2.373973,2.214174,-1.136135,-0.836525,-1.277628,1.066567,0.099203,0.025527,-0.642532,-0.241406,-0.245382,-0.693173,-0.148548,0.175662,0.230504,0.169523,-0.081086,0.214990,-0.049506,0.247929,0.108365,0.291459,0.067504,0.256447
2.553907,2.839100,0.980597,0.095323,0.059424,0.149374,0.982380,3.662820,1.444264,0.690752,1.293305,1.553774,-2.503172,-0.669519,0.342424,0.672556,0.110054,-0.186015,-0.135556,0.433170,0.343805,0.151327,0.903558,0.118946,0.740097,-0.658793,-0.311281,0.185472,0.825400,-0.355812,0.128518,0.206419,0.018608,0.207464,-0.507470,-0.302428,0.167565,-0.133875,-0.389894,-0.196473,0.025054,-0.109511,-0.810705,1.851593,4.746293,-2.332415,-4.145200,-3.048566,0.741080,-0.101416,-0.735522,-11.585180,-3.965681,4.982300,0.247872,2.247914,8.100603,1.556203,-1.082778,-1.547100,0.874420,3.190017,1.464119,-1.010129,-2.670371,-0.479596,0.613413,-1.218101,0.543392,1.071295,1.939858,0.171881,0.020337,-0.661011,-0.242881,-0.287489,-0.682933,-0.178986,0.166023,0.224739,0.168449,-0.059016,0.226765,-0.091944,0.244713,0.100899,0.264599,0.102575,0.269462
2.618245,2.884191,0.989072,0.092964,0.067215,0.135055,0.984175,3.652548,1.403616,0.547380,-0.070327,0.676179,-1.509194,-0.655176,0.384761,0.738545,0.063749,-0.231405,-0.163606,0.382756,0.276517,0.142515,0.655067,0.115154,0.829669,-0.653506,-0.254078,0.192118,0.843829,-0.376678,0.073519,0.223480,0.061809,0.235875,-0.529803,-0.361641,0.079203,0.013070,-0.408850,-0.247395,-0.008680,0.056970,0.717142,2.116863,3.299479,-2.315264,-2.269486,-1.402491,-2.520672,-3.364383,-0.440630,-12.424582,-0.189596,4.478630,0.264364,2.860141,0.332320,0.921410,-1.043290,-2.749928,0.853056,2.160037,1.420556,-1.116620,-2.960652,-4.418129,7.347249,-0.947803,-2.546075,-1.686712,8.324036,0.228677,0.036145,-0.674831,-0.268708,-0.302777,-0.666231,-0.198152,0.154179,0.225421,0.168109,-0.046412,0.232675,-0.121946,0.236315,0.100163,0.241038,0.119048,0.279235
2.680460,2.930353,0.991561,0.080917,0.065510,0.121850,0.987073,3.557729,1.515887,0.253550,-1.149666,-0.165445,-1.401003,-0.627483,0.430558,0.779531,0.043170,-0.263745,-0.156380,0.290659,0.169373,0.126609,0.445641,0.147908,0.900432,-0.672452,-0.214823,0.152543,0.845223,-0.433387,0.030381,0.243555,0.104994,0.281974,-0.556559,-0.386518,0.035296,-0.098857,-0.396481,-0.225093,0.043108,-0.043141,1.384674,2.289840,2.049291,-1.028956,-1.617003,0.361306,-4.604860,-5.357211,-0.795276,-10.471296,1.637712,3.538122,-0.947276,1.962733,-1.978774,0.069714,-2.835460,-2.156908,1.003710,2.159243,2.304933,-1.337816,-1.243858,-2.195355,-5.596383,0.618482,1.115071,2.589380,-5.005527,0.267686,0.068316,-0.680838,-0.305981,-0.304773,-0.645237,-0.207958,0.139595,0.232366,0.173090,-0.044044,0.237375,-0.140993,0.227477,0.108112,0.229662,0.126108,0.284521
2.742260,2.976522,0.989545,0.058598,0.062409,0.115275,0.989638,3.538470,1.535683,0.089562,-2.214220,-0.146465,-0.789928,-0.612609,0.464519,0.764669,0.053957,-0.259656,-0.117744,0.180925,0.083887,0.069115,0.307825,0.189740,0.970012,-0.680489,-0.212069,0.168827,0.794621,-0.466628,0.023194,0.232982,0.141467,0.357495,-0.569371,-0.380928,0.003548,-0.120846,-0.376368,-0.229629,0.067714,-0.094512,0.743678,1.698020,-0.743100,0.539367,0.204433,1.931801,-5.486705,-4.274279,-2.874728,-6.890814,2.091600,3.479030,-0.401861,0.137731,0.814204,-2.530106,-1.662053,-0.359335,-0.528651,1.823671,3.776077,-0.640593,0.279500,-1.587391,-1.099423,1.005614,-0.226782,1.230323,-2.568565,0.295395,0.110041,-0.678071,-0.338370,-0.287400,-0.630187,-0.210243,0.120488,0.242220,0.172777,-0.059724,0.238912,-0.149906,0.217260,0.121734,0.222074,0.112314,0.288588
2.802732,3.022437,0.983389,0.039404,0.058278,0.114577,0.990920,3.488309,1.527525,-0.076848,-1.943483,-0.221420,-0.170751,-0.601262,0.482650,0.751626,0.070445,-0.255505,-0.088797,0.098440,0.015441,0.027812,0.235620,0.259308,0.975456,-0.640397,-0.230467,0.181907,0.761282,-0.482915,0.026269,0.212621,0.164260,0.378038,-0.578041,-0.358672,-0.018252,-0.108974,-0.377080,-0.250712,0.020835,-0.053973,0.567348,0.906591,-0.652138,0.824387,0.207555,1.447332,-4.124258,-3.422336,-2.065121,-3.610252,3.478397,0.272189,2.004580,-0.919900,0.654009,-1.666919,-0.814342,0.153719,-1.018008,1.139655,1.027138,-0.433513,1.112776,-1.089989,0.593568,-0.035554,-1.054183,-2.343957,2.026957,0.307924,0.140568,-0.674271,-0.366715,-0.270243,-0.613113,-0.210216,0.109301,0.244970,0.169519,-0.075122,0.235963,-0.149668,0.214343,0.132803,0.224611,0.096891,0.283901
2.861284,3.068501,0.973616,0.024196,0.052230,0.127998,0.990103,3.452830,1.460413,-0.244057,-1.642801,-0.381660,1.277732,-0.591558,0.500798,0.702759,0.078156,-0.247411,-0.061489,0.073845,-0.056804,-0.001414,0.214060,0.341646,0.941176,-0.572965,-0.226344,0.166229,0.703300,-0.481551,0.043458,0.180043,0.159197,0.385537,-0.562474,-0.323186,0.004088,-0.034596,-0.379998,-0.283440,-0.002740,0.021034,0.485207,0.907358,-2.443368,0.385551,0.404729,1.365388,-1.229713,-3.612221,-1.461316,-1.077986,4.116862,-1.714034,3.371604,0.206129,-0.783932,-2.899097,0.068204,0.859478,-1.628906,-0.253188,0.374962,0.778360,1.774321,1.117018,3.718926,-0.145899,-1.636371,-1.178758,3.750355,0.307933,0.150724,-0.674558,-0.395385,-0.246413,-0.593141,-0.203052,0.107590,0.243089,0.161424,-0.095584,0.229191,-0.136710,0.216818,0.136610,0.233779,0.073650,0.270693
2.919686,3.114285,0.959433,0.012209,0.038509,0.149096,0.987997,3.509562,1.303937,-0.502918,-1.472930,-1.150170,2.079807,-0.566836,0.516650,0.637598,0.079613,-0.227166,-0.027084,0.090355,-0.103383,-0.014269,0.239521,0.452393,0.870933,-0.476341,-0.243203,0.143125,0.667756,-0.471350,0.060117,0.138479,0.128330,0.376523,-0.533310,-0.285861,0.048934,-0.005570,-0.379410,-0.287228,0.021434,-0.007438,1.236096,0.792635,-3.258049,0.072877,1.012257,1.720268,0.825498,-2.328948,-0.642762,1.273078,5.537381,-3.512151,4.831225,-0.842922,-1.155196,-1.777214,0.510071,0.832950,-2.078222,-1.543321,-0.450738,1.458226,1.866244,2.242264,1.451317,0.029369,-0.189406,1.208679,-1.423590,0.286746,0.147507,-0.684646,-0.425311,-0.217073,-0.565296,-0.189737,0.114022,0.241801,0.150046,-0.118562,0.217893,-0.112106,0.223329,0.139323,0.246889,0.044152,0.246293
2.978224,3.161307,0.942332,0.012130,0.022577,0.171977,0.984768,3.582864,1.194495,-0.749503,-0.336814,-1.548708,2.315735,-0.520889,0.511454,0.560726,0.047663,-0.214951,-0.012888,0.110260,-0.113363,0.002470,0.262970,0.602371,0.768685,-0.386152,-0.212643,0.102033,0.617242,-0.475172,0.063677,0.081544,0.060409,0.362915,-0.482295,-0.240731,0.104154,-0.075088,-0.374524,-0.266390,0.057968,-0.029051,2.297353,-0.259822,-3.843601,-1.597518,0.610721,0.709812,0.995233,-0.499009,0.836975,1.172425,7.498877,-5.112370,4.509412,1.527988,-2.054564,-2.525696,-0.191115,0.177961,-2.846765,-3.396038,-0.680377,2.550750,2.256522,2.761015,-3.475921,0.244313,1.041883,1.826741,-1.080674,0.253003,0.123600,-0.699976,-0.447089,-0.197352,-0.530296,-0.169969,0.128889,0.235539,0.137016,-0.136842,0.210439,-0.077001,0.229619,0.129839,0.259679,0.015384,0.215784
3.036993,3.206174,0.920250,0.003483,0.006304,0.193740,0.981027,3.582657,0.947783,-1.073506,-1.139416,-1.424284,2.212188,-0.491632,0.477540,0.478221,0.012995,-0.166099,0.014010,0.045652,-0.102609,0.010304,0.272940,0.762307,0.650793,-0.288362,-0.004190,0.069214,0.554783,-0.471746,0.055323,0.009990,-0.009508,0.336972,-0.425249,-0.199992,0.197482,-0.067399,-0.334507,-0.260143,0.127209,0.004967,1.462853,-1.695680,-4.125232,-1.733377,2.442607,1.344873,-3.230422,0.537675,0.391687,0.498504,7.996830,-5.894599,4.889529,10.422635,-1.640984,-3.122967,0.171301,-0.417674,-3.577692,-3.495886,-1.297172,2.852252,2.036950,4.666389,0.384467,2.000833,0.312392,3.462030,1.700891,0.227997,0.116298,-0.709379,-0.453495,-0.165399,-0.502804,-0.146367,0.139552,0.229773,0.119450,-0.156663,0.201307,-0.035550,0.230325,0.122279,0.265182,-0.022278,0.185822
3.092915,3.249032,0.898251,0.000339,-0.005217,0.227592,0.973743,3.444742,0.683493,-1.134386,-0.515832,-1.041047,3.466945,-0.526090,0.419494,0.361751,-0.043189,-0.127484,0.022499,-0.010050,-0.125477,0.033693,0.458372,0.942162,0.509081,-0.197481,-0.017392,0.004815,0.513743,-0.496417,0.055433,-0.046638,-0.058034,0.289267,-0.394462,-0.178500,0.204889,-0.156538,-0.269000,-0.222139,0.136221,0.079791,-1.722864,-2.902301,-5.823495,-2.809230,1.930762,0.424473,-2.785087,-1.143392,1.169446,9.271576,8.992743,-7.085629,4.544044,-0.660116,-3.219907,-2.051975,-1.233522,0.005496,-2.831401,-2.426265,-2.385205,1.539396,1.074581,0.370380,-4.456940,3.275362,1.900185,0.450614,3.741236,0.190637,0.097099,-0.710335,-0.445710,-0.129336,-0.478486,-0.113023,0.158915,0.221817,0.095660,-0.175823,0.197921,0.020874,0.231967,0.119672,0.264269,-0.072116,0.159975
3.141860,3.286582,0.881441,0.021158,-0.003763,0.260759,0.965165,3.043738,0.355584,-0.910846,2.104993,-0.369850,3.388907,-0.559102,0.302536,0.238025,-0.141091,-0.150438,-0.032475,0.004689,-0.124747,0.065907,0.688788,1.173704,0.332663,-0.132892,-0.195305,-0.095886,0.508112,-0.507412,0.087949,-0.024245,-0.112646,0.252999,-0.368510,-0.155215,0.252054,-0.068887,-0.269080,-0.156087,0.163377,0.207024,-1.650614,-5.847888,-6.186337,-4.895081,-1.147731,-2.748732,0.736980,0.036517,1.610739,11.520826,11.577098,-8.820865,3.229460,-8.895657,-5.035055,-0.281588,-0.549781,1.625803,1.119686,-2.730633,-1.813437,1.297596,1.164255,2.358208,4.382512,-0.003997,3.302601,1.357810,6.361618,0.137543,0.045276,-0.699355,-0.413810,-0.126699,-0.458694,-0.073097,0.188165,0.203217,0.068919,-0.179182,0.207458,0.084666,0.226978,0.113301,0.253456,-0.113272,0.147301
3.185904,3.321094,0.873066,0.055220,-0.001016,0.289519,0.955578,2.773413,0.163100,-0.533213,3.438180,-0.628385,2.945181,-0.526263,0.154656,0.123133,-0.251003,-0.211443,-0.127148,0.013507,-0.093250,0.111667,0.749886,1.393257,0.120194,-0.055364,-0.237138,-0.159853,0.530538,-0.487159,0.065409,0.011988,-0.171071,0.228331,-0.353132,-0.119995,0.244729,-0.082124,-0.262748,-0.128710,0.167774,0.123770,1.641923,-7.394013,-5.744597,-5.495630,-3.050233,-4.733643,0.440889,1.574829,2.287962,3.054901,10.977671,-10.623487,3.876409,-2.091637,-3.198389,1.121338,1.012674,-1.127011,1.811628,-2.921247,-1.233400,0.768886,1.760984,-0.366245,-0.661825,0.316588,1.368843,0.219826,-4.162700,0.092377,-0.008966,-0.691526,-0.367511,-0.146465,-0.445809,-0.023462,0.216538,0.177546,0.043542,-0.167914,0.222121,0.150579,0.214841,0.108949,0.230792,-0.143639,0.134350
