2.876379,-2.570686,1.019008,-0.013653,-0.037274,-0.419707,0.906791,-3.013308,-0.352205,0.374469,1.459400,1.858997,1.698189,-0.416800,0.195746,0.448662,-0.027928,-0.056097,-0.023922,-0.170221,-0.001014,-0.023525,0.333905,0.534236,0.624499,0.292961,0.018497,-0.166633,0.797104,-0.987508,0.019290,0.145703,0.087399,-0.078902,-0.407028,-0.241241,-0.053234,0.293896,-0.398229,-0.380281,-0.362263,0.327785,-4.550412,-5.229688,-3.227356,-2.510985,-2.157334,-1.934915,-0.358057,-5.241266,0.852824,7.814491,0.744403,-8.014915,0.615799,-3.776881,0.005144,-3.702096,5.169668,1.729000,-3.623385,-5.314587,1.772396,2.696054,1.478932,8.111494,3.474860,-5.863825,-3.249985,4.729698,2.493573,0.165843,0.141816,-0.725683,-0.274891,-0.148728,-0.670321,-0.151511,0.169377,0.233032,0.070332,-0.214877,0.245811,-0.033886,0.271645,0.146274,0.255028,-0.185889,0.200303
2.835187,-2.530300,1.015330,0.005512,-0.044867,-0.413664,0.909307,-2.880710,-0.228985,0.048993,2.086470,0.122457,0.561989,-0.466871,0.113799,0.415221,-0.078525,-0.108107,-0.063725,-0.147204,-0.030475,0.036013,0.548499,0.564450,0.448727,0.329558,-0.126172,-0.166898,0.749763,-0.881505,0.000918,0.106024,-0.031095,-0.069557,-0.368823,-0.185239,0.047504,0.187981,-0.388899,-0.354142,-0.246037,0.238919,-2.503549,-4.097345,-1.672071,-2.529864,-2.600506,-1.990158,1.150859,-1.473048,2.976866,10.729704,1.510731,-8.788607,1.829875,-7.233465,-0.013247,-2.367083,5.300193,-0.918635,-1.983956,-5.924718,0.467210,1.910253,2.800068,5.036901,-5.295764,0.466515,1.306944,5.811288,-4.443296,0.131616,0.117977,-0.719225,-0.235126,-0.167748,-0.683631,-0.125721,0.189999,0.214912,0.062260,-0.201653,0.247714,0.009903,0.269549,0.123783,0.245270,-0.192253,0.174656
2.792584,-2.488961,1.005771,0.013130,-0.054312,-0.411694,0.909608,-2.988581,-0.259567,-0.198382,1.089664,-0.543293,0.165939,-0.501191,0.035819,0.343490,-0.097045,-0.124280,-0.073838,-0.128939,-0.014854,0.081790,0.784978,0.621270,0.303826,0.340815,-0.263213,-0.204136,0.676706,-0.797338,-0.046591,0.090159,-0.103002,0.022638,-0.339783,-0.081436,0.084130,0.226671,-0.362529,-0.318956,-0.201211,0.253940,-1.715993,-3.898973,-3.586564,-0.925991,-0.808629,-0.505660,0.913244,0.781072,2.288868,11.823984,2.840971,-7.245034,0.562817,-6.852005,-1.861905,-3.652826,4.208309,-2.375423,-0.793260,-3.595334,4.609767,1.451969,5.190162,1.831276,1.934502,1.318493,1.759263,2.241324,0.751064,0.081041,0.114200,-0.703182,-0.203508,-0.179219,-0.688690,-0.092043,0.202544,0.202945,0.049930,-0.196976,0.244218,0.059800,0.259922,0.114378,0.222862,-0.209747,0.132914
2.753451,-2.448998,0.990874,0.015683,-0.065675,-0.405536,0.911582,-2.857364,-0.163661,-0.429605,0.722952,-0.914013,0.644391,-0.507132,-0.020544,0.254865,-0.094479,-0.129006,-0.081760,-0.105634,0.025244,0.126963,0.998726,0.704129,0.148444,0.362369,-0.346720,-0.324423,0.640840,-0.727843,-0.099830,0.127016,-0.163106,0.055744,-0.347698,0.051165,0.166114,0.047111,-0.318236,-0.292550,-0.129824,0.253581,-0.297058,-2.818188,-4.431241,0.128289,-0.236328,-0.396090,1.165276,2.004921,2.258670,10.687366,4.142944,-7.769125,1.077736,-4.175349,-6.014367,-1.793313,3.474764,-2.661958,1.842853,-3.005203,1.655293,-0.395754,6.630071,4.099234,-8.978034,2.214646,1.320302,3.569346,-0.017954,0.022305,0.116589,-0.678865,-0.189659,-0.191786,-0.682821,-0.051755,0.214537,0.193884,0.034559,-0.193286,0.242060,0.115019,0.242795,0.117126,0.188341,-0.237117,0.097007
2.717638,-2.410089,0.970915,0.014304,-0.073409,-0.401377,0.912854,-2.746377,-0.075442,-0.662418,0.204448,-0.747393,0.453379,-0.488415,-0.089666,0.155770,-0.058413,-0.114659,-0.086348,-0.083234,0.077812,0.153342,1.171737,0.787469,0.003652,0.404594,-0.357016,-0.410902,0.628410,-0.680389,-0.141418,0.135869,-0.200645,0.075030,-0.391558,0.203559,0.221708,-0.108413,-0.319577,-0.274724,-0.093798,0.364522,0.935878,-3.456086,-4.954720,1.803296,0.717373,-0.229403,1.119952,2.628367,1.318924,8.650590,4.167028,-7.239595,2.111217,-0.514831,-4.323945,-0.621503,2.372731,-2.079377,0.442646,-1.876958,0.964328,-2.192975,7.619692,2.779711,-7.776200,-0.067054,0.891346,1.801262,5.547058,-0.035094,0.128432,-0.649358,-0.168144,-0.200071,-0.678180,-0.011196,0.221268,0.188353,0.013865,-0.190989,0.241991,0.163146,0.217684,0.135213,0.135609,-0.268423,0.067780
2.683087,-2.373077,0.951753,0.010394,-0.078221,-0.396325,0.914713,-2.637671,-0.058572,-0.605161,-0.134994,-0.572045,0.573547,-0.436216,-0.165793,0.045731,-0.002084,-0.104805,-0.091458,-0.072145,0.083003,0.171177,1.297514,0.860680,-0.175660,0.467248,-0.329044,-0.451653,0.611028,-0.637653,-0.186923,0.106829,-0.211948,0.075983,-0.442404,0.360635,0.277766,-0.258219,-0.286715,-0.233363,-0.114010,0.492298,2.609927,-3.806349,-5.501989,2.816445,0.492669,-0.255504,0.554495,0.259538,0.891750,6.288848,3.660547,-8.965595,3.132686,1.398617,-2.037555,-0.869110,2.136789,-2.275268,-1.452022,-0.565138,0.047636,-2.542306,7.853785,2.802861,-7.490256,1.643104,2.068044,-1.010580,6.388817,-0.093317,0.146111,-0.617728,-0.141428,-0.196094,-0.676256,0.035239,0.220785,0.184055,-0.011177,-0.186214,0.243927,0.210122,0.186214,0.164789,0.062639,-0.294450,0.047176
2.648987,-2.335121,0.939856,0.006323,-0.076414,-0.384030,0.920132,-2.606019,0.092734,-0.250520,-0.345017,0.060066,1.370408,-0.374782,-0.255051,-0.089482,0.028994,-0.105228,-0.092318,-0.089746,0.053335,0.167575,1.368862,0.917741,-0.373190,0.547340,-0.290974,-0.440460,0.615392,-0.609843,-0.195212,0.062030,-0.205012,0.023644,-0.476163,0.496637,0.346180,-0.437013,-0.241602,-0.236606,-0.072105,0.544257,3.071730,-4.462908,-6.760609,1.553941,-0.021150,-0.042995,-0.880089,-1.483359,-0.180119,3.567380,2.853057,-9.876467,4.004622,1.903483,0.559665,0.218206,1.390483,-0.414431,-2.239909,0.346798,-2.616948,-1.687946,6.800110,3.420726,-8.939736,2.255616,-0.162157,2.095260,2.597924,-0.138748,0.163005,-0.590950,-0.104934,-0.184957,-0.677503,0.085368,0.211267,0.186501,-0.044067,-0.178348,0.247417,0.250303,0.147030,0.205413,-0.024421,-0.309284,0.043174
2.620173,-2.299695,0.935762,-0.003429,-0.074000,-0.372637,0.925015,-2.273549,0.275439,0.100022,-0.912656,-0.098858,1.306033,-0.258754,-0.314255,-0.243763,0.043515,-0.102258,-0.075919,-0.139747,0.024037,0.161549,1.379558,0.919012,-0.552248,0.640510,-0.293922,-0.376858,0.641861,-0.628828,-0.242006,0.041366,-0.184513,-0.057091,-0.481157,0.552419,0.409974,-0.502639,-0.215732,-0.272121,-0.004707,0.586092,5.801359,-2.960166,-7.714056,0.726032,0.148508,0.819979,-2.500025,-1.464932,-0.301272,0.534816,0.063529,-8.952905,4.658504,-0.147372,3.180111,1.323461,-0.949244,-2.339727,-1.033225,1.024935,-4.036770,-0.249727,2.789096,3.189708,-3.281284,1.293540,-1.775749,3.369912,2.091776,-0.194352,0.187008,-0.566215,-0.071985,-0.173196,-0.683602,0.133145,0.189321,0.197587,-0.079297,-0.170348,0.252011,0.279102,0.099565,0.247386,-0.107517,-0.310386,0.052556
2.591383,-2.261307,0.941632,-0.007713,-0.079698,-0.360852,0.929180,-2.286043,0.464887,0.632882,-0.117053,-0.667336,1.274743,-0.109722,-0.351166,-0.402476,-0.010141,-0.117857,-0.077785,-0.200119,0.012731,0.163745,1.306992,0.886607,-0.689572,0.736171,-0.259525,-0.286519,0.658331,-0.656761,-0.260290,0.042639,-0.180598,-0.154064,-0.479790,0.539399,0.444258,-0.478692,-0.204927,-0.294598,0.034789,0.657379,7.451606,-1.845566,-7.935687,-2.682798,-0.779925,-0.093305,-3.018583,-0.565303,0.109788,-3.628319,-1.620265,-6.866238,4.783059,1.719840,4.516945,0.823481,-1.396634,-0.914176,0.063643,0.195755,-4.848650,0.068351,-0.651012,1.714174,1.197353,0.540207,-1.123840,1.974767,3.564317,-0.248469,0.193315,-0.555578,-0.043555,-0.177069,-0.690340,0.173569,0.160506,0.204283,-0.109974,-0.152955,0.261422,0.294600,0.049430,0.275128,-0.178795,-0.296177,0.075965
2.565267,-2.223207,0.955734,-0.012691,-0.089833,-0.358513,0.929106,-2.089673,0.570552,1.067198,-0.099862,-1.123545,0.247033,0.070349,-0.345233,-0.550005,-0.084344,-0.118583,-0.084810,-0.268063,0.022518,0.169239,1.171453,0.792260,-0.779904,0.819157,-0.241289,-0.165417,0.702963,-0.713170,-0.261126,0.033538,-0.237784,-0.245036,-0.479042,0.488470,0.428227,-0.413447,-0.236329,-0.323768,0.072412,0.739516,9.003556,0.296648,-7.376454,-3.710154,-0.036309,-0.351266,-3.397226,0.489342,0.274724,-6.776951,-4.717318,-4.516591,4.149272,0.911775,6.055103,2.231634,-2.820490,-0.041837,-0.455057,-2.859287,-4.548603,0.037440,-2.546456,-0.801538,3.262240,-1.570068,-1.458537,1.881153,4.106870,-0.307316,0.188732,-0.550788,-0.022806,-0.183301,-0.702826,0.204010,0.132066,0.209731,-0.132950,-0.134491,0.272896,0.295754,0.000068,0.286367,-0.230796,-0.278981,0.106630
2.534725,-2.182860,0.975690,-0.030579,-0.081342,-0.369689,0.925083,-2.286558,0.413625,1.413467,-2.069782,0.141465,-1.027406,0.198738,-0.332811,-0.662856,-0.112762,-0.067720,-0.041742,-0.358848,0.019296,0.171326,1.027845,0.603864,-0.848400,0.897880,-0.229164,0.029917,0.764287,-0.768901,-0.253036,0.024615,-0.313649,-0.326826,-0.466284,0.426131,0.421769,-0.320355,-0.240632,-0.304771,0.082002,0.797275,6.419460,0.621100,-5.642521,-1.420893,2.543143,2.153381,-4.539268,-0.161084,0.104348,-7.180397,-9.419790,-3.424776,3.936167,0.606273,9.766695,3.066168,-2.786536,0.404521,-0.446123,-3.793223,-4.089485,0.637880,-3.116915,-0.322905,4.654603,-0.215179,0.949862,0.479525,2.887926,-0.339456,0.201248,-0.556297,0.023669,-0.159979,-0.725084,0.218514,0.102304,0.226612,-0.155677,-0.127631,0.274432,0.285115,-0.047748,0.297909,-0.269721,-0.266532,0.118069
2.505869,-2.138582,0.995179,-0.034664,-0.076260,-0.379307,0.921471,-2.384188,0.549443,1.395150,-0.648413,0.325515,-0.977166,0.290326,-0.301358,-0.735653,-0.155396,-0.046246,-0.003163,-0.418966,0.066806,0.195634,0.880651,0.362220,-0.945182,0.967577,-0.202065,0.260676,0.824103,-0.768569,-0.200318,0.057011,-0.403604,-0.452107,-0.422398,0.368285,0.381959,-0.275448,-0.221814,-0.275129,0.088582,0.782834,4.579397,1.572626,-3.639856,-2.131713,1.073720,1.928963,-3.005892,2.375483,1.215396,-7.359675,-12.082207,-4.839087,3.484860,1.354956,11.537933,2.990811,0.016611,2.635906,1.619816,-4.497790,-6.264045,2.194322,-2.892342,-1.990518,2.245331,0.940940,1.482084,0.328982,-0.722057,-0.358009,0.188683,-0.572361,0.076046,-0.161213,-0.738630,0.229176,0.075666,0.241829,-0.168031,-0.122891,0.273778,0.280093,-0.088651,0.304087,-0.297707,-0.256253,0.128819
2.477337,-2.096658,1.014179,-0.039557,-0.055829,-0.387467,0.919341,-2.346824,0.409582,1.286942,-1.268167,1.734839,-0.707187,0.318083,-0.283015,-0.777745,-0.150954,0.032648,0.077093,-0.459025,0.267433,0.165250,0.742748,0.150810,-1.007567,1.059556,-0.164177,0.303870,0.857593,-0.739342,-0.179184,0.118165,-0.498850,-0.596786,-0.345383,0.349021,0.339254,-0.231988,-0.256492,-0.276299,0.111135,0.751911,1.387874,0.917166,-2.104575,0.222123,3.944667,4.012833,-2.002918,10.031374,-1.519218,-6.895168,-10.570534,-3.119282,4.598929,1.894404,2.159707,1.674487,1.461338,1.056689,3.057657,-4.762267,-7.233939,3.850737,-0.963185,-2.135223,2.173044,-1.733934,-0.058502,1.127661,-1.546149,-0.348621,0.187512,-0.601154,0.137505,-0.147609,-0.738656,0.218102,0.055893,0.268032,-0.191640,-0.117717,0.262895,0.259497,-0.120739,0.317401,-0.333617,-0.242213,0.123501
2.446057,-2.052902,1.029820,-0.054205,-0.022444,-0.414269,0.908262,-2.599630,0.180781,1.026304,-2.833869,2.590382,-2.638188,0.291923,-0.329297,-0.764022,-0.108744,0.137748,0.181877,-0.446816,0.426973,0.173662,0.635203,0.102060,-1.073673,1.069915,-0.137360,0.206646,0.912221,-0.738560,-0.166124,0.096763,-0.605176,-0.658814,-0.275043,0.381528,0.291600,-0.156068,-0.326167,-0.271894,0.029932,0.757942,-1.308004,-2.314079,0.686131,2.110494,5.255040,5.239161,0.610413,7.977025,0.420611,-5.377233,-2.437469,-3.305281,0.517958,1.340844,-4.861193,2.731402,0.039093,0.653002,-1.070099,-5.316337,-3.101403,3.516978,1.625379,-2.382714,3.795994,-3.483736,0.220289,-4.060174,0.301551,-0.319893,0.193306,-0.632493,0.192763,-0.104256,-0.726935,0.202744,0.038993,0.294186,-0.204539,-0.137668,0.240203,0.247738,-0.145232,0.319924,-0.345461,-0.255615,0.091299
2.411926,-2.008766,1.037502,-0.061425,0.005597,-0.454819,0.888446,-2.767766,-0.144717,0.498466,-2.086635,2.431647,-4.298373,0.247933,-0.411796,-0.713926,-0.094153,0.192336,0.262104,-0.420789,0.400063,0.176566,0.548864,0.155127,-1.086414,1.039746,-0.120999,0.168446,0.972590,-0.781535,-0.129584,0.111177,-0.670987,-0.645811,-0.248519,0.410223,0.287204,-0.152284,-0.383816,-0.302907,-0.009597,0.726836,-2.199541,-4.124971,2.504781,0.729541,2.729374,4.011352,1.301390,-1.345524,0.145172,-4.316983,2.653316,-0.637060,-1.508462,0.818051,-1.909984,3.018467,-2.148742,1.826980,0.720722,-3.290508,0.650156,1.326206,1.434712,-0.219784,0.189184,-2.882445,-1.550650,-1.976426,-1.555255,-0.282974,0.184156,-0.663072,0.226836,-0.073785,-0.712826,0.186881,0.035963,0.311924,-0.207027,-0.165031,0.218288,0.246707,-0.145989,0.317994,-0.329335,-0.286662,0.055351
2.376303,-1.959408,1.038952,-0.066519,0.021181,-0.510166,0.857238,-3.015659,-0.401302,0.114333,-1.412023,1.535433,-6.220971,0.204127,-0.482334,-0.636040,-0.125548,0.214417,0.298013,-0.430401,0.271254,0.193563,0.485241,0.264276,-1.027003,0.936769,-0.107207,0.098773,1.062805,-0.849558,-0.087532,0.114913,-0.686767,-0.543026,-0.252097,0.439202,0.251047,-0.153630,-0.416009,-0.334078,-0.039099,0.691392,-2.190289,-3.526905,3.894317,-1.569749,1.104065,1.795469,-0.480610,-6.440465,0.849863,-3.181147,5.457447,2.970549,-5.148852,0.689586,-3.483678,4.510748,-3.401138,2.102600,0.186809,-0.789020,5.139217,-0.178918,1.448947,-1.807851,-0.067312,-1.609667,-1.558553,-1.475092,-1.772226,-0.243399,0.161386,-0.689281,0.229286,-0.049500,-0.705468,0.177645,0.050001,0.319208,-0.191161,-0.197128,0.201484,0.265361,-0.118516,0.309252,-0.280178,-0.327037,0.023038
2.340722,-1.909776,1.036918,-0.075724,0.027806,-0.567716,0.819263,-2.952524,-0.778096,-0.104823,-1.302034,0.594760,-6.840670,0.170824,-0.519228,-0.546853,-0.167145,0.202364,0.318355,-0.499885,0.105816,0.229313,0.438532,0.402121,-0.887310,0.806280,-0.116209,0.021731,1.137026,-0.908142,-0.070535,0.095926,-0.622807,-0.429453,-0.256523,0.437704,0.244847,-0.178776,-0.414755,-0.354080,-0.094777,0.670098,-1.665159,-1.844668,4.459353,-2.079853,-0.602649,1.017110,-3.474234,-8.271867,1.787494,-2.335425,6.892284,6.984633,-6.524415,-0.450115,-3.852075,3.711025,-2.929214,0.849842,-0.949383,3.197984,5.678644,-0.221265,-0.074880,-0.310024,-1.257273,0.062711,-1.000099,-2.783901,-1.064713,-0.204467,0.147281,-0.708889,0.201270,-0.030470,-0.704853,0.169707,0.069591,0.318586,-0.162021,-0.228652,0.187363,0.290646,-0.074746,0.293846,-0.211121,-0.362824,-0.002257
2.305078,-1.860811,1.031003,-0.085343,0.030556,-0.625290,0.775110,-2.788724,-1.169691,-0.335173,-1.145433,0.295105,-7.230199,0.130467,-0.544333,-0.431853,-0.194893,0.188173,0.326416,-0.569679,-0.007548,0.258134,0.428784,0.582381,-0.710031,0.647967,-0.147014,-0.066573,1.195395,-0.947276,-0.064400,0.024384,-0.538295,-0.292435,-0.243837,0.438560,0.243155,-0.159429,-0.410470,-0.354607,-0.137771,0.624960,-2.017851,-1.255285,5.750005,-1.387418,-0.709583,0.403053,-3.489660,-5.668230,1.441058,-0.487440,9.012976,8.863956,-7.915693,-1.540223,-4.415235,2.918494,-1.956699,0.306759,-3.577065,4.225594,6.850948,0.634283,0.042780,-0.084586,0.967346,0.214255,-0.026373,-2.149704,-2.256878,-0.167720,0.144519,-0.721391,0.157167,-0.016571,-0.700895,0.155351,0.095437,0.316892,-0.120833,-0.255511,0.174715,0.308436,-0.011518,0.276604,-0.125801,-0.386380,-0.023337
2.269739,-1.812826,1.020538,-0.089439,0.026177,-0.672282,0.734406,-2.590506,-1.457229,-0.563851,-0.268635,-0.024903,-6.243515,0.055039,-0.565622,-0.325229,-0.193473,0.147071,0.319573,-0.509704,-0.063835,0.277382,0.541850,0.807069,-0.496013,0.501967,-0.267457,-0.170690,1.236279,-0.973940,-0.045185,-0.044841,-0.403690,-0.212124,-0.216553,0.414389,0.261379,-0.202600,-0.403354,-0.360082,-0.191396,0.591731,-3.771357,-1.064437,5.331187,0.071012,-2.055068,-0.342142,2.998743,-2.814321,0.962414,5.653318,11.234426,10.700933,-7.299977,-6.022159,-5.205837,2.044178,-1.333202,0.960772,-3.461272,6.730287,4.015546,1.364213,-1.208518,0.911208,-2.158565,0.355774,-0.273740,-2.681258,-1.661448,-0.154115,0.149219,-0.715746,0.102390,-0.026629,-0.689362,0.135687,0.121006,0.314480,-0.079465,-0.271303,0.167973,0.311591,0.059201,0.263068,-0.042009,-0.398259,-0.027490
2.237762,-1.767188,1.005506,-0.096407,0.015322,-0.714355,0.692941,-2.319725,-1.550756,-0.736526,-0.048110,-0.752196,-6.002117,0.011869,-0.558225,-0.229433,-0.138821,0.094196,0.308791,-0.380582,-0.069273,0.302401,0.612864,1.019311,-0.255062,0.340848,-0.384779,-0.236585,1.242234,-1.032080,-0.017643,-0.075436,-0.258140,-0.103379,-0.186304,0.383146,0.217708,-0.175584,-0.392530,-0.327670,-0.261245,0.541901,-2.158502,0.369873,4.789798,2.732600,-2.643746,-0.539113,6.456098,-0.271929,1.250929,3.550704,10.612108,12.047509,-8.055932,-5.866084,-3.294740,0.297761,-2.906976,1.377093,-1.529735,7.277492,5.437231,1.512454,-1.562159,-2.183568,1.350824,0.541199,1.620586,-3.492434,-2.491526,-0.160161,0.154663,-0.706429,0.038712,-0.053202,-0.670452,0.113725,0.141457,0.310654,-0.035372,-0.283153,0.164506,0.297858,0.128659,0.244804,0.043478,-0.400299,-0.023617
2.205165,-1.726114,0.987773,-0.098912,0.001955,-0.745457,0.659172,-1.965969,-1.751891,-0.852008,0.517001,-0.729361,-4.706368,-0.012559,-0.524879,-0.155401,-0.094731,0.005626,0.285163,-0.296872,-0.053634,0.318873,0.660713,1.203835,-0.009407,0.191267,-0.490925,-0.287368,1.234376,-1.081514,0.016477,-0.077302,-0.108533,-0.028183,-0.172339,0.328037,0.167982,-0.191924,-0.376392,-0.307685,-0.341015,0.473993,-1.221406,1.667294,3.701613,2.204523,-4.428499,-1.181428,4.185466,0.781952,0.823592,2.392441,9.226178,12.282777,-7.479066,-5.307299,-2.539130,-0.392892,-2.471730,1.705987,-0.093318,7.480333,3.759797,0.698248,-2.755455,-2.486295,-0.817044,0.806925,0.999240,-3.988509,-3.395359,-0.164690,0.158621,-0.699400,-0.026162,-0.095621,-0.643317,0.090807,0.158013,0.307805,0.001496,-0.286414,0.167025,0.269464,0.187954,0.229195,0.117345,-0.391991,-0.004992
2.173405,-1.682099,0.967740,-0.089623,-0.007560,-0.772526,0.628581,-1.974960,-1.904688,-0.916589,1.021656,0.360504,-4.159304,-0.072690,-0.510771,-0.077764,-0.061435,-0.115939,0.253624,-0.228433,-0.017308,0.311510,0.712318,1.355349,0.201865,0.065145,-0.563056,-0.308523,1.227947,-1.119159,0.055856,-0.063806,0.032777,0.006676,-0.172963,0.257350,0.109781,-0.138312,-0.364995,-0.272335,-0.430860,0.434584,-3.006546,0.705369,3.881835,1.664793,-6.078269,-1.576911,3.421997,1.816285,-0.368117,2.580248,7.575696,10.563606,-6.306104,-3.606587,-1.057766,-0.321478,-1.882219,1.968942,0.674786,7.065497,1.742976,-0.031208,-3.534364,-2.910062,2.680634,0.569847,1.767520,-4.492239,-1.970492,-0.146680,0.158815,-0.697945,-0.069730,-0.148684,-0.609404,0.063851,0.172289,0.307588,0.033041,-0.283548,0.174805,0.231496,0.236089,0.224392,0.183440,-0.376510,0.028468
2.141295,-1.640240,0.952486,-0.070562,-0.007139,-0.787602,0.612089,-1.720786,-2.016758,-0.715099,1.003244,1.625674,-2.233283,-0.197101,-0.494382,-0.023001,-0.018635,-0.249958,0.225965,-0.183644,0.018112,0.268310,0.796014,1.448116,0.408026,0.007291,-0.564427,-0.310250,1.216859,-1.153246,0.042553,-0.026229,0.137216,-0.004533,-0.197536,0.164307,0.057910,-0.042345,-0.365932,-0.283004,-0.456492,0.403366,-6.220556,0.819443,2.738145,2.139974,-6.700940,-1.382990,2.239412,1.771049,-2.160036,4.184820,4.638358,10.308017,-2.892700,-0.068509,-0.086354,-0.554396,-1.704380,-0.665113,1.878887,5.221957,-0.560495,-1.228656,-4.652115,-2.593529,4.798317,-0.046852,-0.533464,-1.281643,-1.560878,-0.097865,0.170169,-0.696960,-0.102438,-0.197176,-0.577715,0.033116,0.180033,0.310835,0.045637,-0.279509,0.186274,0.186926,0.264650,0.224072,0.220939,-0.359692,0.073119
2.108528,-1.606221,0.944818,-0.062523,-0.012845,-0.793845,0.604761,-1.247363,-2.010744,-0.354138,0.895584,0.321851,-0.997230,-0.259067,-0.391391,0.008701,0.025956,-0.394348,0.209944,-0.182859,0.020278,0.249223,0.828362,1.445360,0.564817,0.016675,-0.531604,-0.291930,1.200320,-1.210075,-0.031248,-0.013269,0.178088,-0.042918,-0.217577,0.053323,-0.007996,0.076797,-0.360476,-0.285166,-0.460307,0.358021,-3.098305,5.149570,1.585111,2.229544,-7.219515,-0.801017,0.039273,0.108286,-0.954320,1.617402,-0.137827,7.839590,0.469192,1.641117,0.915997,-0.826957,-2.841453,-3.690076,0.647972,2.043609,-1.919207,-1.002062,-5.549247,-3.295293,5.957113,0.272817,-0.108066,-0.190720,-2.267274,-0.071445,0.192551,-0.694121,-0.158494,-0.237486,-0.552621,0.014129,0.181972,0.313903,0.051596,-0.278713,0.196759,0.151753,0.279409,0.217038,0.237143,-0.346956,0.109107
2.073300,-1.572933,0.941496,-0.061738,-0.021498,-0.801959,0.593792,-1.095554,-2.164932,-0.114715,0.675392,-0.427798,-1.406022,-0.266657,-0.252608,0.058242,0.081875,-0.525793,0.202906,-0.186549,-0.012653,0.236452,0.806301,1.383625,0.649590,0.092065,-0.499442,-0.307598,1.194557,-1.289261,-0.100035,-0.005464,0.159209,-0.118245,-0.210152,-0.072293,-0.052809,0.146012,-0.370679,-0.301633,-0.470451,0.367077,-0.379487,6.939136,2.477048,2.795967,-6.572239,-0.351935,-0.184489,-1.646580,-0.638560,-1.103037,-3.086716,4.238632,3.769514,1.608118,-0.783411,-0.288143,-3.959266,-3.439357,0.390251,-0.943937,-3.766393,0.371248,-6.280761,-2.240639,3.460735,-0.510178,-0.823371,-0.507222,0.452799,-0.063495,0.220099,-0.693449,-0.216998,-0.269828,-0.531431,-0.002093,0.181998,0.316527,0.060366,-0.278914,0.207794,0.118313,0.290534,0.208636,0.249470,-0.329376,0.140067
2.036705,-1.540287,0.944470,-0.062051,-0.027604,-0.813174,0.578044,-0.916294,-2.269365,0.211429,0.376597,-0.356674,-1.961174,-0.248440,-0.119997,0.116522,0.144614,-0.629176,0.202800,-0.189928,-0.072543,0.206370,0.738268,1.280403,0.681005,0.162672,-0.436530,-0.325120,1.193769,-1.370260,-0.165127,0.025333,0.098035,-0.180030,-0.177666,-0.174972,-0.078435,0.180100,-0.366308,-0.301414,-0.519251,0.404260,0.910811,6.630542,2.913994,3.136966,-5.169126,-0.005293,-0.168982,-2.994492,-1.504072,-3.401675,-5.161090,1.570763,3.530354,3.145597,-0.876092,-0.039412,-4.049964,-3.254602,1.539852,-3.058720,-3.089213,1.624310,-5.133975,-1.281323,1.704443,0.218585,0.010930,-2.439984,1.859188,-0.059541,0.251053,-0.695618,-0.261589,-0.297282,-0.520005,-0.020690,0.179869,0.318281,0.069335,-0.279233,0.217845,0.084355,0.298758,0.200916,0.260046,-0.308899,0.166851
1.996636,-1.508423,0.953292,-0.062325,-0.028503,-0.831064,0.551939,-0.629129,-2.474481,0.477562,-0.112278,-0.051702,-3.167806,-0.195476,-0.018204,0.187027,0.234699,-0.684723,0.211677,-0.170486,-0.127968,0.160771,0.612929,1.148770,0.715788,0.213136,-0.351750,-0.324526,1.159792,-1.448035,-0.231928,0.078012,0.053093,-0.205194,-0.128322,-0.267415,-0.047861,0.197930,-0.368596,-0.323413,-0.583115,0.454348,2.648204,5.089697,3.525272,4.504243,-2.777354,0.443868,0.972131,-2.771250,-2.279962,-6.266946,-6.581659,1.739127,2.523193,4.239010,0.029688,-1.698832,-3.888772,-3.340033,2.633943,-2.247082,-1.258213,2.467189,-4.622141,1.528679,0.891497,-0.114418,-1.099941,-3.193199,2.504375,-0.062735,0.290669,-0.698030,-0.286052,-0.323161,-0.522817,-0.046342,0.171263,0.319006,0.080024,-0.279820,0.224970,0.040456,0.303627,0.195236,0.268317,-0.282215,0.187693
1.956038,-1.475903,0.966605,-0.056070,-0.038282,-0.850942,0.520853,-0.428541,-2.542568,0.747658,0.935730,0.019344,-3.756600,-0.118232,0.030606,0.248313,0.287647,-0.715669,0.203614,-0.134570,-0.130578,0.123735,0.446398,1.019269,0.762858,0.239693,-0.187973,-0.315571,1.078529,-1.521484,-0.261800,0.112300,0.033836,-0.202657,-0.052653,-0.361803,0.006437,0.209037,-0.374936,-0.360599,-0.595200,0.466902,3.862189,2.440484,3.064281,2.647374,-1.547297,-0.403178,1.795774,-0.130509,-1.851817,-8.326530,-6.475067,2.353510,1.327864,8.188857,0.447741,-4.063157,-3.672411,-1.493597,1.714398,-0.962848,0.126830,3.783463,-4.719378,2.714927,0.555330,-0.317027,-1.859295,-0.604277,0.627711,-0.066624,0.311140,-0.705456,-0.289986,-0.359100,-0.528385,-0.071688,0.162964,0.313424,0.090273,-0.276464,0.235618,-0.008894,0.307198,0.180079,0.269913,-0.251347,0.208345
1.915519,-1.440821,0.980166,-0.050557,-0.041008,-0.871900,0.485338,-0.329370,-2.629665,0.785852,0.227530,0.318051,-4.152238,-0.046306,0.028067,0.305212,0.340431,-0.708213,0.210866,-0.121927,-0.107503,0.081740,0.257779,0.907496,0.816433,0.233089,0.055899,-0.299143,0.967912,-1.600550,-0.261800,0.142088,0.022698,-0.163196,0.047183,-0.447898,0.055653,0.246311,-0.418243,-0.434601,-0.561286,0.469161,3.596314,-0.126950,2.844966,2.639202,0.372780,0.362608,0.632182,1.153779,-2.099753,-9.430988,-5.588634,2.678729,-0.330224,12.193567,0.821397,-5.530834,-3.953315,-0.000000,1.489440,-0.556910,1.973075,4.991833,-4.304747,2.460778,1.863686,-2.165347,-3.700069,1.695727,0.112958,-0.059712,0.339486,-0.706722,-0.272119,-0.384778,-0.546108,-0.096219,0.145692,0.308217,0.099857,-0.275802,0.241866,-0.062747,0.299086,0.165966,0.265256,-0.224604,0.222887
1.869736,-1.400085,0.994128,-0.060592,-0.007140,-0.901733,0.427966,-0.055925,-3.086512,0.588604,-3.909294,0.514301,-6.228914,0.001492,-0.024834,0.406055,0.473630,-0.591473,0.284167,-0.198015,-0.094329,0.014423,0.162529,0.830623,0.864504,0.191571,0.152626,-0.290812,0.852226,-1.655020,-0.163262,0.141007,0.026832,-0.097265,0.154733,-0.523291,0.109623,0.256843,-0.430845,-0.468431,-0.560089,0.465796,2.389933,-2.645042,5.042161,6.659955,5.837019,3.665067,-3.804407,0.658686,-3.365822,-4.762492,-3.843651,2.403552,-2.075914,4.836367,0.416566,-5.784302,-2.723528,4.926889,-0.054087,0.206699,3.296564,5.377479,-3.769661,2.698515,0.526614,-0.630070,-1.691540,0.059862,-0.168256,-0.065417,0.424474,-0.668873,-0.228082,-0.356408,-0.599364,-0.121068,0.101957,0.310203,0.120343,-0.284064,0.225497,-0.125437,0.270324,0.170770,0.267649,-0.205939,0.217708
1.828120,-1.355703,1.009834,-0.050082,-0.017547,-0.931114,0.360847,0.124374,-3.044465,0.765903,0.933871,0.658608,-7.386456,0.036087,-0.109491,0.520559,0.418118,-0.610476,0.271224,-0.254736,-0.094791,0.011813,0.217798,0.768250,0.868602,0.112621,0.053438,-0.240643,0.737441,-1.704516,0.126088,0.172440,0.024202,-0.012618,0.282253,-0.596429,0.160059,0.357643,-0.405269,-0.463546,-0.536640,0.475494,1.729724,-4.232880,5.725166,-2.775570,-0.950168,-0.647175,-2.836062,-0.023082,-0.130523,2.763483,-3.118660,0.204927,-3.947482,-4.959394,2.508436,-5.739272,-2.474751,14.467504,1.571693,-0.131517,4.232334,6.376001,-3.656931,2.521804,5.040002,1.278816,0.244283,1.172447,0.484906,-0.095923,0.405857,-0.673386,-0.172905,-0.373837,-0.621252,-0.135531,0.082078,0.299738,0.152880,-0.265677,0.234174,-0.183264,0.241906,0.145243,0.277882,-0.163602,0.229226
1.787704,-1.308025,1.016460,-0.036732,-0.025664,-0.956813,0.287231,0.404284,-3.092639,0.385067,0.806769,0.913566,-7.860002,0.030580,-0.200405,0.636556,0.386279,-0.623706,0.252049,-0.211899,-0.143195,0.024918,0.384054,0.723749,0.845743,0.013331,-0.146614,-0.180792,0.615783,-1.745385,0.236237,0.220417,0.029293,0.041083,0.436101,-0.668980,0.204812,0.333167,-0.378870,-0.481331,-0.578136,0.513755,-0.275351,-4.545677,5.799842,-1.591948,-0.661492,-0.958723,2.141845,-2.420207,0.655262,8.312780,-2.225035,-1.142945,-4.964490,-10.002612,2.992561,-6.082907,-2.043449,5.507461,2.398831,0.254544,2.685045,7.692407,-3.627527,2.237672,-1.223799,1.319911,-0.889266,-2.074810,1.913062,-0.138921,0.381387,-0.668196,-0.111146,-0.373399,-0.644057,-0.143008,0.063993,0.287572,0.184987,-0.239774,0.243960,-0.231512,0.200865,0.115931,0.282380,-0.119429,0.243990
1.747226,-1.258662,1.012929,-0.024997,-0.023755,-0.976043,0.214829,0.792030,-3.095040,-0.113262,-0.184383,0.972902,-7.518617,0.033925,-0.276630,0.745346,0.377507,-0.550843,0.238935,-0.181947,-0.169708,0.027432,0.510300,0.698227,0.795046,-0.102066,-0.255647,-0.132984,0.527464,-1.761149,0.176577,0.261800,-0.048218,0.116935,0.618127,-0.746187,0.290367,0.251287,-0.375221,-0.542437,-0.491185,0.435359,0.167230,-3.811234,5.439499,-0.438629,3.643156,-0.655683,1.497599,-1.325637,0.125685,6.312303,-1.276096,-2.534877,-5.769830,-5.451625,2.390400,-4.415927,-0.788211,-2.982986,2.069145,-3.875523,3.792603,9.101307,-3.860346,4.277738,-4.093976,0.182465,-3.055319,4.347572,-3.919836,-0.175002,0.367288,-0.654661,-0.052867,-0.337573,-0.672219,-0.147078,0.048499,0.276222,0.209978,-0.214419,0.249550,-0.260496,0.147310,0.082138,0.275653,-0.084028,0.254028
1.707940,-1.202520,1.003397,-0.011739,0.001150,-0.990254,0.138775,1.105550,-3.236136,-0.519982,-2.438726,1.517201,-7.714500,-0.001376,-0.334192,0.861342,0.395776,-0.330197,0.228574,-0.203626,-0.140571,0.002757,0.656621,0.660622,0.720869,-0.290242,-0.306586,-0.092397,0.459982,-1.726842,0.104424,0.261800,-0.165130,0.237177,0.800169,-0.810758,0.336391,0.174586,-0.342818,-0.549017,-0.461696,0.414959,-1.765030,-2.878144,5.799820,0.913461,11.032260,-0.518089,-1.083927,1.456816,-1.233751,7.316047,-1.880251,-3.708854,-9.408813,-2.546971,2.029380,-3.374116,1.715357,-3.607659,0.000000,-5.845588,6.012073,9.102101,-3.228566,2.301208,-3.835081,1.620164,-0.328957,1.474441,-1.019978,-0.193051,0.375926,-0.628539,0.005595,-0.244120,-0.708062,-0.151915,0.031694,0.263515,0.230188,-0.189005,0.250082,-0.271994,0.093670,0.049255,0.265681,-0.054161,0.266448
1.670475,-1.153892,0.989543,-0.005170,-0.029412,-0.994495,0.100436,1.339177,-2.792717,-0.554935,3.083364,0.352472,-3.904565,-0.046130,-0.351054,0.865933,0.213558,-0.353442,0.156257,-0.284656,-0.165936,0.074713,0.811442,0.772419,0.657168,-0.639485,-0.352613,-0.324062,0.416231,-1.607894,0.116063,0.261800,-0.292829,0.495582,0.951274,-0.811807,0.366122,0.108935,-0.296266,-0.522059,-0.501973,0.435956,-2.237713,-0.843089,0.229545,-9.110888,-1.162214,-3.615812,-4.051530,-1.268210,3.597795,7.741062,5.589829,-3.185057,-17.462175,-2.301340,-11.583250,-2.187534,5.947397,0.581933,-0.000000,-6.384986,12.920278,7.555208,-0.052452,1.486540,-3.282540,2.327581,1.347891,-2.013879,1.049843,-0.192400,0.313356,-0.637512,-0.011065,-0.236799,-0.697463,-0.151447,0.052960,0.250581,0.238273,-0.152647,0.261888,-0.270486,0.067590,0.021430,0.258194,-0.014031,0.279575
1.634520,-1.102658,0.971614,-0.002601,-0.062011,-0.994886,0.079690,1.356036,-2.905335,-0.563893,3.253236,-0.069944,-2.115067,-0.113019,-0.351460,0.778835,0.079534,-0.353708,0.109840,-0.293086,-0.114754,0.140502,0.928425,0.860990,0.634878,-1.225697,-0.369991,-0.499012,0.328229,-1.347352,0.118573,0.248119,-0.403857,1.009019,1.070078,-0.648178,0.440580,-0.002211,-0.309039,-0.534346,-0.505794,0.425580,-3.344446,-0.020288,-4.354877,-6.701188,-0.013293,-2.320884,-0.421475,2.559061,3.289463,5.849138,4.428556,-1.114480,-29.310566,-0.868910,-8.747534,-4.400100,13.027085,0.125497,-0.684033,-5.551399,25.671837,5.940245,8.181469,3.722887,-5.557285,-0.638630,-0.614379,-0.191052,-0.518806,-0.175594,0.257199,-0.644782,-0.036957,-0.243888,-0.683258,-0.139384,0.075819,0.240557,0.246176,-0.121551,0.271385,-0.254886,0.050014,0.007927,0.257027,0.031401,0.284228
1.601754,-1.049185,0.952500,-0.008893,-0.072243,-0.995573,0.059469,1.288150,-2.959423,-0.573097,0.951272,-0.835772,-1.982431,-0.203946,-0.348704,0.708121,0.052240,-0.294074,0.149998,-0.246705,-0.096605,0.212201,1.059205,0.939528,0.574040,-1.584589,-0.402132,-0.569000,0.215975,-1.131358,0.122786,0.199375,-0.516700,1.297811,1.178054,-0.485608,0.456541,0.005608,-0.298243,-0.515417,-0.469689,0.311350,-4.546312,0.137797,-3.535709,-1.364737,2.981692,2.007894,2.319043,0.907487,3.584955,6.538976,3.926910,-3.041882,-17.944603,-1.607066,-3.499400,-5.612682,10.799720,0.210655,-2.437219,-5.642151,14.439606,5.398783,8.128502,0.798041,0.390928,0.539775,0.946488,1.805260,-5.711504,-0.156960,0.231287,-0.635486,-0.056169,-0.215534,-0.676455,-0.110325,0.082762,0.239098,0.264971,-0.105699,0.267513,-0.230824,0.035453,0.010384,0.268546,0.061870,0.277257
1.568290,-0.999971,0.936969,-0.016019,-0.073748,-0.996237,0.042631,1.433415,-2.684098,-0.445630,0.084970,-0.852437,-1.621454,-0.315012,-0.321875,0.676867,0.031763,-0.228710,0.176301,-0.205178,-0.112088,0.265989,1.198710,0.986416,0.526752,-1.718087,-0.451322,-0.606761,0.167523,-1.042711,0.151743,0.169544,-0.532167,1.345888,1.273780,-0.427610,0.431620,-0.046609,-0.288419,-0.522066,-0.383617,0.209223,-5.553304,1.341471,-1.562699,-1.023825,3.268164,1.315185,2.076360,-0.774188,2.689405,6.975276,2.344405,-2.364412,-6.674915,-2.459481,-1.888050,-2.422637,4.432323,1.447863,-1.491527,-0.773320,2.403830,4.786317,2.899901,-1.246039,-2.610862,0.491212,-0.332452,4.303612,-5.106361,-0.128781,0.208938,-0.622532,-0.078998,-0.177737,-0.672434,-0.092618,0.087121,0.237912,0.276574,-0.098370,0.261922,-0.226318,0.033913,0.016793,0.275333,0.073393,0.276176
1.532024,-0.954169,0.924967,-0.018125,-0.077326,-0.996368,0.030709,1.650411,-2.466248,-0.294015,0.325659,-0.318456,-1.176850,-0.445662,-0.261093,0.647885,-0.039677,-0.163269,0.179431,-0.187127,-0.127350,0.302402,1.325837,0.976393,0.543991,-1.820290,-0.480368,-0.665825,0.185543,-0.981322,0.195386,0.130959,-0.454111,1.374118,1.251741,-0.385151,0.430084,-0.047618,-0.275148,-0.516801,-0.336529,0.188546,-6.532524,3.039102,-1.449107,-3.572030,3.272086,0.156496,0.902527,-0.763069,1.820630,6.356320,-0.501159,0.861962,-5.110165,-1.452296,-2.953185,0.901024,3.069477,2.182132,-1.929247,3.902767,1.411539,-1.101997,2.122930,-0.076805,-0.050446,0.663536,0.263253,2.354380,-1.033825,-0.085543,0.178278,-0.611707,-0.107797,-0.144678,-0.671930,-0.086726,0.092857,0.240835,0.281079,-0.093245,0.263223,-0.232732,0.045442,0.026244,0.277828,0.081768,0.281316
1.492599,-0.909019,0.914771,-0.017525,-0.085818,-0.995956,0.019969,1.865947,-2.393584,-0.176522,0.827714,-0.042816,-1.093750,-0.577246,-0.192207,0.632356,-0.146350,-0.102344,0.165986,-0.164184,-0.131576,0.333693,1.409241,0.934416,0.574777,-1.884609,-0.476949,-0.698498,0.238502,-0.938634,0.203505,0.085726,-0.410010,1.392667,1.183950,-0.344018,0.445163,-0.032254,-0.312066,-0.514373,-0.324047,0.180251,-6.579201,3.444274,-0.776439,-5.333604,3.046226,-0.672246,1.147159,-0.211330,1.564575,4.170242,-2.098840,1.539273,-3.215950,0.170956,-1.633652,2.647959,2.134360,0.405965,-2.261660,2.205061,0.927413,-3.389508,2.056647,0.753954,0.768195,-1.845875,0.121354,0.624105,-0.414736,-0.035708,0.137638,-0.604089,-0.135869,-0.118380,-0.672768,-0.086645,0.101514,0.244192,0.283384,-0.084817,0.266355,-0.239381,0.060785,0.034427,0.279507,0.093619,0.284030
1.449212,-0.862087,0.909006,-0.011806,-0.100762,-0.994808,0.008065,2.129155,-2.396323,0.141095,1.477843,0.452297,-1.270730,-0.713722,-0.119279,0.631067,-0.246427,-0.053855,0.118608,-0.102422,-0.121504,0.348503,1.442775,0.873103,0.594440,-1.927216,-0.459949,-0.720755,0.303803,-0.882084,0.227565,0.056158,-0.409160,1.400000,1.152478,-0.268934,0.457185,-0.074594,-0.312747,-0.502779,-0.290302,0.128793,-6.823808,3.646389,-0.064488,-5.003880,2.424476,-2.368894,3.088071,0.503635,0.740500,1.676664,-3.065686,0.983138,-2.130312,0.849993,-1.112861,3.265037,2.827515,1.202982,-1.478426,0.042490,0.366672,-1.573618,3.754225,0.601116,-2.116991,-0.034086,0.579746,1.687234,-2.572912,0.018373,0.085676,-0.596956,-0.163256,-0.102057,-0.673913,-0.093951,0.115156,0.242160,0.278909,-0.067438,0.277797,-0.251448,0.075128,0.036320,0.275492,0.117832,0.290118
1.403496,-0.814615,0.909211,-0.004714,-0.116090,-0.993148,-0.012566,2.346878,-2.251963,0.528978,1.510565,0.502743,-2.148431,-0.832939,-0.029501,0.655853,-0.329437,-0.008211,0.068227,-0.032297,-0.097928,0.364256,1.417191,0.770936,0.592485,-1.941737,-0.426755,-0.695347,0.372005,-0.820150,0.215291,0.042474,-0.449445,1.400000,1.125726,-0.215850,0.431350,-0.179509,-0.182293,-0.272850,-0.249015,-0.040292,-5.960828,4.488923,1.239310,-4.150506,2.282178,-2.519056,3.506264,1.178757,0.787644,-1.279183,-5.108321,-0.097731,-0.726070,1.659697,1.270388,3.410097,3.096697,-0.613673,-0.684170,-2.014243,-0.000000,-1.337577,2.654203,-1.291756,-5.245732,6.522748,11.496407,2.064368,-8.454232,0.071274,0.032745,-0.590374,-0.192115,-0.090687,-0.677893,-0.103636,0.128531,0.236986,0.274919,-0.041581,0.285883,-0.266605,0.086396,0.033996,0.270126,0.155647,0.290474
1.352498,-0.763011,0.916738,0.004658,-0.131488,-0.990545,-0.038851,2.730216,-2.185915,1.033836,1.518361,0.662493,-2.737586,-0.926500,0.084871,0.693078,-0.392144,0.027678,0.019278,0.021399,-0.057431,0.375579,1.340578,0.601524,0.620206,-1.948281,-0.412912,-0.604804,0.426762,-0.846829,0.167111,0.063578,-0.419040,1.400000,1.094578,-0.202805,0.433367,-0.097222,-0.264969,-0.451852,-0.241573,0.108525,-4.678063,5.718606,1.861257,-3.135334,1.794438,-2.447465,2.684785,2.024853,0.566148,-3.830671,-8.470597,1.386063,-0.327224,0.692169,4.527189,2.737839,-1.333965,-2.409037,1.055161,1.520277,0.000000,-1.557417,0.652210,0.100818,4.114339,-4.133841,-8.950077,0.372093,7.440849,0.124170,-0.014007,-0.584753,-0.219792,-0.087032,-0.687011,-0.116253,0.136501,0.233301,0.270724,-0.022445,0.294339,-0.277437,0.088740,0.032179,0.259655,0.169824,0.291310
1.300232,-0.711649,0.928395,0.017706,-0.146355,-0.986550,-0.070610,2.897666,-1.888000,1.342833,1.463574,0.957445,-3.336150,-1.005106,0.197149,0.728961,-0.434153,0.043941,-0.058906,0.060722,-0.004626,0.371359,1.237461,0.408251,0.685186,-1.915407,-0.387504,-0.443644,0.482744,-0.863182,0.113757,0.102213,-0.345579,1.400000,1.014468,-0.181944,0.392811,-0.062479,-0.321125,-0.521652,-0.274367,0.135931,-3.930311,5.613875,1.794172,-2.100442,0.813179,-3.909196,1.966153,2.640264,-0.211004,-5.155818,-9.663662,3.248965,1.643730,1.270393,8.058006,2.799101,-0.817649,-2.667673,1.931752,3.673029,0.000000,-4.005489,1.043073,-2.027784,1.737148,-2.807768,-3.490000,-1.639687,1.370291,0.178918,-0.053685,-0.575756,-0.239489,-0.092361,-0.696285,-0.136135,0.144658,0.226747,0.257625,-0.000174,0.306664,-0.289503,0.091850,0.023983,0.245991,0.190429,0.289301
1.246832,-0.659514,0.941671,0.033607,-0.164565,-0.980116,-0.105649,3.048571,-1.615486,1.568822,1.810827,1.227604,-3.710834,-1.057229,0.293376,0.787942,-0.447699,0.026085,-0.148490,0.102066,0.049986,0.372869,1.107388,0.214467,0.743222,-1.857920,-0.346706,-0.219330,0.549548,-0.907370,0.075239,0.157999,-0.272530,1.400000,0.903613,-0.175731,0.368617,-0.083208,-0.336211,-0.524149,-0.288721,0.099503,-2.606148,4.811356,2.949027,-0.677287,-0.892806,-4.479208,2.067226,2.730603,0.075476,-6.503684,-9.689217,2.901826,2.874348,2.039860,11.215669,3.340195,-2.209389,-1.925882,2.789338,3.652477,0.000000,-5.542758,0.310656,-1.209702,-1.036429,-0.754294,-0.124875,-0.717682,-1.821419,0.231949,-0.088570,-0.564542,-0.247898,-0.112696,-0.704038,-0.160485,0.151811,0.215633,0.241896,0.026958,0.317295,-0.300838,0.094834,0.008473,0.232850,0.215365,0.280699
1.192324,-0.605823,0.952362,0.048842,-0.175576,-0.973363,-0.139110,3.210912,-1.454883,1.579107,1.113254,1.118222,-3.564244,-1.072549,0.363695,0.850769,-0.413304,0.008611,-0.212953,0.147704,0.093929,0.367179,0.974431,0.057815,0.781781,-1.776552,-0.293993,0.030185,0.624382,-0.972579,0.038324,0.187750,-0.236528,1.400000,0.776713,-0.182022,0.384785,-0.076671,-0.350494,-0.497724,-0.334388,0.136236,-0.766007,3.515969,3.141374,1.719711,-0.873718,-3.223140,2.281878,2.197135,-0.284493,-6.647837,-7.832603,1.927931,4.068388,2.635671,12.475745,3.741739,-3.260431,-1.845779,1.487543,1.800095,0.000000,-6.345008,-0.314567,0.808426,0.326822,-0.714187,1.321275,-2.283373,1.836637,0.278454,-0.105916,-0.556606,-0.249324,-0.127500,-0.707103,-0.183095,0.153523,0.206399,0.227745,0.044556,0.323988,-0.305212,0.098401,-0.007508,0.225230,0.229914,0.271749
1.139138,-0.553147,0.956702,0.063569,-0.181247,-0.965804,-0.174159,3.261482,-1.273908,1.340000,0.607947,0.992473,-3.739676,-1.074137,0.384502,0.923584,-0.370945,-0.018444,-0.262057,0.183695,0.087664,0.370678,0.850818,0.013340,0.775632,-1.678901,-0.219681,0.194307,0.698674,-1.074540,0.005923,0.251123,-0.236999,1.400000,0.669940,-0.190710,0.414905,-0.072251,-0.355752,-0.448424,-0.353898,0.146688,-0.079371,1.040335,3.640713,2.117976,-1.352736,-2.455215,1.799564,-0.313255,0.174957,-6.180638,-2.223711,-0.307451,4.882576,3.715599,8.206136,3.714551,-5.098079,-1.620028,3.168641,-0.023580,-0.000000,-5.338662,-0.434375,1.505960,0.221014,-0.262892,2.465018,-0.975493,0.522609,0.320220,-0.110891,-0.549185,-0.251509,-0.142133,-0.705655,-0.202714,0.152360,0.195252,0.216367,0.057297,0.328284,-0.303219,0.100401,-0.025822,0.227326,0.238695,0.261432
1.091044,-0.496641,0.955205,0.076438,-0.161630,-0.964256,-0.195561,3.204173,-1.516350,1.097553,-1.975008,0.529758,-2.433293,-1.067879,0.386821,0.943330,-0.334188,0.049416,-0.259269,0.146403,0.085869,0.343145,0.787126,0.076068,0.722252,-1.605474,-0.180372,0.162527,0.729527,-1.151322,-0.011681,0.261800,-0.259665,1.400000,0.614246,-0.156227,0.430788,-0.135240,-0.364366,-0.440108,-0.334705,0.129539,0.312897,0.115931,0.987334,1.837834,3.392999,0.139398,-1.864617,-0.089728,-1.376650,-3.184580,3.136357,-2.668996,3.671337,1.965438,-1.589042,1.542660,-3.839101,-0.880227,0.533847,-1.133289,-0.000000,-2.784690,1.724135,0.794191,-3.149448,-0.430688,0.415786,0.959630,-0.857457,0.346871,-0.087276,-0.552168,-0.270485,-0.102148,-0.697294,-0.208083,0.148425,0.191765,0.212592,0.046992,0.331973,-0.288954,0.112266,-0.037577,0.244589,0.228113,0.262615
1.043068,-0.442021,0.953050,0.081401,-0.143899,-0.964754,-0.204736,3.204053,-1.411483,0.982854,-1.748644,-0.025517,-1.086478,-1.023250,0.387693,0.918608,-0.333962,0.115874,-0.249102,0.091719,0.089069,0.320868,0.726635,0.170561,0.653571,-1.516554,-0.175858,0.130947,0.734052,-1.209021,-0.009007,0.261800,-0.292260,1.368122,0.575734,-0.106455,0.429422,-0.218353,-0.363523,-0.442505,-0.308914,0.104769,2.231444,0.043639,-1.236109,0.011322,3.322915,0.508347,-2.734205,0.160000,-1.113840,-3.024591,4.724678,-3.434045,4.446011,0.225702,-1.578987,0.226269,-2.884955,0.133711,0.000000,-1.629766,-1.593923,-1.925618,2.488597,-0.068301,-4.155645,0.042135,-0.119861,1.289573,-1.238492,0.349259,-0.073887,-0.565995,-0.296039,-0.065794,-0.680715,-0.203389,0.152377,0.188483,0.212929,0.027784,0.331966,-0.265392,0.132556,-0.046865,0.272298,0.205802,0.261908
0.990728,-0.390255,0.951913,0.071459,-0.136717,-0.964966,-0.212231,3.375239,-1.148626,0.916353,-0.423629,-1.219248,-0.653273,-0.912136,0.393260,0.879885,-0.362505,0.130949,-0.246124,0.045867,0.098351,0.331607,0.633727,0.299667,0.578542,-1.319548,-0.150773,0.125118,0.723465,-1.248739,0.000720,0.261800,-0.320593,1.233481,0.544086,-0.067944,0.437242,-0.260091,-0.344825,-0.429089,-0.257859,0.098565,5.555678,0.278310,-1.936170,-1.427191,0.753717,0.148889,-2.292585,0.464079,0.536965,-4.645378,6.455308,-3.751427,9.850258,1.254278,-0.291450,-0.529348,-1.985895,0.486336,0.000000,-1.416633,-6.732016,-1.582378,1.925545,0.390988,-2.086921,0.934900,0.670780,2.552733,-0.310202,0.322225,-0.080039,-0.595170,-0.331787,-0.064309,-0.654915,-0.192121,0.163823,0.182587,0.216648,0.008728,0.322211,-0.237423,0.153074,-0.056123,0.303980,0.175445,0.244462
0.938824,-0.337579,0.947565,0.055879,-0.120737,-0.966688,-0.218667,3.443693,-1.218361,0.612802,-1.163204,-1.962479,-0.525894,-0.769639,0.369583,0.827190,-0.368735,0.121957,-0.220944,-0.015411,0.021670,0.336619,0.561813,0.509554,0.496502,-1.086081,-0.124999,0.084333,0.715621,-1.268434,0.014004,0.207826,-0.339358,1.080225,0.497546,-0.027347,0.432606,-0.232232,-0.356496,-0.426954,-0.187675,0.084223,7.124861,-1.183822,-2.634756,-0.311495,-0.449566,1.259020,-3.063878,-3.834026,0.250600,-3.595726,10.494358,-4.102017,11.673383,1.288700,-2.039225,-0.392189,-0.984735,0.664239,-2.698701,-0.938247,-7.662836,-2.327025,2.029841,-0.231799,1.392976,-0.583551,0.106756,3.509237,-0.717087,0.274507,-0.071395,-0.634708,-0.366370,-0.058030,-0.614947,-0.175617,0.175043,0.182049,0.220507,-0.019607,0.308769,-0.201960,0.180385,-0.057155,0.333599,0.129221,0.220865
0.888976,-0.285526,0.939173,0.046465,-0.106408,-0.968093,-0.222067,3.386713,-1.268565,0.288097,-1.161244,-1.292068,-0.292194,-0.689599,0.292997,0.757315,-0.362701,0.071816,-0.208147,-0.028523,-0.095663,0.337498,0.627416,0.793919,0.407882,-0.837527,-0.181647,-0.013735,0.712329,-1.255260,0.133585,0.134740,-0.346231,0.908948,0.427774,0.019814,0.459992,-0.213763,-0.335052,-0.401962,-0.122514,0.089017,4.002013,-3.829311,-3.493742,0.301739,-2.507075,0.639875,-0.655610,-5.866673,0.043921,3.280198,14.218224,-4.430998,12.427674,-2.832405,-4.903421,-0.164607,0.658682,5.979023,-3.654303,-0.343649,-8.563827,-3.488559,2.358088,1.369307,0.923429,1.072231,1.249641,3.258051,0.239681,0.214098,-0.059526,-0.659050,-0.376463,-0.051562,-0.569661,-0.156501,0.189653,0.178527,0.215704,-0.049754,0.297105,-0.156223,0.211456,-0.058269,0.353710,0.073757,0.196790
0.841484,-0.237318,0.926753,0.041338,-0.104806,-0.968171,-0.223499,3.230335,-1.182962,0.007276,-0.029643,-0.554031,-0.100383,-0.660419,0.180878,0.677018,-0.355808,-0.062426,-0.219312,-0.013943,-0.201398,0.341974,0.794920,1.106908,0.294265,-0.606367,-0.360256,-0.115336,0.736023,-1.250335,0.191194,0.053450,-0.366251,0.753361,0.341638,0.030418,0.436532,-0.199571,-0.342089,-0.391880,-0.127714,0.125670,1.459015,-5.605958,-4.014847,0.344608,-6.712100,-0.558293,0.729005,-5.286707,0.223825,8.375161,15.649477,-5.680824,11.558010,-8.930466,-5.080031,1.184676,0.246252,2.880473,-4.064519,-1.000989,-7.779331,-4.306817,0.530174,-1.172987,0.709608,-0.351863,0.504061,-0.260001,1.832656,0.149414,-0.046356,-0.664062,-0.357526,-0.066770,-0.528310,-0.134231,0.210799,0.169215,0.201433,-0.075918,0.293512,-0.096424,0.243516,-0.058307,0.356824,0.014329,0.181686
0.796473,-0.189191,0.917411,0.028093,-0.117190,-0.967531,-0.222175,3.093241,-1.220374,0.127375,1.504670,-1.007023,0.271789,-0.577056,0.053480,0.589758,-0.373503,-0.197080,-0.251233,-0.036357,-0.200722,0.383449,0.832473,1.395085,0.149303,-0.362967,-0.425510,-0.210264,0.758134,-1.222764,0.153216,-0.021234,-0.386166,0.593717,0.249579,0.038960,0.419194,-0.205950,-0.358513,-0.396824,-0.040149,0.158056,4.168155,-6.369907,-4.362988,-0.884723,-6.732708,-1.596010,-1.120713,0.033774,2.073736,1.877659,14.408848,-7.248102,12.170004,-3.262710,-4.746429,1.105545,1.378585,-1.898898,-3.734192,-0.995750,-7.982214,-4.602933,0.427097,-0.866931,-0.318977,-0.821231,-0.247170,4.378246,1.619304,0.092197,-0.043890,-0.672039,-0.323782,-0.100904,-0.489278,-0.101195,0.236557,0.152448,0.184418,-0.093757,0.290931,-0.023372,0.265525,-0.058993,0.346664,-0.048673,0.161983
0.751582,-0.138593,0.910635,0.013726,-0.122600,-0.970061,-0.209197,3.091935,-1.392510,0.232421,0.790489,-1.133592,1.489978,-0.442512,-0.096030,0.481227,-0.388860,-0.214709,-0.276283,-0.096582,-0.124600,0.413847,0.821040,1.622650,-0.028720,-0.113242,-0.502964,-0.286474,0.792824,-1.159122,0.132964,-0.060372,-0.409902,0.463225,0.147097,0.036602,0.392863,-0.098930,-0.339198,-0.357015,0.065182,0.151238,6.727158,-7.475465,-5.426527,-0.767862,-0.881455,-1.252529,-3.011254,3.806124,1.519888,-0.571647,11.378209,-8.901184,12.486230,-3.872697,-3.810498,1.734524,3.182088,-1.012609,-1.956890,-1.186798,-6.524585,-5.124126,-0.117914,-1.316555,5.351006,0.965788,1.990455,5.266528,-0.340901,0.023751,-0.033464,-0.683539,-0.280210,-0.121399,-0.460241,-0.057040,0.259359,0.138158,0.158703,-0.114274,0.289294,0.062881,0.279981,-0.046671,0.313971,-0.119142,0.143502
0.707253,-0.084904,0.907835,0.000765,-0.105827,-0.974056,-0.200037,3.090878,-1.574223,0.326854,-1.418029,-1.473731,1.131846,-0.288593,-0.242588,0.356774,-0.340865,-0.138762,-0.248448,-0.179820,-0.048452,0.412518,0.814297,1.780722,-0.190336,0.089036,-0.599492,-0.338792,0.805237,-1.126706,0.095880,-0.066557,-0.401219,0.388959,0.059834,0.007175,0.373524,-0.012371,-0.329497,-0.335681,0.096756,0.263923,7.695976,-7.327897,-6.222668,2.399751,3.797379,1.391766,-4.161891,3.807363,-0.066423,-0.337128,7.903612,-8.080812,10.113935,-4.826406,-2.615878,0.620650,1.620791,-1.854217,-0.309269,0.434131,-3.713335,-4.363145,-1.471313,-0.966915,4.327964,0.485023,1.066698,1.578692,5.634266,-0.051432,0.013625,-0.693525,-0.234880,-0.126557,-0.445851,-0.008585,0.266501,0.141402,0.130443,-0.143313,0.287204,0.144945,0.280046,-0.009631,0.265249,-0.182326,0.128796
0.661393,-0.032756,0.907610,-0.000490,-0.076860,-0.977844,-0.194712,3.112528,-1.507564,0.309461,-2.827495,-0.613326,0.643685,-0.140895,-0.415047,0.216582,-0.234866,-0.070543,-0.200984,-0.253124,-0.004254,0.381587,0.772275,1.887978,-0.339506,0.255961,-0.680744,-0.373345,0.847861,-1.120746,0.051603,-0.043446,-0.370910,0.338501,-0.022588,-0.041466,0.383454,0.066639,-0.372461,-0.320298,0.078543,0.419122,7.384908,-8.622994,-7.009619,5.299947,3.410918,2.373214,-3.665221,2.209899,-1.546585,-2.101113,5.362824,-7.458466,8.346225,-4.062563,-1.727656,2.131197,0.298026,-2.213866,1.155579,1.515441,-2.522864,-4.121116,-2.432054,0.496454,3.950494,-2.148170,0.769116,-0.910643,7.759961,-0.116732,0.083025,-0.697921,-0.178738,-0.128084,-0.447650,0.039705,0.264641,0.157002,0.094542,-0.172802,0.286561,0.218631,0.265935,0.049173,0.207753,-0.231081,0.121206
0.613354,0.019526,0.909534,0.010752,-0.052106,-0.980489,-0.189238,3.192586,-1.509213,0.376686,-2.639498,0.668877,0.558721,-0.021417,-0.622486,0.063031,-0.120694,-0.067656,-0.166401,-0.304983,0.013438,0.336510,0.692783,1.948653,-0.482395,0.406637,-0.715745,-0.397517,0.971094,-1.129800,0.010724,-0.061262,-0.374383,0.295850,-0.122727,-0.099288,0.394785,0.118312,-0.360998,-0.282282,0.146148,0.494191,5.973890,-10.371925,-7.677527,5.708617,0.144388,1.729108,-2.592908,0.884636,-2.253840,-3.974628,3.033742,-7.144463,7.533825,-1.750054,-1.208590,6.161673,-0.452728,-2.043913,-0.890807,-0.173620,-2.132576,-5.006938,-2.891098,0.566596,2.583637,0.573135,1.900834,3.380266,3.753419,-0.162509,0.149001,-0.696307,-0.109403,-0.132754,-0.458752,0.085992,0.259894,0.179858,0.050097,-0.192519,0.289887,0.276401,0.236577,0.116337,0.142772,-0.265563,0.121406
0.561856,0.075249,0.915815,0.021014,-0.027168,-0.982557,-0.182762,3.381998,-1.653848,0.564216,-2.645424,0.558350,0.637843,0.108438,-0.800735,-0.103470,0.000943,-0.103145,-0.126352,-0.348122,0.000802,0.302405,0.568301,1.937984,-0.589622,0.542466,-0.682264,-0.415125,1.109231,-1.153913,-0.027593,-0.116574,-0.390559,0.243677,-0.214196,-0.139460,0.374426,0.159704,-0.363920,-0.251532,0.186361,0.539316,6.492728,-8.912466,-8.325063,6.081815,-1.774487,2.002456,-2.156976,-0.631797,-1.705246,-6.224094,-0.533437,-5.361334,6.791423,1.674055,-0.880434,6.906846,-1.205620,-1.915861,-2.765585,-0.808826,-2.608660,-4.573429,-2.008607,-1.017954,2.069623,-0.146090,1.537474,2.010628,2.256254,-0.206624,0.215209,-0.687506,-0.043063,-0.133650,-0.475673,0.129332,0.243706,0.206876,0.003913,-0.205227,0.291872,0.313666,0.188252,0.175151,0.074473,-0.291147,0.121230
0.507142,0.133975,0.926945,0.035563,-0.002888,-0.983879,-0.175239,3.533147,-1.815797,0.797022,-2.665011,0.989588,0.709349,0.223792,-0.945996,-0.275296,0.132859,-0.132387,-0.075637,-0.360177,-0.027866,0.274698,0.422510,1.867458,-0.650257,0.674371,-0.578460,-0.433125,1.253596,-1.165130,-0.082619,-0.143651,-0.397262,0.167975,-0.294942,-0.159407,0.351393,0.256219,-0.390521,-0.208563,0.233325,0.613965,5.767732,-7.263014,-8.591318,6.595801,-1.462095,2.535767,-0.602763,-1.433434,-1.385352,-7.289511,-3.526345,-3.031740,6.595244,5.190183,-0.899973,7.218251,-0.560853,-2.751310,-1.353855,-0.335128,-3.785065,-4.037324,-0.997349,-1.151683,4.825758,-1.330049,2.148473,2.348230,3.732465,-0.239173,0.279887,-0.671953,0.025512,-0.130173,-0.496259,0.163848,0.216393,0.236915,-0.045173,-0.210353,0.289980,0.330846,0.131060,0.224089,0.002169,-0.306984,0.117303
0.450511,0.193925,0.940081,0.056342,0.019421,-0.983704,-0.169629,3.589069,-1.921577,0.927458,-2.582572,1.639134,0.500238,0.308864,-1.063718,-0.437353,0.254167,-0.138316,-0.013011,-0.353238,-0.062454,0.246801,0.289806,1.744815,-0.685338,0.806373,-0.419133,-0.423218,1.381205,-1.186094,-0.115034,-0.143659,-0.404973,0.055243,-0.358223,-0.183592,0.313262,0.272268,-0.406582,-0.205519,0.245055,0.664613,4.253582,-5.886106,-8.102806,6.065413,-0.296437,3.131310,0.346959,-1.729366,-1.394859,-6.635202,-6.132151,-1.754070,6.600126,7.966372,0.495349,6.380426,-1.048239,-1.620749,-0.000417,-0.385561,-5.636634,-3.164030,-1.209260,-1.906517,0.802463,-0.803074,0.152174,0.586486,2.532377,-0.255689,0.337455,-0.652750,0.102058,-0.122736,-0.515981,0.184918,0.181475,0.267883,-0.093671,-0.209182,0.285529,0.330790,0.072053,0.265373,-0.063712,-0.311912,0.114477
0.392818,0.255225,0.952223,0.075598,0.043817,-0.982428,-0.164927,3.626866,-2.038254,0.880559,-2.771292,1.446093,0.360873,0.388305,-1.128504,-0.576550,0.374459,-0.133094,0.058650,-0.329253,-0.098671,0.247700,0.163666,1.576761,-0.710658,0.934338,-0.222186,-0.382434,1.489650,-1.173677,-0.169945,-0.038878,-0.447565,-0.040034,-0.422424,-0.176893,0.270158,0.167470,-0.394447,-0.126509,0.272998,0.691386,3.972035,-3.239323,-6.959873,6.014598,0.261106,3.583045,1.199255,-1.810880,0.044985,-6.307038,-8.402701,-1.266006,6.398220,9.847340,2.039182,5.422271,0.620887,-2.745560,5.239042,-2.129616,-4.763824,-3.210076,0.334962,-2.155237,-5.239934,0.606779,3.950514,1.397149,1.338657,-0.266857,0.392564,-0.626237,0.175998,-0.113650,-0.533713,0.196672,0.141796,0.295352,-0.134270,-0.204302,0.276104,0.320102,0.014401,0.288216,-0.131864,-0.305066,0.098553
0.332327,0.316799,0.961341,0.098910,0.065622,-0.977286,-0.175565,3.797737,-1.938044,0.809515,-2.492125,1.994115,-1.178979,0.461437,-1.166885,-0.662704,0.451311,-0.079052,0.145308,-0.291437,-0.130761,0.262816,0.057019,1.361796,-0.743815,1.060077,-0.026696,-0.287435,1.540902,-1.105682,-0.118660,-0.010555,-0.478704,-0.146719,-0.468877,-0.150359,0.243891,0.147003,-0.395506,-0.105685,0.246839,0.637745,3.656631,-1.919026,-4.307685,3.842607,2.702087,4.332880,1.890820,-1.604484,0.755801,-5.332355,-10.748231,-1.657856,6.286994,9.774482,4.749957,2.562588,3.399750,2.564271,1.416149,-1.556935,-5.334275,-2.322653,1.326674,-1.313346,-1.023332,-0.052986,1.041172,-1.307966,-2.682063,-0.277294,0.423538,-0.604520,0.256567,-0.092222,-0.544443,0.195376,0.104017,0.317887,-0.164805,-0.201038,0.260809,0.301552,-0.032799,0.304728,-0.186628,-0.291970,0.076587
0.271246,0.377567,0.966422,0.114124,0.083668,-0.971036,-0.192522,3.894030,-1.739496,0.658931,-1.909179,1.331396,-1.851146,0.539805,-1.159745,-0.726061,0.486057,-0.003477,0.217291,-0.245095,-0.139183,0.290861,0.009306,1.136226,-0.768327,1.135026,0.055567,-0.209147,1.556841,-1.065536,-0.060399,0.047010,-0.517275,-0.249366,-0.502121,-0.151657,0.217423,0.242462,-0.414386,-0.084568,0.232850,0.637782,3.918377,0.356975,-3.167862,1.737285,3.778757,3.599167,2.317092,-0.421126,1.402245,-2.385614,-11.278494,-1.225583,3.747420,4.113134,3.914427,0.796936,2.007296,2.913029,2.878263,-1.928571,-5.132324,-1.662174,-0.064871,-1.323401,4.772933,-0.943967,1.055899,-0.699422,0.001858,-0.304021,0.434260,-0.581638,0.320633,-0.066572,-0.550918,0.192686,0.071500,0.330854,-0.184064,-0.201430,0.246708,0.284761,-0.069741,0.306896,-0.217798,-0.285902,0.060735
0.210109,0.435909,0.968387,0.119595,0.093554,-0.965615,-0.211028,3.932445,-1.451563,0.540654,-0.887034,0.553815,-1.977371,0.589659,-1.110119,-0.755138,0.455558,0.053178,0.263521,-0.256018,-0.133115,0.326465,0.092464,0.925730,-0.813975,1.142545,-0.015765,-0.152168,1.513321,-0.983540,-0.039089,0.123548,-0.555354,-0.272571,-0.515150,-0.134536,0.184331,0.296485,-0.443705,-0.082163,0.174563,0.584415,2.492698,2.481287,-1.453868,-1.524944,2.832753,2.311500,-0.546135,0.303407,1.780204,4.157897,-10.524787,-2.282408,0.375983,-3.566579,2.848940,-2.175972,4.099764,1.065510,3.826901,-1.903915,-1.160266,-0.651437,0.856034,-1.654591,2.701157,-1.465974,0.120243,-2.914347,-2.668314,-0.349261,0.422471,-0.557430,0.360190,-0.046982,-0.560177,0.194520,0.048696,0.331973,-0.191132,-0.200477,0.233633,0.274918,-0.095614,0.300458,-0.234316,-0.272834,0.043089
0.149258,0.493908,0.967699,0.119678,0.093992,-0.959729,-0.236141,4.002151,-1.206530,0.441903,0.216328,0.318445,-2.551386,0.605832,-1.050096,-0.743778,0.372906,0.084290,0.283895,-0.273857,-0.138768,0.341743,0.230826,0.774928,-0.827610,1.074806,-0.048305,-0.120115,1.403738,-0.908566,-0.055288,0.139453,-0.588451,-0.236079,-0.506001,-0.129153,0.167038,0.226485,-0.414074,-0.070334,0.127502,0.513223,0.808679,3.001151,0.568039,-4.132609,1.555584,1.018694,-0.891956,-0.282655,0.763866,6.918090,-7.540134,-0.681767,-3.386995,-1.627020,1.602636,-5.479173,3.748723,-0.809937,0.795236,-1.654852,1.824620,0.457442,0.269147,-0.864650,-3.499984,1.481544,0.591449,-2.353088,-3.559613,-0.393796,0.385625,-0.540273,0.376117,-0.031201,-0.570465,0.197341,0.041790,0.323699,-0.188589,-0.200788,0.221208,0.273368,-0.105302,0.285584,-0.224946,-0.265178,0.025769
0.087425,0.552585,0.965767,0.111824,0.088569,-0.953795,-0.264434,4.136062,-0.957182,0.389471,1.011718,-0.268809,-2.860311,0.605026,-0.968739,-0.711032,0.267874,0.085924,0.282060,-0.272782,-0.167228,0.336688,0.403539,0.696502,-0.751860,0.966011,-0.050521,-0.133224,1.251543,-0.846402,-0.120426,0.126189,-0.570481,-0.173374,-0.478747,-0.136046,0.183924,0.169174,-0.407939,-0.058351,0.062728,0.543388,-0.040339,4.067892,1.637291,-5.251576,0.081736,-0.091736,0.053728,-1.422984,-0.252717,8.635653,-3.921289,3.787528,-5.439723,-0.110779,-0.655442,-7.609742,3.108195,-3.256892,-0.663194,0.898470,3.135237,1.362686,-0.344645,0.844323,-2.865578,0.306778,0.599113,-3.238661,1.508232,-0.434571,0.333901,-0.518514,0.361009,-0.021899,-0.592082,0.197454,0.049246,0.307775,-0.180742,-0.200659,0.210799,0.274863,-0.098193,0.263309,-0.198044,-0.263459,0.012516
0.027031,0.610723,0.961040,0.094788,0.080309,-0.946244,-0.298642,4.145033,-0.640916,0.180240,1.584346,-0.997806,-3.520110,0.577042,-0.865351,-0.657385,0.136116,0.069968,0.264676,-0.252403,-0.205492,0.332264,0.640890,0.671725,-0.623603,0.800733,-0.076409,-0.144292,1.058197,-0.788771,-0.145271,0.114399,-0.529296,-0.067391,-0.449719,-0.132917,0.208706,0.119999,-0.375859,-0.039954,0.006702,0.523296,-1.399189,5.169361,2.682344,-6.587920,-0.797820,-0.869218,1.018961,-1.913208,-0.221240,11.867538,-1.238827,6.412834,-8.263923,-1.294401,-0.553385,-9.667302,2.881567,-1.242249,-0.589483,2.059263,5.299127,1.451392,0.156468,1.239081,-2.458726,1.603977,0.919888,-2.801336,-1.004598,-0.465570,0.265341,-0.485511,0.318109,-0.018567,-0.623734,0.192892,0.066016,0.283661,-0.163649,-0.204330,0.198968,0.276963,-0.079384,0.231685,-0.151777,-0.265108,-0.000982
-0.031779,0.668253,0.951892,0.076206,0.071237,-0.938785,-0.328330,4.120928,-0.362271,-0.129950,1.639786,-1.178435,-3.096456,0.498605,-0.752401,-0.603590,0.044181,0.050071,0.244993,-0.179890,-0.209933,0.329960,0.935337,0.661565,-0.511301,0.610680,-0.120658,-0.151201,0.860698,-0.737747,-0.136169,0.102099,-0.503372,0.028999,-0.381904,-0.154225,0.246133,0.085403,-0.315003,-0.033521,-0.010427,0.475660,-3.921829,5.647529,2.689716,-4.596707,-0.994848,-0.984121,3.625658,-0.222050,-0.115171,14.722361,-0.508016,5.615127,-9.502646,-2.212462,-0.345448,-9.874947,2.551191,0.455094,-0.615030,1.296184,4.819527,3.390746,-1.065433,1.871379,-1.729784,3.042828,0.321647,-0.856440,-2.381786,-0.468189,0.202753,-0.442483,0.262261,-0.027675,-0.656833,0.182349,0.080828,0.259702,-0.142178,-0.210049,0.186000,0.279663,-0.060936,0.196373,-0.091260,-0.270131,-0.006425
-0.088453,0.726578,0.936555,0.057964,0.056194,-0.930593,-0.357042,4.101037,-0.177766,-0.521741,2.142036,-0.980347,-2.983851,0.385584,-0.668829,-0.539871,0.040840,0.005560,0.214670,-0.042468,-0.208929,0.322044,1.243751,0.701102,-0.387075,0.386134,-0.187831,-0.061068,0.692128,-0.665055,-0.083650,0.097184,-0.462449,0.109967,-0.287634,-0.173978,0.250272,0.101346,-0.282578,-0.044281,-0.055371,0.421146,-5.651083,4.178595,3.185970,-0.167060,-2.225527,-1.516192,6.871109,0.050191,-0.395813,15.420687,1.976865,6.211269,-11.227298,-3.358631,4.506644,-8.428532,3.634610,2.625943,-0.245711,2.046190,4.048408,4.713528,-0.987648,0.206915,0.797119,1.621228,-0.538023,-2.247179,-2.725723,-0.442852,0.149508,-0.398353,0.203624,-0.048966,-0.679032,0.164781,0.098774,0.239312,-0.112590,-0.214787,0.173818,0.280792,-0.031879,0.160607,-0.016749,-0.274459,0.001212
-0.139980,0.783415,0.917618,0.055310,0.055208,-0.917130,-0.390851,3.883363,0.011880,-0.727637,0.231853,0.029295,-3.632017,0.236316,-0.671666,-0.441723,0.106315,0.057321,0.228748,0.062213,-0.162316,0.320794,1.555838,0.871815,-0.253615,0.143201,-0.267395,-0.213423,0.545995,-0.588951,-0.048492,0.050203,-0.429938,0.150815,-0.182039,-0.213524,0.251383,0.096570,-0.255210,-0.052970,-0.103637,0.389291,-7.463380,-0.141861,4.907380,3.273725,2.588018,0.703895,5.234046,2.330685,-0.062469,15.604347,8.535653,6.672996,-12.146639,-3.978194,-7.617789,-7.306648,3.805170,1.757917,-2.349045,1.625531,2.042405,5.279750,-1.977309,0.055540,-0.238810,1.368380,-0.434425,-2.413311,-1.592717,-0.388464,0.121381,-0.365842,0.149965,-0.035297,-0.671974,0.135281,0.111119,0.230509,-0.070620,-0.227336,0.153201,0.270324,0.007386,0.124735,0.073292,-0.273863,0.017586
-0.193063,0.836735,0.903575,0.057437,0.065680,-0.900841,-0.425292,3.772879,0.452502,-0.453747,-1.022587,0.024684,-3.817786,0.059243,-0.620287,-0.337702,0.149587,0.119190,0.275086,0.078021,-0.117427,0.334853,1.829380,0.959691,-0.082256,-0.129247,-0.330760,-0.333492,0.431816,-0.521369,-0.059296,0.105760,-0.379697,0.177121,-0.109529,-0.257048,0.216532,0.057276,-0.246324,-0.097785,-0.198008,0.317637,-8.853665,2.568967,5.201059,2.163633,3.093456,2.316922,0.790372,2.244426,0.702948,13.677111,4.393767,8.567973,-13.622377,-3.168253,-6.003438,-5.708918,3.379112,-0.540214,2.777844,2.512047,1.315285,3.625491,-2.176200,-1.742521,-1.964673,0.444343,-2.240789,-4.718557,-3.582716,-0.321285,0.115993,-0.347084,0.091580,-0.023904,-0.669878,0.099720,0.114672,0.231559,-0.017646,-0.239221,0.129778,0.242371,0.054443,0.095681,0.162417,-0.261097,0.048347
-0.249917,0.889132,0.893272,0.045584,0.063113,-0.880820,-0.467006,3.772338,0.945321,-0.292779,0.761171,-0.570830,-4.688008,-0.127134,-0.509318,-0.210410,0.090642,0.151752,0.277706,0.079074,-0.035205,0.352401,2.025816,0.979544,0.103480,-0.429202,-0.388412,-0.425226,0.407402,-0.476819,-0.072391,0.088747,-0.307709,0.188884,-0.096350,-0.274209,0.132076,-0.050547,-0.237721,-0.116676,-0.275821,0.232482,-9.318824,5.548428,6.364635,-2.947266,1.628126,0.131006,0.052664,4.111107,0.877363,9.821824,0.992680,9.286771,-14.997763,-2.882605,-4.586693,-1.220722,2.227484,-0.654751,-0.850661,3.599391,0.588145,0.658954,-0.858013,-4.222790,-5.391153,0.430141,-0.944515,-3.890658,-4.257752,-0.257509,0.102832,-0.342416,0.023319,-0.039912,-0.676323,0.065807,0.126062,0.236502,0.049164,-0.239360,0.124837,0.201763,0.116272,0.080540,0.244739,-0.234185,0.101305
-0.309431,0.943858,0.885545,0.024608,0.052124,-0.864601,-0.499141,3.854459,1.247078,-0.281747,1.945967,-1.032515,-3.697845,-0.320036,-0.367785,-0.073062,0.020187,0.142489,0.244454,0.083263,0.079065,0.367731,2.152800,0.988137,0.290407,-0.685495,-0.440392,-0.537556,0.483232,-0.433375,-0.076230,0.103546,-0.257362,0.170597,-0.145157,-0.287628,0.011715,-0.138006,-0.230598,-0.125613,-0.337282,0.174640,-9.645120,7.076661,6.867402,-3.522765,-0.463185,-1.662610,0.209452,5.713512,0.766495,6.349164,0.429651,9.346393,-12.814658,-2.598987,-5.616498,3.791516,2.172246,-0.191969,0.739962,2.517358,-0.914369,-2.440366,-0.670975,-6.018044,-4.372957,0.356152,-0.446885,-3.073059,-2.892102,-0.200137,0.094285,-0.347601,-0.053738,-0.085210,-0.677697,0.034264,0.143690,0.246814,0.112397,-0.221827,0.135433,0.147372,0.173414,0.079974,0.303841,-0.189984,0.161518
-0.365782,1.003836,0.881848,0.008355,0.031414,-0.849165,-0.527126,3.934174,1.205965,-0.184780,2.536711,-0.172255,-3.261828,-0.526271,-0.235227,0.092670,-0.012099,0.094924,0.194527,0.087748,0.180755,0.354068,2.214761,0.974987,0.460089,-0.880525,-0.486421,-0.647531,0.634010,-0.412429,-0.065962,0.130853,-0.216517,0.154909,-0.229696,-0.314875,-0.087402,-0.240395,-0.223358,-0.120129,-0.327702,0.072001,-10.311714,6.627904,8.286567,-1.614313,-2.378258,-2.496323,0.224263,5.084490,-0.683143,3.098049,-0.657510,8.484057,-9.751478,-2.301451,-5.498735,7.538918,1.047283,0.513410,1.365353,2.042258,-0.784388,-4.226933,-1.362361,-4.955877,-5.119462,0.361997,0.274238,0.479016,-5.131973,-0.144687,0.091301,-0.363995,-0.117949,-0.141340,-0.670613,-0.002856,0.163427,0.261128,0.164842,-0.188972,0.156583,0.086047,0.218567,0.093426,0.335544,-0.126140,0.223744
-0.424290,1.067424,0.882224,0.001429,0.005389,-0.835837,-0.548950,4.080025,1.421226,0.019464,2.504208,0.872392,-2.596167,-0.735281,-0.112812,0.268967,0.000375,0.015239,0.143559,0.089389,0.256823,0.322936,2.208039,0.915611,0.600229,-1.026219,-0.504778,-0.714243,0.799174,-0.453776,-0.033514,0.158733,-0.168879,0.147290,-0.301039,-0.361107,-0.173928,-0.353339,-0.221497,-0.095412,-0.307378,-0.028655,-10.450547,6.120749,8.814839,0.623697,-3.984233,-2.548404,0.082044,3.803411,-1.556578,-0.336091,-2.968788,7.007006,-7.284732,-0.917858,-3.335605,8.258160,-2.067356,1.622416,1.393997,2.381878,-0.380942,-3.567164,-2.311591,-4.326281,-5.647190,0.093020,1.235842,1.016180,-5.032770,-0.086614,0.091622,-0.390856,-0.167550,-0.200578,-0.660929,-0.043877,0.176428,0.273979,0.202770,-0.150865,0.182388,0.024406,0.247846,0.109011,0.339884,-0.061648,0.280924
-0.485644,1.135181,0.888508,-0.002544,-0.017003,-0.827525,-0.561165,4.277675,1.606456,0.328203,2.068155,0.911276,-1.499566,-0.908047,0.029774,0.435466,0.037170,-0.081896,0.101189,0.084553,0.296986,0.292542,2.131295,0.786466,0.710762,-1.099631,-0.506309,-0.699486,0.961070,-0.550145,0.010456,0.196334,-0.104537,0.149292,-0.348204,-0.410967,-0.264526,-0.455712,-0.216796,-0.060279,-0.336150,-0.104724,-8.638295,7.129320,8.324969,1.839767,-4.856739,-2.118533,-0.241836,2.008140,-1.519701,-3.837201,-6.457279,5.526652,-3.670591,-0.076540,0.737827,8.094797,-4.818431,2.198469,1.880047,3.217093,0.100109,-2.358235,-2.492995,-4.529899,-5.118626,0.235071,1.756633,-1.438600,-3.803454,-0.027065,0.095248,-0.424773,-0.217209,-0.254409,-0.650339,-0.082085,0.180803,0.284487,0.225647,-0.116903,0.204680,-0.030928,0.265395,0.123584,0.329747,-0.009612,0.318523
-0.549408,1.205389,0.900497,-0.003104,-0.029034,-0.823491,-0.566578,4.400937,1.754508,0.632753,1.033072,0.616848,-0.685039,-1.022768,0.185280,0.580762,0.110040,-0.161614,0.069648,0.085936,0.307585,0.263386,2.004491,0.605497,0.819468,-1.095222,-0.511990,-0.576637,1.109982,-0.657915,0.069289,0.261800,0.003071,0.149097,-0.388571,-0.461714,-0.333416,-0.515941,-0.237362,-0.044843,-0.397657,-0.144295,-5.736059,7.775282,7.264815,3.643532,-3.985895,-1.577028,0.069165,0.529963,-1.457828,-6.340212,-9.048431,5.435316,0.220474,-0.284051,6.142483,7.445639,-5.388498,2.941670,3.273287,5.380424,-0.009743,-2.018379,-2.537336,-3.444524,-3.011462,-1.028312,0.771792,-3.075329,-1.978577,0.032373,0.103403,-0.460209,-0.264428,-0.291488,-0.640322,-0.114943,0.177357,0.294468,0.236326,-0.091181,0.219969,-0.075964,0.275050,0.142034,0.314826,0.027692,0.336789
-0.610738,1.279378,0.915792,0.012582,-0.017404,-0.824314,-0.565725,4.520523,1.543244,0.926105,-1.850061,0.629624,0.056256,-1.113783,0.344221,0.697479,0.153537,-0.142805,0.067966,0.020174,0.304994,0.205977,1.850554,0.391314,0.912149,-1.044263,-0.510653,-0.337861,1.233076,-0.764752,0.101117,0.261800,0.118234,0.138929,-0.404670,-0.485945,-0.379827,-0.534081,-0.286012,-0.041421,-0.388926,-0.176543,-4.550713,7.947027,5.835826,2.174806,0.940463,-0.084108,-3.288072,-0.129553,-2.870425,-7.696815,-10.709157,4.634028,2.547898,0.066805,11.938764,6.154688,-5.341862,1.591421,0.000000,5.758169,-0.508422,-0.804920,-1.211573,-2.320560,-0.907028,-2.432474,0.171121,0.436533,-1.612356,0.095399,0.137303,-0.490179,-0.307242,-0.272045,-0.643926,-0.142183,0.161008,0.306749,0.238605,-0.082155,0.230050,-0.109792,0.275259,0.167974,0.302760,0.040978,0.348284
-0.678589,1.349940,0.931687,0.021331,-0.044218,-0.823418,-0.565307,4.431365,1.944113,1.082490,1.706391,2.249370,-0.030472,-1.165048,0.410965,0.791767,0.132629,-0.221571,-0.016731,0.056635,0.301245,0.175679,1.624653,0.252525,0.990271,-0.949674,-0.477196,-0.065392,1.333119,-0.857545,0.122158,0.261800,0.221384,0.107263,-0.432762,-0.503567,-0.433348,-0.467708,-0.313062,-0.072735,-0.424219,-0.132342,-2.563250,3.337201,4.714433,-1.045358,-3.938326,-4.234843,1.823029,-0.187449,-1.514901,-11.295078,-6.939459,3.906122,4.729466,1.672855,13.623465,5.002136,-4.639656,1.052008,-0.000000,5.157478,-1.583272,-1.404613,-0.881103,-2.676046,3.318681,-1.352536,-1.565700,-1.764622,2.210045,0.177134,0.128184,-0.521624,-0.312722,-0.308677,-0.636778,-0.174939,0.163497,0.296808,0.228320,-0.064690,0.250873,-0.139085,0.278761,0.163593,0.280823,0.069548,0.359077
-0.752804,1.416645,0.942277,0.020423,-0.118313,-0.815648,-0.565953,4.305088,2.428484,0.861739,6.191429,4.135742,-0.362957,-1.177703,0.409666,0.870228,0.077096,-0.409713,-0.191403,0.214207,0.327442,0.207759,1.306764,0.160146,1.078151,-0.818780,-0.370640,0.198910,1.386958,-0.929288,0.159815,0.246210,0.321421,0.063417,-0.477979,-0.531959,-0.452202,-0.373203,-0.319963,-0.114833,-0.425494,-0.050518,-0.632743,-0.064938,3.923027,-2.776652,-9.407118,-8.733598,7.878579,1.309825,1.604002,-15.894456,-4.618961,4.393971,6.544684,5.327821,13.215120,2.691979,-3.587143,1.882888,-0.779478,5.001848,-2.192297,-2.260869,-1.419581,-0.942705,4.725222,-0.345031,-2.104919,-0.063763,4.091163,0.283513,0.061073,-0.539002,-0.280608,-0.412033,-0.606923,-0.213238,0.185829,0.257725,0.204172,-0.030410,0.279026,-0.167314,0.284682,0.119557,0.246055,0.120957,0.360375
-0.818973,1.486496,0.947980,0.024373,-0.128634,-0.825031,-0.549712,4.399267,1.808403,0.775399,0.471487,1.050707,1.840918,-1.131825,0.475953,0.860050,0.032437,-0.391512,-0.247835,0.230237,0.321467,0.213339,1.025738,0.183362,1.128477,-0.714182,-0.283801,0.148477,1.383753,-0.969890,0.125356,0.223201,0.370670,0.063817,-0.519865,-0.528010,-0.480017,-0.310472,-0.335936,-0.145106,-0.441782,0.012966,2.293872,3.314373,-0.508916,-2.232981,0.910063,-2.821585,0.801530,-0.298736,0.278978,-14.051294,1.160834,2.516300,5.229925,4.341933,-2.521655,-0.160262,-2.030096,-1.722966,-1.150483,2.462467,0.019999,-2.094294,0.197467,-1.390742,3.136583,-0.798629,-1.513628,-0.814390,3.174246,0.347943,0.047268,-0.551945,-0.320185,-0.402427,-0.588245,-0.220138,0.196100,0.243937,0.191352,-0.032657,0.287440,-0.165457,0.286852,0.108165,0.243445,0.123911,0.349729
-0.883904,1.553818,0.950705,0.025758,-0.121741,-0.837547,-0.532007,4.359575,1.576688,0.630311,-0.843837,-0.111203,2.104309,-1.051930,0.537493,0.815669,-0.008726,-0.320737,-0.266282,0.228722,0.308772,0.211063,0.791445,0.261685,1.066872,-0.584309,-0.232544,0.085027,1.349535,-0.968475,0.086994,0.259319,0.306170,0.093652,-0.555964,-0.486405,-0.467183,-0.228169,-0.367124,-0.164862,-0.396050,0.055052,3.994753,3.077005,-2.219052,-2.058119,3.538753,-0.922368,-0.075745,-0.634753,-0.113773,-11.714610,3.916160,-3.080235,6.493654,2.562845,-3.172514,-1.710890,0.070755,-1.918113,1.805911,-3.225027,1.491720,-1.804948,2.080229,0.641715,4.115109,-1.559413,-0.987795,2.286612,2.104287,0.380043,0.037841,-0.566929,-0.372781,-0.365541,-0.568169,-0.215004,0.205325,0.234273,0.181047,-0.047843,0.286574,-0.147723,0.286427,0.103044,0.258714,0.109115,0.324350
-0.946260,1.622113,0.951486,0.034855,-0.087037,-0.851862,-0.515306,4.425819,1.211055,0.572859,-3.586030,-0.966331,1.957301,-0.969752,0.568399,0.746509,-0.004290,-0.167839,-0.228170,0.183697,0.296262,0.170699,0.653863,0.372735,0.884288,-0.441472,-0.208494,0.130928,1.270952,-0.929649,0.060904,0.261800,0.140320,0.126770,-0.556503,-0.400093,-0.404369,-0.134177,-0.378580,-0.195070,-0.327115,0.113985,4.108887,1.545300,-3.458005,0.221781,7.644925,1.905606,-2.251257,-0.625501,-2.018235,-6.879112,5.552504,-9.129210,7.141866,1.202543,2.295073,-3.929181,1.941297,-1.304482,0.124050,-8.292489,1.655926,-0.026954,4.315606,3.140690,4.699612,-0.572826,-1.510402,3.446731,2.946640,0.381378,0.059692,-0.588912,-0.420855,-0.284486,-0.556991,-0.201876,0.203483,0.232156,0.170226,-0.080204,0.276375,-0.119201,0.281756,0.109071,0.281932,0.066662,0.292068
-1.012623,1.687831,0.948885,0.033253,-0.050767,-0.867926,-0.492972,4.512824,1.171548,0.293625,-3.210026,-1.928184,2.579213,-0.865070,0.581051,0.662045,0.001442,-0.044163,-0.169829,0.175779,0.239119,0.151020,0.583566,0.554359,0.641249,-0.290555,-0.191463,0.108178,1.148620,-0.873108,0.040241,0.261727,-0.061388,0.163569,-0.520200,-0.260375,-0.321918,-0.081840,-0.366533,-0.177126,-0.301644,0.208395,5.234142,0.632600,-4.223166,0.286596,6.183781,2.917017,-0.395915,-2.857145,-0.983951,-3.514876,9.081165,-12.151948,7.545818,0.851525,-1.137514,-6.116575,2.827010,-1.033183,-0.003628,-10.085384,1.839952,1.815192,6.985892,4.122531,2.616838,0.602392,0.897185,1.273540,4.720498,0.349709,0.067822,-0.621283,-0.463904,-0.211057,-0.516337,-0.175786,0.204796,0.227821,0.157567,-0.114657,0.259445,-0.074182,0.276519,0.110841,0.308830,0.008910,0.237386
-1.079126,1.751114,0.943157,0.027850,-0.017456,-0.886581,-0.461404,4.508608,0.907213,0.004134,-2.812148,-2.100617,3.517745,-0.753849,0.543595,0.548289,0.003465,0.016896,-0.116887,0.182649,0.092292,0.144901,0.558184,0.798030,0.431824,-0.151170,-0.187698,0.097779,0.997305,-0.793927,0.030661,0.202889,-0.219512,0.208959,-0.475554,-0.091530,-0.308064,-0.043877,-0.329181,-0.160238,-0.324249,0.295562,5.561054,-1.872835,-5.687815,0.101172,3.052961,2.647105,0.343512,-7.341363,-0.305909,-1.269108,12.183580,-10.471241,6.969248,0.188244,-0.519950,-7.565782,3.959093,-0.478981,-2.941925,-7.906231,2.269485,2.232275,8.442278,0.692741,1.898175,1.867588,0.844393,-1.130223,4.358339,0.298060,0.068006,-0.655232,-0.482314,-0.141891,-0.462287,-0.138516,0.210435,0.220534,0.135345,-0.146315,0.241846,-0.014822,0.267006,0.109644,0.312390,-0.061421,0.168835
-1.143831,1.812515,0.931964,0.025562,0.013167,-0.904986,-0.424468,4.445540,0.546178,-0.379446,-2.702581,-1.721825,3.981000,-0.681539,0.468817,0.411291,0.014542,-0.027709,-0.077328,0.214073,-0.136076,0.143670,0.600966,1.080729,0.258482,-0.023076,-0.102882,0.057516,0.836905,-0.698929,0.108234,0.055428,-0.334008,0.259072,-0.432616,0.090406,-0.204698,-0.105332,-0.306228,-0.148853,-0.231734,0.372638,3.615459,-3.738890,-6.849885,0.553827,-2.230255,1.977952,1.571206,-11.418370,-0.061580,2.139116,14.134949,-8.667071,6.404731,4.240824,-2.013163,-8.019999,4.749870,3.878652,-7.373042,-5.724772,2.505628,2.146915,9.096787,5.168287,-3.072758,1.147630,0.569261,4.625718,3.853802,0.244224,0.062574,-0.676121,-0.466829,-0.077944,-0.410822,-0.093859,0.215224,0.211234,0.102122,-0.170883,0.227267,0.051200,0.243747,0.109511,0.278928,-0.132293,0.098403
-1.210228,1.869212,0.920309,0.019493,0.019431,-0.924779,-0.379508,4.365457,0.341202,-0.473111,-0.379524,-1.033072,4.840960,-0.645267,0.389477,0.248152,-0.081652,-0.161649,-0.089980,0.182607,-0.310805,0.159951,0.780512,1.380360,0.065246,0.090057,-0.301757,-0.044080,0.702455,-0.653770,0.235390,-0.048484,-0.404237,0.297447,-0.403162,0.231809,-0.188224,-0.196305,-0.276823,-0.118557,-0.187528,0.454478,1.813613,-3.966996,-8.156949,-4.809716,-6.696993,-0.632599,-1.573328,-8.736454,0.814048,8.977284,14.981526,-9.661833,5.656640,-9.943755,-5.079771,-6.722482,2.257951,6.357821,-5.195601,-3.511468,1.918785,1.472668,7.070147,0.823682,-4.548646,1.470264,1.514778,2.210307,4.092018,0.163736,0.018180,-0.678048,-0.424558,-0.048360,-0.370773,-0.037614,0.224714,0.193094,0.062032,-0.181909,0.228157,0.125604,0.212544,0.111961,0.216417,-0.197553,0.056263
-1.271334,1.921504,0.910571,0.007061,-0.006679,-0.939881,-0.341364,4.029090,-0.047950,-0.414758,2.906485,-0.398881,4.053468,-0.575148,0.242282,0.103379,-0.197776,-0.320610,-0.174133,0.180325,-0.331921,0.184422,0.841807,1.691700,-0.182204,0.224373,-0.385615,-0.141670,0.607920,-0.607204,0.260905,-0.089721,-0.458811,0.319693,-0.389386,0.338191,-0.127120,-0.140619,-0.284536,-0.104528,-0.228585,0.550062,3.505980,-7.359749,-7.238654,-5.806196,-7.948060,-4.207636,-0.114082,-1.055835,1.223547,3.064773,15.566993,-12.372471,6.715797,-4.192894,-4.879516,-4.726775,2.328315,1.275716,-2.061857,-2.728673,1.112284,0.688812,5.319079,3.055203,2.784302,-0.385649,0.701496,-2.052825,4.779184,0.095649,-0.035053,-0.673109,-0.360039,-0.066566,-0.348236,0.023972,0.233792,0.164656,0.022203,-0.168759,0.244143,0.193096,0.175301,0.124168,0.132154,-0.239413,0.045459
-1.325830,1.979679,0.902621,0.004378,-0.038375,-0.951560,-0.305028,3.917850,-0.804195,-0.217205,3.160226,0.738021,3.760567,-0.474533,-0.013617,-0.037291,-0.299316,-0.369235,-0.261348,0.137042,-0.235847,0.182476,0.807689,1.944540,-0.447751,0.348874,-0.447246,-0.203836,0.552613,-0.561640,0.261800,-0.081297,-0.486910,0.315932,-0.367664,0.440958,-0.088064,-0.120600,-0.291433,-0.092152,-0.272444,0.597387,5.030704,-12.794929,-7.033503,-5.076987,-2.431249,-4.360762,-2.164136,4.803700,-0.097270,-1.705911,12.641994,-13.277365,6.225034,-3.081571,-3.108328,-2.765325,2.278183,0.044766,0.421214,-1.404964,-0.188053,1.086107,5.138381,1.952802,1.000945,-0.344869,0.618775,-2.192971,2.366284,0.039146,-0.068000,-0.673891,-0.280809,-0.092062,-0.348223,0.085287,0.230658,0.146209,-0.014308,-0.145275,0.260245,0.245556,0.138882,0.156286,0.042587,-0.259408,0.053038
-1.390375,2.037954,0.898853,-0.005772,-0.019824,-0.963101,-0.268346,4.268921,-0.832249,-0.156253,-1.487039,-1.349196,3.901607,-0.305253,-0.215694,-0.188307,-0.319836,-0.247642,-0.232356,0.021654,-0.155183,0.207062,0.822613,2.063568,-0.659302,0.482880,-0.564848,-0.222661,0.502868,-0.565925,0.261800,-0.031465,-0.487513,0.284666,-0.349522,0.512574,-0.028946,-0.148551,-0.321473,-0.088218,-0.236922,0.655036,8.464002,-10.103889,-7.550819,-1.026020,6.079622,1.449598,-5.769423,4.033198,1.229278,0.746208,5.951411,-10.577556,6.700302,-5.880079,-0.941213,-2.487250,-0.214225,0.000000,2.491612,-0.030148,-1.563294,0.907093,3.580771,2.955899,-1.397535,-1.501975,0.196704,1.776103,2.882404,-0.058371,-0.039495,-0.678944,-0.227381,-0.095523,-0.355127,0.142734,0.200249,0.157472,-0.044522,-0.143098,0.264149,0.280061,0.082304,0.197707,-0.053085,-0.266076,0.050408
-1.460068,2.091416,0.899104,-0.020316,0.003574,-0.969443,-0.244446,4.332373,-0.701479,-0.163692,-1.870405,-1.952429,2.525217,-0.086137,-0.394223,-0.341459,-0.310358,-0.132903,-0.199401,-0.096965,-0.062108,0.246258,0.780692,2.121948,-0.827278,0.603662,-0.663767,-0.262882,0.514501,-0.636263,0.251549,0.049465,-0.501024,0.246284,-0.371557,0.523610,0.078863,-0.212786,-0.364172,-0.114353,-0.215409,0.738721,10.955796,-8.926418,-7.657588,0.473926,5.736984,1.647763,-5.930942,4.653791,1.959809,-2.096047,2.919008,-8.398808,6.039125,-4.945961,-2.011065,0.581645,-3.516938,-0.512573,4.046487,-0.675537,-1.919110,-1.101747,0.551831,5.390466,-3.211761,-2.134943,-1.306767,1.075629,4.184282,-0.165315,-0.001412,-0.672957,-0.183277,-0.111414,-0.369461,0.190736,0.163344,0.170018,-0.069113,-0.142748,0.272789,0.293220,0.024227,0.228241,-0.133158,-0.260920,0.065784
-1.529381,2.148816,0.901773,-0.010964,0.029909,-0.972142,-0.232218,4.389656,-0.995398,-0.074078,-2.731841,0.289016,1.353469,0.091630,-0.618667,-0.504200,-0.218909,-0.116625,-0.138872,-0.190800,-0.028127,0.250067,0.687042,2.121387,-0.951016,0.707083,-0.718525,-0.273933,0.592056,-0.745376,0.187744,0.013001,-0.526983,0.201820,-0.405506,0.509746,0.088041,-0.205573,-0.396247,-0.143677,-0.183802,0.792925,8.888381,-11.222235,-8.137030,4.572465,0.813883,3.026447,-4.691729,1.699036,0.190431,-4.682482,-0.028055,-6.186894,5.171039,-2.737921,-0.552537,3.877775,-5.455627,-3.190228,-1.823195,-1.297963,-2.223176,-1.697469,-0.693199,0.458888,0.360652,-1.603772,-1.466180,1.580364,2.710202,-0.236524,0.063883,-0.669344,-0.120488,-0.120618,-0.403270,0.222340,0.122453,0.193691,-0.101663,-0.145409,0.277700,0.286713,-0.030821,0.258882,-0.200308,-0.251289,0.079186
-1.601561,2.207174,0.909119,0.006277,0.050841,-0.971583,-0.231088,4.539537,-1.010246,0.214389,-2.415594,1.210480,0.210325,0.258665,-0.831110,-0.648961,-0.103283,-0.144202,-0.081962,-0.210268,-0.029466,0.259542,0.518870,2.061381,-1.070063,0.774038,-0.686324,-0.300102,0.734781,-0.859002,0.087615,-0.047199,-0.576402,0.151096,-0.427450,0.485948,0.105724,-0.173106,-0.400454,-0.138627,-0.080337,0.800791,8.351748,-10.622128,-7.238048,5.781266,-1.378830,2.845482,-0.973411,-0.066967,0.473746,-8.408602,-3.000300,-5.952325,3.347742,1.610085,-1.308470,7.136238,-5.681299,-5.006474,-3.010032,-2.470951,-2.536240,-1.097185,-1.189941,0.884141,1.623350,-0.210366,0.252489,5.173246,0.393284,-0.292064,0.117884,-0.662999,-0.048211,-0.124643,-0.440189,0.243985,0.085219,0.219859,-0.129888,-0.147283,0.279314,0.277083,-0.077316,0.280692,-0.249692,-0.243449,0.088930
-1.678514,2.266448,0.922346,0.026472,0.071972,-0.971166,-0.225735,4.748322,-1.058929,0.597557,-2.511488,1.461984,0.621677,0.405163,-0.970895,-0.797559,0.013750,-0.190146,-0.007962,-0.204737,-0.084463,0.269374,0.343854,1.927181,-1.125376,0.841677,-0.560575,-0.310907,0.889431,-0.958324,-0.002004,-0.097301,-0.644402,0.080807,-0.450536,0.474338,0.101770,-0.245980,-0.394155,-0.163465,0.008296,0.755018,7.324883,-6.989257,-7.429910,5.851682,-2.297208,3.700006,0.276558,-2.749832,0.491602,-8.750834,-6.709979,-2.765651,3.381952,6.287434,-0.540246,7.732502,-4.966108,-4.480949,-2.505100,-3.399997,-3.514412,-1.154275,-0.580459,-0.197696,-3.643715,0.314955,-1.241896,4.431640,-2.288663,-0.335078,0.172433,-0.649483,0.024984,-0.116654,-0.479825,0.250988,0.045570,0.247005,-0.162703,-0.145968,0.274725,0.258325,-0.124094,0.289329,-0.297946,-0.226938,0.088942
-1.756359,2.326566,0.939673,0.054881,0.094361,-0.971831,-0.208872,4.722413,-1.328995,0.931934,-2.836931,2.146548,1.809034,0.494311,-1.039670,-0.938734,0.150042,-0.226724,0.082715,-0.188614,-0.185199,0.287809,0.197555,1.728961,-1.136479,0.919777,-0.364436,-0.306692,0.999010,-1.025727,-0.114450,-0.108794,-0.712476,-0.048474,-0.467994,0.458880,0.070884,-0.208568,-0.471253,-0.201106,-0.083281,0.838820,4.457391,-3.438720,-7.058773,6.814591,-1.828924,4.533857,0.806152,-5.036815,0.921758,-7.314949,-9.911036,-0.555172,3.905015,9.806936,0.210748,5.478951,-3.370150,-5.622281,-0.574634,-3.403729,-6.464055,-0.872931,-0.772937,-1.544293,1.870592,-3.854872,-1.882029,-4.578821,4.190111,-0.349356,0.242682,-0.636157,0.104420,-0.095965,-0.518776,0.243566,0.002433,0.270946,-0.197408,-0.140776,0.263003,0.227209,-0.166847,0.288028,-0.341412,-0.208004,0.080346
-1.834258,2.388373,0.954671,0.066143,0.117285,-0.971196,-0.196592,4.726041,-1.529939,0.779073,-2.528843,0.519955,1.166314,0.595152,-1.033768,-1.080437,0.244218,-0.197699,0.148410,-0.204035,-0.264741,0.346381,0.072820,1.461404,-1.127119,1.083653,-0.135622,-0.192688,1.090080,-1.106911,-0.123427,-0.057108,-0.772579,-0.130636,-0.449009,0.285792,0.065913,-0.155124,-0.478858,-0.139158,-0.122548,0.742184,5.042078,0.295079,-7.085156,4.708784,1.451289,3.284777,-0.771084,-3.977081,2.928632,-6.236728,-13.377839,0.468024,8.193775,11.440690,5.700225,4.553499,-4.059181,-0.448861,2.584314,-3.005121,-4.108115,0.949263,-8.654392,-0.248569,2.672208,-0.380253,3.097365,-1.963368,-4.831786,-0.369498,0.296081,-0.609710,0.178839,-0.072831,-0.557695,0.235725,-0.042501,0.281307,-0.223199,-0.134774,0.261209,0.207488,-0.211914,0.268968,-0.364331,-0.173829,0.078380
-1.916413,2.452153,0.963160,0.066001,0.127458,-0.972382,-0.184044,4.954215,-1.583720,0.413931,-1.048444,-0.352305,1.172714,0.681166,-0.994331,-1.181552,0.296789,-0.128890,0.170558,-0.228897,-0.276909,0.406020,0.014292,1.173068,-1.149374,1.149000,0.002749,-0.095591,1.191685,-1.076849,-0.087735,0.053734,-0.842516,-0.245308,-0.427152,0.192824,0.055053,-0.096477,-0.533970,-0.148986,-0.141123,0.708026,4.300680,1.971841,-5.055728,2.628554,3.440418,1.107383,-1.243076,-0.608390,2.981925,-2.926407,-14.416768,-1.112796,3.267362,6.918560,4.854811,5.080258,1.503110,1.784638,5.542079,-3.496860,-5.733611,1.092854,-4.648376,-0.542999,2.932363,-2.755626,-0.491379,-0.928723,-1.707925,-0.394185,0.327694,-0.577962,0.242404,-0.061319,-0.589837,0.232475,-0.073526,0.285563,-0.233652,-0.123225,0.258837,0.200195,-0.239019,0.251788,-0.373375,-0.148878,0.079766
-1.998556,2.514419,0.966569,0.060199,0.124675,-0.973425,-0.182419,4.944218,-1.457451,0.144829,0.381836,-0.537243,0.122343,0.754756,-0.944092,-1.225261,0.285005,-0.030377,0.167684,-0.264727,-0.200427,0.438975,0.057862,0.884511,-1.226874,1.149000,-0.069395,-0.022634,1.274953,-1.011729,-0.065298,0.209135,-0.969383,-0.275971,-0.411555,0.139049,0.062301,-0.054240,-0.593096,-0.107396,-0.141971,0.667138,3.679494,2.511977,-2.185453,-0.589207,4.925670,-0.143703,-1.791516,3.824074,1.647757,2.178495,-14.427897,-3.874996,0.000000,-3.607197,3.647892,4.163364,3.256001,1.121826,7.770047,-6.343353,-1.533135,0.779851,-2.688779,0.362414,2.111864,-2.956267,2.079483,-0.042419,-2.044383,-0.435629,0.327808,-0.539940,0.296546,-0.061704,-0.611877,0.233047,-0.088220,0.289776,-0.233431,-0.113775,0.258178,0.201108,-0.248737,0.240198,-0.372050,-0.129501,0.080165
-2.073527,2.581443,0.966014,0.056408,0.123584,-0.972592,-0.188705,4.736313,-1.679213,-0.174864,0.207779,-0.269712,-0.667167,0.822238,-0.876613,-1.214472,0.276463,0.074313,0.175951,-0.250936,-0.145009,0.453871,0.103819,0.614585,-1.327989,1.149000,-0.101116,0.016559,1.285224,-0.908845,-0.066021,0.261800,-1.102754,-0.279399,-0.386444,0.066131,0.099228,0.061481,-0.572985,-0.050575,-0.065757,0.618159,3.374119,3.373903,0.539464,-0.427071,5.234497,0.413358,0.689566,2.770910,0.744780,2.297870,-13.496251,-5.055751,-0.000000,-1.586017,1.959627,0.513566,5.144164,-0.036170,2.633261,-6.668545,-0.171422,1.255569,-3.645901,1.846346,5.786027,1.005549,2.841056,3.810696,-2.448933,-0.473863,0.323254,-0.499714,0.338157,-0.035710,-0.620069,0.232677,-0.093290,0.293867,-0.228908,-0.110325,0.255134,0.204309,-0.253177,0.231843,-0.358745,-0.118363,0.074368
-2.150944,2.641341,0.963287,0.047492,0.107606,-0.972049,-0.203192,4.754019,-1.157545,-0.174662,1.795622,-0.384065,-1.438357,0.849981,-0.821138,-1.163838,0.217411,0.112813,0.172573,-0.223877,-0.069627,0.408686,0.207644,0.474221,-1.338496,1.149000,-0.095621,-0.008230,1.222274,-0.793587,-0.106016,0.261800,-1.118466,-0.303137,-0.361139,0.007338,0.068385,0.033556,-0.538867,-0.057598,-0.145609,0.637231,1.387143,2.773767,2.531701,-2.952631,1.924973,-0.168928,1.352921,3.769085,-2.259206,5.191220,-7.018217,-0.525338,-0.000000,0.274720,-1.239459,-3.147480,5.762915,-1.999707,0.000000,-0.785607,-1.186866,1.265213,-2.939631,-1.542158,-1.396238,1.705888,-0.351142,-3.992620,0.953594,-0.509595,0.289424,-0.466909,0.350206,-0.037390,-0.627284,0.232635,-0.078059,0.296619,-0.222011,-0.100631,0.256034,0.206139,-0.243608,0.239551,-0.342090,-0.118329,0.074124
-2.227136,2.700152,0.959003,0.036190,0.081759,-0.969035,-0.230167,4.732083,-0.875354,-0.217141,2.832997,-0.247177,-2.692474,0.830871,-0.763767,-1.071710,0.128491,0.073690,0.165912,-0.177792,-0.115440,0.319375,0.376941,0.420791,-1.236281,1.149000,-0.080769,-0.007876,1.123622,-0.670433,-0.170927,0.256208,-1.024129,-0.293408,-0.356049,-0.096083,0.059226,0.225721,-0.501067,-0.023018,-0.230488,0.585572,-0.955499,2.868575,4.606391,-4.445973,-1.956146,-0.333006,2.304251,-2.290662,-4.465567,8.464873,-2.671530,5.110754,-0.000000,0.742625,0.017699,-4.932620,6.157683,-3.245579,-0.279601,4.716835,0.486424,0.254525,-5.171072,-0.457947,9.608271,1.890023,1.729004,-4.243920,-2.582970,-0.535170,0.234541,-0.437948,0.337729,-0.047488,-0.641542,0.229303,-0.042185,0.296908,-0.215076,-0.089791,0.255699,0.209238,-0.214886,0.254841,-0.312545,-0.126589,0.070719
-2.300418,2.759245,0.952533,0.018276,0.066054,-0.961269,-0.266953,4.662911,-0.591806,-0.408887,2.026529,-1.043424,-3.824659,0.784838,-0.666706,-0.938230,0.039396,0.032177,0.144140,-0.114475,-0.253533,0.244891,0.617273,0.409604,-1.069034,1.102153,-0.095274,-0.009417,0.998470,-0.575079,-0.180805,0.227520,-0.876649,-0.255667,-0.352427,-0.176896,0.096709,0.262980,-0.468111,-0.016170,-0.317298,0.593558,-2.301639,4.853011,6.673987,-4.454774,-2.075638,-1.088620,3.165851,-6.904648,-3.724212,12.016577,-0.559306,8.362339,-2.342369,-0.725256,-0.077062,-6.257580,4.767706,-0.493901,-1.434412,7.374011,1.887070,0.181107,-4.040657,1.874152,1.862926,1.647801,0.342409,-4.340485,0.399307,-0.547700,0.173790,-0.395542,0.292417,-0.036701,-0.667136,0.225127,0.004515,0.284620,-0.202910,-0.092937,0.251694,0.223359,-0.173965,0.258701,-0.269797,-0.154577,0.066142
-2.366206,2.813963,0.944653,-0.003617,0.057496,-0.953468,-0.295939,4.239832,-0.338539,-0.607952,1.389120,-1.704116,-3.102300,0.697502,-0.557158,-0.818590,0.048647,0.041422,0.103903,0.011657,-0.255980,0.216580,0.923884,0.409605,-0.904092,0.926821,-0.183047,0.028123,0.893248,-0.531325,-0.163235,0.220149,-0.748793,-0.184492,-0.361621,-0.213795,0.107387,0.119977,-0.390419,-0.046185,-0.286133,0.489161,-4.366797,5.477429,5.982017,0.462573,0.462260,-2.011829,6.306623,-0.122342,-1.415522,15.330573,0.000026,8.247122,-8.766584,-4.388650,1.877014,-5.261129,2.187705,0.878525,-0.368548,6.392802,3.558720,-0.459698,-1.844915,0.533917,-7.150163,3.884553,-1.500772,1.558238,-5.219872,-0.533016,0.136132,-0.347460,0.227899,-0.030765,-0.695111,0.220751,0.045500,0.263268,-0.183760,-0.108386,0.239710,0.243731,-0.134650,0.247597,-0.206620,-0.198169,0.058774
-2.436965,2.872211,0.929091,-0.011714,0.048533,-0.945530,-0.321684,4.531626,-0.074159,-1.031370,0.988106,-0.384428,-2.746451,0.589450,-0.520040,-0.713370,0.063215,0.037077,0.089933,0.092078,-0.278149,0.190924,1.196221,0.494909,-0.726730,0.693955,-0.253207,0.146224,0.783959,-0.506768,-0.099552,0.042520,-0.616981,-0.107335,-0.374979,-0.249370,-0.046569,0.146782,-0.322666,-0.042397,-0.384854,0.378241,-5.402587,1.855869,5.260995,0.728379,-0.217268,-0.698534,4.021060,-1.108415,-1.282798,13.616845,4.265185,8.868101,-11.643310,-3.508039,5.905043,-5.464438,1.227846,3.184133,-8.881459,6.590622,3.857878,-0.667921,-1.778771,-7.697800,1.340283,3.387652,0.189430,-4.936035,-5.545975,-0.497000,0.106168,-0.321053,0.178427,-0.021995,-0.703278,0.203282,0.078812,0.246031,-0.163857,-0.130973,0.218916,0.256103,-0.096634,0.238205,-0.128165,-0.239174,0.053688
-2.500005,2.926665,0.914424,-0.014366,0.062660,-0.937433,-0.342180,4.103220,0.043031,-1.023606,-1.337580,-0.625584,-2.171881,0.433849,-0.521729,-0.623569,0.164953,0.091222,0.112228,0.123761,-0.259185,0.218322,1.504183,0.746115,-0.557755,0.421743,-0.340941,-0.140453,0.725496,-0.472811,-0.115501,0.015968,-0.516443,-0.097741,-0.401499,-0.252841,0.262367,0.031701,-0.187031,-0.109913,-0.105621,-0.063230,-7.780053,-0.084413,4.490044,5.086907,2.707278,1.114753,1.584148,0.948188,1.369895,15.398084,12.560310,8.448724,-13.610593,-4.386677,-14.333828,-2.923162,1.697852,-0.797441,-1.327556,5.026859,0.479679,-1.325994,-0.173537,15.446786,-5.754056,6.781785,-3.375820,13.961616,-22.073563,-0.437397,0.115375,-0.304446,0.101419,0.010801,-0.690436,0.184552,0.098798,0.236382,-0.131917,-0.162975,0.192620,0.267234,-0.065229,0.211301,-0.045239,-0.277756,0.055313
-2.553805,2.969255,0.905002,0.009079,0.062927,-0.921350,-0.383499,3.390729,0.469526,-0.524561,-1.188143,2.407059,-4.247114,0.145098,-0.558191,-0.473082,0.211502,0.153738,0.176782,0.106514,-0.205324,0.199849,1.795308,0.840181,-0.302478,0.130795,-0.403324,-0.170188,0.562526,-0.503121,-0.153406,0.022428,-0.405358,-0.023804,-0.398729,-0.279064,0.045481,0.023338,-0.143760,-0.103333,-0.226197,-0.029156,-14.437564,-1.823131,7.524345,2.327453,3.125772,3.227689,-0.862344,2.693038,-0.923681,14.556246,4.703305,12.763865,-14.547385,-3.119125,-1.486749,-8.148485,-1.515499,-1.895279,0.322992,5.554272,3.696876,0.138491,-1.311163,-10.844289,-0.418156,2.163516,0.329008,-6.028810,1.703724,-0.343966,0.118566,-0.331672,0.087180,0.023512,-0.677292,0.132673,0.120222,0.231900,-0.087741,-0.204237,0.164693,0.256110,-0.012573,0.187513,0.060867,-0.295594,0.073131
-2.622532,3.022597,0.906454,-0.000954,0.064225,-0.907000,-0.416202,4.263139,0.865376,-0.063092,0.172817,-0.757792,-3.634426,-0.028606,-0.412795,-0.353761,0.182447,0.196109,0.198207,0.047601,-0.126779,0.223311,1.933738,0.846744,-0.053832,-0.152578,-0.488469,-0.307398,0.459588,-0.543272,-0.219267,-0.024201,-0.301459,0.002597,-0.390844,-0.284051,-0.182188,-0.016993,-0.066283,-0.043460,-0.321174,0.112409,-8.685229,7.269818,5.966055,-1.452735,2.118560,1.071279,-2.945688,3.927244,1.173098,6.921517,0.328168,12.432309,-14.168672,-4.257261,-6.860525,-5.146888,-2.007564,-3.293015,-2.331458,5.194959,1.320050,0.394266,-0.249360,-11.383469,-2.016563,3.873875,2.993649,-4.748854,7.078257,-0.290778,0.128584,-0.343583,-0.000745,0.016257,-0.684974,0.090100,0.133996,0.228230,-0.031729,-0.230087,0.154374,0.240320,0.047799,0.151928,0.147822,-0.299152,0.107353
-2.693828,3.078190,0.910235,-0.031020,0.051616,-0.893798,-0.444408,4.368304,1.164235,-0.179581,2.305757,-1.995928,-3.312673,-0.158268,-0.228703,-0.205909,0.125907,0.175875,0.146508,0.011043,-0.001713,0.263086,1.997614,0.858486,0.142433,-0.388505,-0.595416,-0.447647,0.466786,-0.555447,-0.237884,-0.008226,-0.217021,-0.012897,-0.410282,-0.278213,-0.229653,-0.183032,-0.069735,-0.029902,-0.291612,0.073874,-6.483101,9.204615,7.392616,-2.827040,-1.011704,-2.584972,-1.827870,6.253303,1.988741,3.193795,0.587062,9.813224,-11.796342,-5.347372,-7.012415,0.359869,-0.608729,-0.930849,0.798749,4.221898,-0.774710,-0.971932,0.291918,-2.373243,-8.301927,-0.172606,0.677907,1.478143,-1.926749,-0.253108,0.131247,-0.360347,-0.106316,-0.035714,-0.683827,0.055918,0.158194,0.225166,0.035305,-0.231334,0.164468,0.209788,0.119964,0.124780,0.229432,-0.273197,0.155445
