-0.179208,-2.853947,0.956646,-0.125055,0.099179,0.734396,0.659688,3.022723,-0.457193,0.999718,0.502426,0.060032,-1.658196,0.391521,-1.166041,-0.617705,-0.037937,0.002207,-0.891199,0.675754,-0.237901,0.021141,1.114284,-0.817542,0.125274,0.716908,-0.951895,0.310038,0.132116,-0.112539,-0.300575,0.493259,-0.039735,0.207708,0.193561,1.212924,0.600220,-2.558165,2.260888,2.203564,-3.482690,-1.053763,1.294073,-0.483862,1.127643,4.797595,-6.758546,1.142018,1.633770,-1.392694,0.889056,0.046011,1.655816,-0.841247,0.885956,-0.149310,-0.421410,-0.416861,-0.511219,-0.220518,-0.298070,-0.036345,0.186480,0.239717,0.083651,-0.054495,0.199073,0.010863,0.245820,0.208375,0.081959,-0.003465,0.134845
-0.176701,-2.788482,0.953009,-0.120032,0.104006,0.719523,0.676063,3.152638,-0.333045,0.844442,1.026224,0.014846,-2.078159,0.374356,-1.147557,-0.580747,-0.117260,0.011435,-0.822725,0.600404,-0.262420,-0.002358,1.078004,-0.778820,0.245546,0.673274,-0.898708,0.310057,0.139625,-0.125106,-0.285389,0.536134,-0.094653,0.204038,-0.858250,0.924169,1.847888,-3.966177,0.461395,3.423735,-3.767492,-1.225954,-1.174934,-1.814022,1.936072,6.013589,-2.181711,2.659390,0.000953,0.375480,-0.628336,0.759302,2.143771,-2.745901,-0.183520,-0.125062,-0.424952,-0.418171,-0.496265,-0.224174,-0.346033,-0.031952,0.186630,0.234949,0.077100,-0.056448,0.200515,0.015552,0.243592,0.199865,0.075267,-0.004575,0.136969
-0.176626,-2.723126,0.945173,-0.108302,0.110462,0.702825,0.694338,3.230855,-0.042873,0.625819,1.639467,-0.345406,-2.261142,0.328483,-1.117493,-0.520251,-0.220385,-0.014498,-0.766638,0.534697,-0.259951,-0.049736,1.010052,-0.732215,0.408712,0.684755,-0.841342,0.266051,0.156177,-0.132005,-0.246858,0.567331,-0.132366,0.204050,-2.293638,1.503236,3.024803,-5.156224,-1.296662,2.804352,-3.285334,0.123470,-2.368884,-3.397592,2.330239,8.158279,0.574051,2.868284,-2.200320,0.827564,-0.344960,1.926563,1.559853,-1.885638,0.000585,-0.084672,-0.425128,-0.424497,-0.480218,-0.211515,-0.402656,-0.035428,0.181426,0.228575,0.073123,-0.056007,0.201103,0.010961,0.235984,0.188529,0.068043,-0.004606,0.137350
-0.174237,-2.657804,0.932579,-0.093502,0.115012,0.690660,0.707827,3.309334,-0.042963,0.353157,1.612393,-0.721458,-1.598029,0.237801,-1.086677,-0.464425,-0.283869,-0.037111,-0.681649,0.471613,-0.182389,-0.067866,0.923359,-0.687065,0.625048,0.737835,-0.763217,0.210963,0.149728,-0.058405,-0.199294,0.582937,-0.142619,0.153577,-4.534119,1.540763,2.791326,-3.174209,-1.130645,4.249445,-3.154186,3.878111,-0.906511,-4.334617,2.257497,10.816802,2.654023,3.906230,-2.754420,-0.322440,3.680029,2.378203,0.780299,-0.512695,-2.523633,-0.038986,-0.419862,-0.436817,-0.458041,-0.177329,-0.465151,-0.047205,0.172375,0.220607,0.072070,-0.054065,0.200997,-0.004436,0.224806,0.174196,0.061989,-0.004306,0.136540
-0.169774,-2.589300,0.920106,-0.080213,0.108460,0.686242,0.714755,3.473563,-0.089065,0.311720,0.584085,-1.418072,-0.694262,0.131848,-1.047361,-0.411558,-0.257815,-0.024455,-0.615450,0.423968,-0.063173,-0.052902,0.853205,-0.622191,0.879581,0.834430,-0.727801,0.139050,0.064550,-0.021835,-0.143331,0.584883,-0.116662,0.059517,-5.297646,1.965847,2.643324,1.302681,0.632789,3.309960,-2.382288,5.960804,0.748185,-3.507717,3.243719,12.726678,4.829766,1.770819,-3.595654,-4.258878,1.828476,2.798145,0.097283,1.297864,-4.702981,-0.011271,-0.407464,-0.461869,-0.435995,-0.130277,-0.510407,-0.061042,0.160279,0.216087,0.073799,-0.050415,0.200310,-0.020198,0.210837,0.166008,0.056989,-0.003904,0.134839
-0.168585,-2.525891,0.907082,-0.073724,0.103529,0.675516,0.726309,3.229346,0.161895,0.155865,0.315167,-0.827990,-1.526412,-0.018112,-1.032063,-0.357916,-0.179353,-0.003524,-0.491279,0.333643,0.070876,-0.033314,0.778488,-0.561426,1.147319,1.003531,-0.641653,0.106795,-0.036876,-0.187124,-0.077989,0.586529,-0.066082,0.061823,-7.497988,0.764884,2.682083,3.923127,1.046542,6.208513,-4.516236,6.702455,0.979440,-3.735855,3.038241,13.386888,8.455021,4.307390,-1.612739,-5.071314,-8.264465,3.267092,0.082300,2.529008,0.115265,0.020865,-0.400103,-0.478002,-0.388015,-0.072752,-0.566702,-0.090170,0.140174,0.209298,0.078260,-0.041983,0.199802,-0.058789,0.191382,0.153395,0.051733,-0.001587,0.133495
-0.166258,-2.466700,0.895152,-0.078499,0.096740,0.661472,0.739550,3.010303,0.210544,0.148954,-0.604318,-0.193388,-1.983618,-0.199110,-1.002602,-0.277912,-0.073078,0.035780,-0.387230,0.224389,0.146614,-0.029591,0.732279,-0.475634,1.395222,1.102612,-0.587803,0.085338,-0.128717,-0.294819,-0.039671,0.587977,-0.014126,0.076388,-9.049896,1.473046,4.000210,5.313708,1.965229,5.202473,-5.462677,3.786859,0.186139,-2.310430,4.289633,12.395161,4.954050,2.692493,-1.072825,-4.592069,-5.384722,1.915880,0.072413,2.597795,0.728291,0.061667,-0.386385,-0.496981,-0.327813,-0.035693,-0.612834,-0.104923,0.125324,0.205429,0.080485,-0.036923,0.199692,-0.078308,0.175311,0.146056,0.048677,-0.000859,0.133210
-0.167085,-2.406370,0.888441,-0.075935,0.093213,0.651988,0.748637,2.976575,0.455485,0.382114,0.094508,-0.440293,-1.296879,-0.380373,-0.928980,-0.222357,-0.026302,0.060198,-0.230423,0.094103,0.158435,-0.008967,0.694966,-0.392961,1.570858,1.146773,-0.487602,0.059462,-0.200230,-0.384461,-0.049885,0.570633,0.042608,0.053559,-9.063177,3.681093,2.777747,2.338840,1.220893,7.840324,-6.514338,0.591086,1.031170,-1.865690,4.133634,8.781813,2.208078,5.010068,-1.293821,-3.575621,-4.482126,-0.510672,-0.867232,2.836697,-1.141495,0.135042,-0.358564,-0.515882,-0.251852,-0.035135,-0.658869,-0.113640,0.110875,0.199297,0.083830,-0.033117,0.198842,-0.090403,0.155416,0.134424,0.051014,0.001842,0.132260
-0.167153,-2.346446,0.883153,-0.073882,0.091485,0.642285,0.757391,2.935773,0.493285,0.430179,0.173287,-0.269816,-1.288073,-0.567170,-0.840689,-0.165471,-0.002076,0.070585,-0.066190,-0.050507,0.140830,0.008990,0.672072,-0.341225,1.686612,1.172670,-0.376492,0.046159,-0.272882,-0.497734,-0.069281,0.562917,0.064601,0.040214,-9.339859,4.414534,2.844324,1.211262,0.519314,8.211652,-7.230492,-0.880262,0.897845,-1.144699,2.586797,5.787666,1.294822,5.555479,-0.665130,-3.632608,-5.663655,-0.969813,-0.385769,1.099675,-0.667250,0.226468,-0.324989,-0.515756,-0.163523,-0.048901,-0.695321,-0.121154,0.097092,0.193946,0.085942,-0.029613,0.198553,-0.101357,0.134950,0.123895,0.052736,0.005355,0.132168
-0.163497,-2.286590,0.880683,-0.075015,0.089485,0.630386,0.767449,2.918817,0.401468,0.569922,-0.065028,-0.082883,-1.565425,-0.746476,-0.741740,-0.086763,0.047563,0.091065,0.075670,-0.188456,0.121039,0.027036,0.682430,-0.293755,1.740948,1.163734,-0.300255,0.051504,-0.338170,-0.586266,-0.112799,0.535969,0.105651,0.019181,-8.965300,4.947478,3.935368,2.481981,1.024015,7.093020,-6.897458,-0.989559,0.902336,0.517936,2.373484,2.716798,-0.446784,3.811871,0.267248,-3.264401,-4.426601,-2.175877,-1.347394,2.052480,-1.051636,0.312361,-0.285088,-0.502395,-0.083399,-0.065031,-0.712314,-0.124809,0.091096,0.191197,0.089424,-0.027643,0.197587,-0.107146,0.123847,0.118070,0.058393,0.009324,0.131234
-0.162146,-2.225634,0.880125,-0.075213,0.088985,0.614110,0.780573,2.903178,0.649060,0.666963,0.158946,-0.027102,-2.083549,-0.905679,-0.640378,0.017186,0.120673,0.110005,0.203530,-0.291823,0.117981,0.066128,0.687407,-0.261936,1.742501,1.137260,-0.256883,0.071894,-0.408427,-0.643670,-0.157998,0.468288,0.157886,0.021550,-7.960122,5.068084,5.197472,3.655509,0.947007,6.392983,-5.168314,-0.152882,1.954583,0.248850,1.590955,0.077648,-1.323719,2.168595,1.019484,-3.512860,-2.870159,-2.259985,-3.384055,2.611768,0.118443,0.381709,-0.245523,-0.479716,-0.020758,-0.079057,-0.718173,-0.126588,0.091102,0.190137,0.096232,-0.028305,0.195174,-0.110450,0.120762,0.115357,0.070702,0.010408,0.127485
-0.159179,-2.160028,0.884403,-0.072988,0.083768,0.599544,0.792592,3.069910,0.741048,0.924387,0.051187,-0.552282,-1.891499,-1.015863,-0.503863,0.131911,0.201534,0.112811,0.315736,-0.355709,0.111846,0.103026,0.722841,-0.253796,1.678018,1.074872,-0.236775,0.109047,-0.437322,-0.688352,-0.200853,0.375003,0.182977,0.042124,-5.509221,6.825746,5.736243,4.043023,0.140288,5.610315,-3.194311,-0.306776,1.844901,1.771695,0.406997,-3.224123,-3.119409,1.005392,1.857641,-1.444759,-2.234140,-2.142735,-4.664275,1.254532,1.028740,0.436663,-0.192171,-0.466293,0.009614,-0.095447,-0.715404,-0.125159,0.098808,0.190180,0.104438,-0.033942,0.192568,-0.110336,0.127448,0.114733,0.088226,0.006204,0.122871
-0.158499,-2.091231,0.894905,-0.065991,0.076458,0.590512,0.800684,3.122800,0.970361,1.189997,0.248433,-1.006078,-1.191442,-1.077499,-0.349712,0.247178,0.255758,0.091934,0.400199,-0.389528,0.122254,0.138494,0.757233,-0.278515,1.550831,0.983387,-0.235895,0.156556,-0.429899,-0.678885,-0.236535,0.270176,0.204115,0.081839,-3.081795,7.707571,5.763352,2.711197,-1.043856,4.223157,-1.690959,0.520419,1.773390,1.719613,-1.235923,-6.359383,-4.574220,0.043982,2.375466,0.371190,0.473343,-1.784103,-5.241358,1.056882,1.985710,0.479611,-0.132378,-0.457295,0.022448,-0.103392,-0.711469,-0.119624,0.112502,0.191111,0.112044,-0.045022,0.190650,-0.105417,0.142009,0.115880,0.107352,-0.004997,0.119178
-0.156648,-2.019126,0.907791,-0.057865,0.068773,0.584377,0.806489,3.282970,1.022408,1.264183,0.288331,-1.099072,-0.817402,-1.093232,-0.198867,0.358134,0.279204,0.055115,0.473462,-0.404426,0.135138,0.163868,0.804264,-0.341051,1.367321,0.872340,-0.231539,0.213942,-0.388119,-0.603825,-0.268336,0.165698,0.185858,0.148097,-0.786632,7.542264,5.547815,1.172294,-1.840922,3.663140,-0.744881,0.644173,1.268737,2.351526,-3.126801,-9.175487,-5.552356,0.217845,2.869315,2.088990,3.753025,-1.590025,-5.223855,-0.912815,3.312896,0.507951,-0.072567,-0.455745,0.020499,-0.108000,-0.706113,-0.111139,0.128442,0.192446,0.117180,-0.060434,0.189916,-0.097661,0.159647,0.117768,0.125186,-0.022911,0.117389
-0.154725,-1.944672,0.923454,-0.049087,0.061654,0.583422,0.808336,3.395786,1.073418,1.340761,0.320927,-1.089548,-0.159528,-1.061382,-0.041000,0.455016,0.273962,0.012098,0.529931,-0.410115,0.153349,0.191878,0.843813,-0.402345,1.128586,0.722220,-0.236031,0.265052,-0.317216,-0.467988,-0.278333,0.075724,0.137075,0.240613,1.592486,7.893341,4.844088,-0.262102,-2.150854,2.823455,-0.284447,0.910592,1.400471,1.977447,-3.064713,-11.936723,-7.506000,-0.224643,2.555507,3.545155,6.791855,-0.499872,-4.498713,-2.439157,4.625833,0.521568,-0.000749,-0.469750,0.015803,-0.110980,-0.701446,-0.093629,0.147704,0.194122,0.114316,-0.082896,0.189755,-0.078332,0.180850,0.120639,0.134245,-0.051717,0.116523
-0.145163,-1.869313,0.937917,-0.049922,0.041587,0.584630,0.808694,3.605989,0.696176,1.208723,-1.224615,-1.590289,-0.009943,-0.995358,0.151121,0.536563,0.280388,0.027945,0.597879,-0.408062,0.131482,0.215427,0.901081,-0.435104,0.858021,0.514326,-0.197971,0.311962,-0.206650,-0.283305,-0.286217,-0.001952,0.041709,0.261800,3.301174,9.606049,4.077343,0.321305,0.792326,3.397393,0.102654,-1.093351,1.177467,2.863396,-1.637967,-13.528294,-10.394686,1.903003,2.345478,5.528302,9.234124,-0.394190,-3.883791,-4.768297,1.059337,0.510837,0.096141,-0.502547,0.001148,-0.133161,-0.693912,-0.067346,0.165876,0.194851,0.099892,-0.110912,0.190261,-0.050377,0.198848,0.121658,0.130772,-0.090480,0.117041
-0.140299,-1.791099,0.948469,-0.041891,0.027656,0.581788,0.811790,3.713706,1.000409,0.915837,-0.119135,-1.590542,-0.433531,-0.895103,0.326330,0.623959,0.280743,-0.002731,0.667010,-0.397000,0.150766,0.257717,0.944576,-0.482209,0.582510,0.328861,-0.154607,0.357614,-0.087678,-0.098833,-0.299541,-0.064906,-0.030479,0.261800,5.012782,8.760420,4.369812,0.017746,-1.533764,3.456543,0.553082,0.964192,2.114501,2.174738,-2.355221,-13.775529,-9.273249,2.168239,2.282602,5.948583,9.223630,-0.666209,-3.147736,-3.609424,0.000000,0.473059,0.185463,-0.542196,-0.011941,-0.141749,-0.687628,-0.041886,0.178170,0.195809,0.081497,-0.132845,0.191347,-0.023852,0.211751,0.123150,0.118874,-0.123735,0.118875
-0.147826,-1.710193,0.952197,-0.023126,0.023603,0.577623,0.815635,3.670367,1.694639,0.444457,1.324271,-1.403981,-0.526498,-0.795960,0.442766,0.701677,0.258760,-0.092420,0.746684,-0.359146,0.229484,0.309691,0.976141,-0.532532,0.370720,0.250178,-0.092588,0.393870,-0.013660,0.001369,-0.334081,-0.139510,-0.043030,0.261370,4.957154,5.821824,3.885913,-1.099140,-4.484477,3.983689,1.892700,3.935868,2.598664,1.578253,-2.516155,-10.589488,-3.934167,3.100906,1.812815,3.700892,5.010078,-1.727017,-3.730182,-0.627544,-0.021495,0.432111,0.248148,-0.570542,-0.034211,-0.126273,-0.683041,-0.035636,0.182658,0.196536,0.076574,-0.144849,0.193843,-0.020719,0.217644,0.123833,0.118649,-0.143618,0.123413
-0.146235,-1.633534,0.951603,-0.021587,0.007324,0.581967,0.812893,3.652109,1.158550,0.136515,-0.826809,-1.421530,0.472403,-0.730504,0.518769,0.723879,0.277148,-0.099706,0.843633,-0.368972,0.275768,0.281538,0.995037,-0.535967,0.253334,0.296327,0.031853,0.438219,-0.000269,-0.092456,-0.370137,-0.182481,-0.057644,0.203127,3.272790,3.800158,1.110059,0.919397,-0.364295,4.847472,-0.491314,2.314234,-1.407647,0.944810,-0.171737,-5.869302,2.307441,6.222078,2.217448,0.669560,-4.691222,-1.802772,-2.148532,-0.730709,-2.912149,0.391912,0.285357,-0.592085,-0.037096,-0.098091,-0.679603,-0.058969,0.180645,0.198220,0.088194,-0.143736,0.196232,-0.056315,0.217310,0.124865,0.133630,-0.142863,0.127917
-0.148043,-1.559382,0.946207,-0.019408,-0.007226,0.581940,0.812968,3.482878,1.289904,-0.180658,-0.658604,-1.312635,-0.041424,-0.688404,0.553768,0.733153,0.286390,-0.129564,0.951053,-0.369512,0.276932,0.212922,0.975775,-0.527186,0.226946,0.386664,0.167651,0.450943,-0.011811,-0.171661,-0.405740,-0.203346,-0.034599,0.165230,2.105005,1.749922,0.463741,0.462100,-1.492899,5.371020,-0.026995,0.058178,-3.430757,-0.963088,0.439050,-1.319414,4.516854,6.789921,0.636186,-0.577097,-3.960260,-1.780164,-1.043244,1.152291,-1.894869,0.366487,0.302484,-0.604683,-0.040912,-0.072283,-0.680264,-0.089603,0.169439,0.200344,0.105021,-0.135259,0.198294,-0.100784,0.203051,0.126333,0.152814,-0.130134,0.131797
-0.149948,-1.485677,0.937314,-0.016113,-0.022627,0.580962,0.813457,3.447026,1.308994,-0.438956,-0.612529,-1.444708,-0.146278,-0.672057,0.567388,0.724980,0.288346,-0.174189,1.034590,-0.324621,0.239948,0.117423,0.908006,-0.492029,0.287639,0.488308,0.289756,0.428267,-0.001895,-0.190925,-0.423455,-0.200043,-0.012006,0.127167,0.817339,0.681001,-0.408664,0.097819,-2.231257,4.176835,2.244550,-1.849180,-4.774964,-3.388475,1.757807,3.034665,5.082200,6.105234,-1.133807,0.495801,-0.963221,-0.885763,0.165124,1.129605,-1.903124,0.355002,0.311510,-0.609127,-0.058489,-0.050081,-0.685880,-0.117100,0.150432,0.202284,0.119617,-0.122519,0.199009,-0.139664,0.176657,0.127884,0.167290,-0.111278,0.133182
-0.151588,-1.412711,0.924673,-0.014137,-0.040111,0.578913,0.814280,3.385993,1.322534,-0.708498,-0.836822,-1.536040,-0.262492,-0.661887,0.540428,0.714692,0.275083,-0.240200,1.050869,-0.234024,0.180475,-0.005775,0.829337,-0.449859,0.371048,0.642878,0.358272,0.382628,0.128491,-0.199878,-0.415546,-0.176327,0.002521,0.050129,0.508483,-1.348005,-0.514380,-0.663152,-3.300531,0.813945,4.529839,-2.973649,-6.159896,-3.933442,2.108518,4.170434,7.728512,3.425767,-2.281943,6.519303,-0.447650,0.395475,1.185795,0.726386,-3.851935,0.354553,0.301335,-0.613927,-0.095811,-0.030844,-0.688796,-0.142135,0.122012,0.202629,0.134990,-0.101351,0.198037,-0.172040,0.139669,0.128290,0.178684,-0.081673,0.131434
-0.155437,-1.343458,0.914134,-0.009186,-0.047993,0.588759,0.806830,3.199517,1.281789,-0.651816,-0.014294,-0.986121,1.187139,-0.688370,0.481975,0.670923,0.222710,-0.318174,1.006131,-0.113518,0.126045,-0.114573,0.774158,-0.421922,0.553429,0.836445,0.348269,0.336916,0.068407,-0.248432,-0.381651,-0.120076,0.051405,-0.020362,-1.324108,-2.922627,-2.188497,-2.618649,-3.898691,-2.236879,6.025330,-2.721521,-5.439917,-2.758915,1.396867,9.119063,9.678363,-0.500109,-2.285601,-3.004211,-2.427692,1.694757,2.812568,2.444174,-3.524527,0.378455,0.286059,-0.603961,-0.150653,-0.019168,-0.682476,-0.159246,0.090206,0.200354,0.145509,-0.072800,0.195323,-0.188327,0.099471,0.124191,0.179308,-0.043783,0.126418
-0.157810,-1.283149,0.906635,-0.002216,-0.049923,0.611142,0.789942,2.854197,0.901622,-0.536832,0.551774,-0.689959,2.755624,-0.730769,0.400733,0.596471,0.174513,-0.360692,0.896967,0.007275,0.109717,-0.171776,0.719622,-0.403482,0.789760,1.045180,0.277466,0.282549,-0.091697,-0.330059,-0.314527,-0.017206,0.040272,-0.068218,-2.119958,-4.062095,-3.722566,-2.409864,-2.125917,-5.458234,6.039655,-0.816393,-2.860121,-2.726828,0.921973,11.816556,10.436709,-3.540191,-2.718340,-8.005173,-4.081365,3.356195,5.143501,-0.556628,-2.392786,0.408745,0.258919,-0.589815,-0.204569,-0.008739,-0.670697,-0.166683,0.059633,0.195899,0.145032,-0.042956,0.191311,-0.188681,0.064368,0.116994,0.163175,-0.008393,0.119141
-0.158899,-1.227344,0.902324,0.005771,-0.040551,0.642350,0.765316,2.717777,0.550368,-0.381872,1.417549,0.090385,3.907062,-0.719891,0.264262,0.500224,0.086233,-0.349542,0.717429,0.107929,0.093543,-0.158098,0.650907,-0.397474,0.868850,1.249754,0.163882,0.228621,-0.167516,-0.378655,-0.234014,0.157229,0.025484,-0.076216,0.543892,-6.823563,-4.812360,-4.414001,0.557522,-8.976897,5.032669,-0.808697,0.683890,-3.435747,0.300426,3.954475,10.228739,-5.679163,-2.696391,-3.790959,-2.429780,4.025661,8.721725,-0.739427,-0.399934,0.423581,0.205826,-0.591882,-0.245852,-0.021841,-0.664652,-0.166972,0.035373,0.191373,0.131147,-0.016741,0.188937,-0.181531,0.042591,0.110948,0.127497,0.018430,0.114897
-0.160066,-1.173985,0.901242,0.009453,-0.033934,0.672221,0.739512,2.641944,0.316065,-0.210802,0.918052,0.175191,3.906060,-0.676763,0.093786,0.406248,0.000388,-0.286679,0.532746,0.187781,0.073166,-0.111292,0.613485,-0.395335,0.896067,1.418013,0.087233,0.165294,-0.242596,-0.372136,-0.193478,0.335654,0.049781,-0.054053,2.156412,-8.523808,-4.698822,-4.292256,3.143136,-9.234141,3.992613,-1.018865,2.340279,-1.871095,0.106921,1.360856,8.412934,-3.832443,-3.166366,-3.754026,0.325934,2.026779,8.921273,1.214864,1.108168,0.420790,0.125250,-0.603076,-0.283588,-0.046822,-0.654593,-0.163228,0.014814,0.188625,0.113600,0.002287,0.191287,-0.171643,0.024536,0.107588,0.089760,0.034307,0.119602
-0.161071,-1.124498,0.904900,0.010412,-0.031583,0.697060,0.716241,2.478688,0.114140,0.038185,0.398427,0.064927,3.388039,-0.627261,-0.089727,0.316602,-0.060357,-0.199684,0.368395,0.258523,0.048318,-0.058842,0.620474,-0.397174,0.933001,1.543145,0.039177,0.107946,-0.323794,-0.355982,-0.182193,0.490473,0.067285,-0.017592,2.475071,-9.175662,-4.482271,-3.037226,4.349734,-8.217566,3.537130,-1.242414,2.622522,0.349452,-0.091929,1.846691,6.256582,-2.402800,-2.867417,-4.059891,0.807731,0.564258,7.740960,0.875224,1.823036,0.401093,0.028668,-0.610880,-0.324718,-0.075433,-0.633723,-0.157931,-0.000202,0.187122,0.097449,0.014018,0.196453,-0.161431,0.011773,0.106025,0.058267,0.040930,0.129574
-0.163013,-1.078263,0.909340,0.010410,-0.030299,0.719497,0.693756,2.322669,0.008324,0.090002,0.248192,0.045744,3.168400,-0.575944,-0.276441,0.223798,-0.120003,-0.147759,0.223138,0.329935,0.010448,-0.030269,0.632712,-0.406395,0.955696,1.625170,-0.002300,0.053908,-0.390542,-0.363567,-0.192969,0.590996,0.094915,0.017984,2.565869,-9.335689,-4.640199,-2.982299,2.596255,-7.262820,3.570553,-1.893476,1.428638,0.611917,-0.461039,1.134744,4.101263,-2.073861,-2.701890,-3.337409,-0.379286,-0.538826,5.026147,1.381485,1.778804,0.370643,-0.070309,-0.604745,-0.364452,-0.103883,-0.607372,-0.152147,-0.008017,0.186248,0.086781,0.021058,0.201303,-0.151284,0.006819,0.105555,0.038287,0.043599,0.139074
-0.164594,-1.032967,0.914825,0.012533,-0.028945,0.740588,0.671219,2.273539,-0.148748,0.140092,0.385007,-0.112630,3.071772,-0.506647,-0.451695,0.125309,-0.168456,-0.150701,0.099599,0.399478,-0.024985,-0.023000,0.657488,-0.435725,0.945878,1.648904,-0.045536,0.024936,-0.437577,-0.376314,-0.217787,0.658388,0.114527,0.031985,3.464827,-8.762671,-4.924480,-2.422663,-0.147085,-6.176967,3.477147,-1.771651,0.363463,1.238771,-1.466516,-0.490878,1.186700,-2.161832,-1.448592,-2.351761,-0.637334,-1.240870,3.369597,0.980590,0.700050,0.322801,-0.160567,-0.592096,-0.402364,-0.124429,-0.574502,-0.149298,-0.006425,0.186064,0.080230,0.023586,0.205325,-0.145819,0.011648,0.106105,0.026489,0.044733,0.147041
-0.166237,-0.986322,0.921667,0.015645,-0.029047,0.762370,0.646300,2.330689,-0.307191,0.192050,0.337238,-0.292587,3.295127,-0.420920,-0.595278,0.028131,-0.206384,-0.213812,-0.000696,0.469010,-0.075038,-0.040472,0.709740,-0.485320,0.916509,1.604204,-0.073800,0.020387,-0.467792,-0.358917,-0.241329,0.709105,0.106939,0.018283,4.286365,-7.179157,-4.858866,-1.896379,-3.155537,-5.014749,3.476617,-2.502630,-0.873614,2.612600,-2.479769,-1.468440,-2.234994,-1.413188,-0.227472,-1.510749,0.869849,-1.177101,2.535814,-0.379400,-0.685106,0.267073,-0.230086,-0.576608,-0.440266,-0.143762,-0.530536,-0.149021,0.003514,0.186211,0.076835,0.020680,0.208682,-0.143865,0.023346,0.106761,0.020929,0.044299,0.153465
-0.167276,-0.937876,0.930201,0.017384,-0.029311,0.782777,0.621368,2.392868,-0.507376,0.262660,0.216539,-0.200326,3.212732,-0.327282,-0.702545,-0.072396,-0.222650,-0.306748,-0.063023,0.529788,-0.131652,-0.081174,0.779850,-0.541244,0.869673,1.499228,-0.072035,0.029937,-0.486355,-0.318880,-0.257696,0.755534,0.076095,-0.008492,4.681889,-5.363363,-5.026356,-0.813321,-4.646811,-3.116328,3.038894,-2.830710,-2.035085,3.505520,-2.796177,-2.341825,-5.248796,0.088251,0.477512,-0.928146,2.001856,-0.818385,2.321484,-1.542183,-1.338732,0.210073,-0.277856,-0.563903,-0.470929,-0.156380,-0.482620,-0.148832,0.018992,0.186282,0.074798,0.012992,0.211840,-0.142164,0.037960,0.106733,0.019208,0.042464,0.159176
-0.169543,-0.889330,0.940735,0.020074,-0.029959,0.802783,0.595180,2.385311,-0.607585,0.350992,0.227510,-0.304080,3.282724,-0.235087,-0.757489,-0.171448,-0.233767,-0.403971,-0.089513,0.592197,-0.189969,-0.133946,0.859126,-0.592173,0.830758,1.340266,-0.068562,0.032794,-0.492556,-0.252028,-0.283539,0.783078,0.053011,-0.000225,4.609757,-2.747214,-4.952596,-0.555872,-4.861187,-1.324507,3.120463,-2.915878,-2.638638,3.963774,-2.546468,-1.945736,-7.948083,0.173660,0.142841,-0.310053,3.342580,-1.292153,1.377203,-1.154213,0.413323,0.164257,-0.299242,-0.560815,-0.496413,-0.162281,-0.430167,-0.144333,0.041995,0.186282,0.073956,0.002603,0.214080,-0.134976,0.059411,0.106650,0.022395,0.041287,0.163313
-0.170750,-0.837845,0.948778,0.021134,-0.029213,0.823730,0.565835,2.445442,-0.874872,0.215537,0.249186,-0.095003,3.593434,-0.161953,-0.774490,-0.268182,-0.227685,-0.442896,-0.095960,0.658902,-0.239053,-0.155906,0.943004,-0.625101,0.803894,1.137665,-0.062013,-0.003660,-0.472390,-0.157874,-0.315576,0.789484,0.014939,0.053418,3.656717,-0.850018,-4.836699,0.304130,-1.946217,-0.322359,3.335266,-2.454165,-1.097962,4.193923,-1.646385,-1.343179,-10.130054,0.327442,-1.822702,1.008335,4.707723,-1.601804,0.320299,-1.903613,2.682156,0.129211,-0.303035,-0.568225,-0.516896,-0.170792,-0.371080,-0.129870,0.067879,0.185951,0.073180,-0.010277,0.215125,-0.114987,0.081587,0.106435,0.030749,0.039036,0.165123
-0.173194,-0.788318,0.955645,0.023228,-0.027218,0.851640,0.522905,2.281036,-1.017005,0.166141,0.467510,-0.157146,5.102808,-0.121162,-0.755698,-0.382852,-0.223008,-0.422685,-0.089192,0.729533,-0.287695,-0.084158,1.009923,-0.643446,0.809035,0.905628,-0.067686,-0.059125,-0.411373,-0.057400,-0.341027,0.773633,-0.063829,0.171065,2.039548,0.939576,-5.733502,0.233853,1.010560,0.338418,3.531544,-2.432100,3.587398,3.345943,-0.917267,0.257051,-11.601856,-0.283654,-2.773231,3.050850,5.023710,-1.272579,-0.792548,-3.938402,5.882365,0.114270,-0.289948,-0.584842,-0.529754,-0.210827,-0.303790,-0.105921,0.092815,0.185822,0.070994,-0.025809,0.214663,-0.084985,0.101077,0.106919,0.043202,0.032155,0.163673
-0.174203,-0.739226,0.961497,0.022191,-0.025828,0.877521,0.478327,2.103702,-1.292793,0.127832,0.264601,0.074994,5.150190,-0.120600,-0.707718,-0.483154,-0.188071,-0.367791,-0.092479,0.799856,-0.296266,0.058471,1.081104,-0.641672,0.849764,0.676168,-0.097241,-0.116553,-0.338999,-0.002286,-0.360523,0.747653,-0.175728,0.261800,0.028093,2.398996,-5.015092,1.746820,2.744677,-0.164380,3.516140,-0.428560,7.131417,3.559056,0.088714,2.036414,-11.472992,-1.477717,-2.871411,3.618665,2.755674,-0.974799,-1.298990,-5.594916,4.536754,0.114066,-0.259830,-0.612632,-0.528611,-0.258617,-0.231737,-0.075809,0.111765,0.186241,0.066060,-0.041451,0.213523,-0.049357,0.113670,0.108595,0.055076,0.020271,0.160589
-0.173141,-0.690254,0.965599,0.018796,-0.031512,0.897519,0.439446,1.908690,-1.548203,0.025928,-0.506747,-0.008128,4.394919,-0.146834,-0.634492,-0.550417,-0.116661,-0.307826,-0.118376,0.873560,-0.266837,0.205210,1.167680,-0.617694,0.925350,0.481458,-0.154440,-0.160886,-0.278031,0.044379,-0.359473,0.716646,-0.245896,0.261800,-1.311716,3.661325,-3.363155,3.570537,2.998258,-1.294859,3.685226,1.471465,7.336943,4.328808,1.198919,3.779330,-9.735501,-2.859984,-2.216658,3.048424,2.333244,0.052507,-1.550354,-3.508421,0.000000,0.121960,-0.209953,-0.649256,-0.514116,-0.294359,-0.164347,-0.045150,0.122893,0.187350,0.058687,-0.055247,0.211662,-0.013826,0.118892,0.111620,0.061810,0.005401,0.156487
-0.178810,-0.646024,0.962364,0.028210,-0.015106,0.923261,0.382838,1.751086,-1.360557,-0.282398,2.094232,-0.366560,6.143912,-0.186552,-0.575678,-0.646012,-0.105101,-0.394202,-0.134156,0.933924,-0.208123,0.327744,1.223504,-0.609788,1.000768,0.394597,-0.153704,-0.228351,-0.190791,0.046063,-0.366410,0.681635,-0.233847,0.248847,-1.985866,2.940690,-4.779761,0.577994,-4.318782,-0.788991,3.018160,2.935691,6.126716,2.791188,0.395279,3.770892,-4.343054,0.036791,-3.373243,4.361995,0.084197,-0.346838,-1.750593,0.602437,-0.647654,0.154584,-0.171011,-0.663729,-0.499233,-0.315501,-0.127154,-0.032137,0.119782,0.188239,0.056151,-0.062133,0.209866,0.000197,0.109394,0.113548,0.066277,-0.003420,0.153453
-0.180440,-0.596920,0.957170,0.030965,-0.014618,0.937900,0.345211,1.631862,-1.814582,-0.382799,0.285470,-0.271700,4.028965,-0.216674,-0.523737,-0.690996,-0.014552,-0.436258,-0.140696,0.987254,-0.136686,0.321577,1.290123,-0.586227,1.077808,0.380049,-0.165354,-0.257727,-0.126804,0.020450,-0.368236,0.647559,-0.210595,0.193571,-1.506119,2.597055,-2.249179,4.527428,-2.102836,-0.327006,2.666494,3.571852,-0.308326,3.330958,1.178035,3.851984,-0.727438,-0.582487,-1.468794,3.199355,-1.280610,-0.091298,-1.703793,1.162597,-2.763796,0.162561,-0.122516,-0.686471,-0.497588,-0.287457,-0.092312,-0.028329,0.117791,0.188963,0.057327,-0.065163,0.208089,0.005112,0.105930,0.114981,0.069769,-0.008056,0.150502
-0.182761,-0.546418,0.946136,0.034664,-0.014175,0.949573,0.311301,1.542442,-1.963009,-0.679255,0.292080,-0.359658,3.576661,-0.243575,-0.476503,-0.716306,0.079713,-0.470246,-0.128271,1.031718,-0.076029,0.270685,1.333772,-0.556136,1.156433,0.421932,-0.171454,-0.281680,-0.084459,-0.033718,-0.364552,0.612115,-0.147488,0.159859,-1.345073,2.361672,-1.265504,4.713285,-1.699402,0.621287,2.223212,3.032857,-2.544611,2.182427,1.504590,3.931261,2.094167,-0.305002,-1.197647,2.117250,-2.708434,0.184189,-1.772209,3.155376,-1.685603,0.166543,-0.073915,-0.703927,-0.499522,-0.248029,-0.062503,-0.031835,0.114448,0.189565,0.061902,-0.065214,0.206185,0.002900,0.102995,0.116118,0.073053,-0.008851,0.147610
-0.184694,-0.496110,0.930243,0.037930,-0.013109,0.956380,0.289356,1.406214,-2.037242,-0.916657,0.291955,-0.289003,2.287683,-0.269808,-0.443458,-0.704424,0.165322,-0.472337,-0.101298,1.052809,-0.026593,0.235102,1.356666,-0.516910,1.235647,0.484809,-0.144459,-0.297731,-0.075644,-0.068705,-0.364331,0.590822,-0.056442,0.139767,-1.311637,1.652253,0.594088,4.280437,-0.104533,1.348627,1.054562,2.471772,-1.779180,1.144707,1.961265,3.960684,3.143873,1.349754,-0.802564,0.440750,-1.749325,0.011069,-1.064631,4.552308,-1.004610,0.165913,-0.037299,-0.713843,-0.500427,-0.218529,-0.047694,-0.040838,0.109549,0.189507,0.067237,-0.062581,0.205147,-0.006634,0.098657,0.115726,0.075110,-0.005748,0.146493
-0.187143,-0.446199,0.911537,0.042365,-0.011052,0.958123,0.282991,1.371562,-2.031321,-1.053558,0.352119,-0.368777,0.644412,-0.272591,-0.447250,-0.668191,0.168776,-0.473613,-0.022393,1.036534,-0.042582,0.201819,1.364401,-0.490623,1.295630,0.566951,-0.090485,-0.299563,-0.113399,-0.061367,-0.383129,0.586358,-0.049073,0.067983,-0.139139,-0.189601,1.811625,0.172685,-0.063812,3.945235,-0.813746,-0.799433,-1.664120,0.386742,1.314343,2.999154,4.107063,2.698702,-0.091596,-1.887775,0.366889,-0.939915,-0.223175,0.368418,-3.589183,0.162014,-0.043240,-0.713029,-0.500386,-0.210847,-0.050774,-0.054384,0.102837,0.188921,0.073631,-0.056181,0.205499,-0.022227,0.092568,0.114137,0.077575,0.001562,0.147340
-0.188305,-0.401287,0.889810,0.044142,-0.003790,0.959775,0.277254,1.148965,-1.888055,-1.158173,0.777239,0.026945,0.557524,-0.290617,-0.527788,-0.630570,0.116271,-0.477658,0.087181,0.979352,-0.086755,0.244627,1.329341,-0.468550,1.362628,0.752533,-0.016266,-0.291400,-0.163790,-0.089169,-0.386853,0.585101,-0.098564,0.161948,-0.901295,-4.026895,1.881084,-2.625247,-0.202219,5.478715,-2.859132,-2.208673,2.140402,-1.753009,1.103668,3.349888,9.279116,3.710953,0.408177,-2.519527,-1.390105,-0.186208,-0.062893,-2.474544,4.698239,0.172748,-0.105277,-0.689951,-0.502909,-0.241820,-0.085957,-0.078665,0.086476,0.188331,0.083027,-0.041461,0.205555,-0.048975,0.079112,0.112196,0.076984,0.015760,0.147061
-0.189728,-0.359657,0.872442,0.038128,-0.014467,0.960575,0.275013,1.087109,-1.722201,-0.971667,-1.175517,0.296784,0.301523,-0.315482,-0.579904,-0.590786,0.070146,-0.427020,0.186273,0.889305,-0.159894,0.244754,1.288096,-0.450251,1.417655,0.899428,-0.004470,-0.221423,-0.192833,-0.124075,-0.359293,0.604900,-0.160347,0.261800,-1.243267,-2.605803,1.989185,-2.306243,2.531872,4.954600,-4.502329,-3.656937,0.006367,-2.062203,0.914947,2.751383,7.344752,0.589811,3.498818,-1.452167,-1.745275,1.378023,0.989951,-3.089137,4.992606,0.186105,-0.147340,-0.667803,-0.503083,-0.266678,-0.133988,-0.096787,0.077498,0.186910,0.085337,-0.030059,0.205681,-0.070794,0.077015,0.109088,0.069850,0.024656,0.146531
-0.192441,-0.321351,0.860349,0.031521,-0.021386,0.956053,0.290710,1.130572,-1.500564,-0.722835,-0.918430,0.469854,-1.587250,-0.332917,-0.597459,-0.522514,0.003058,-0.355206,0.291002,0.772062,-0.196237,0.245631,1.229826,-0.449712,1.485699,0.970905,0.010866,-0.150577,-0.239803,-0.187390,-0.319478,0.615047,-0.196795,0.261800,-0.871751,-0.877730,3.413591,-3.354429,3.590728,5.236441,-5.862131,-1.817168,0.043810,-2.913529,0.026939,3.402166,3.573867,0.766808,3.542314,-2.348505,-3.165789,1.990742,0.507362,-1.822391,0.000000,0.200413,-0.174555,-0.648826,-0.500403,-0.281487,-0.204377,-0.109017,0.073105,0.185999,0.084871,-0.026369,0.205120,-0.087815,0.076225,0.106796,0.064543,0.025421,0.144814
-0.196515,-0.288332,0.851646,0.027196,-0.021956,0.954097,0.297451,1.074174,-1.230142,-0.537842,-0.204673,0.411450,-0.687056,-0.373519,-0.596892,-0.468488,-0.025069,-0.314293,0.381817,0.647556,-0.170270,0.245042,1.166944,-0.459844,1.561346,1.035484,0.031593,-0.119227,-0.282126,-0.277079,-0.267938,0.616299,-0.168058,0.261800,-2.030078,0.028329,2.701310,-1.406319,2.045630,4.540762,-6.225327,1.298387,-0.029411,-3.144111,-0.506557,3.782388,3.228921,1.036319,1.567477,-2.116155,-4.484445,2.576982,0.062619,1.436823,-0.000000,0.223543,-0.183067,-0.634726,-0.490840,-0.274739,-0.288720,-0.117459,0.065565,0.185805,0.084488,-0.024513,0.203990,-0.099019,0.069573,0.105954,0.059613,0.023798,0.142512
-0.200723,-0.258403,0.844430,0.020342,-0.023068,0.953187,0.300812,1.009895,-1.091776,-0.449496,-0.311463,0.633436,-0.325142,-0.428809,-0.602160,-0.416054,0.029774,-0.286145,0.444018,0.521421,-0.096690,0.226274,1.129543,-0.456190,1.635413,1.091455,0.019500,-0.085947,-0.321026,-0.346445,-0.213183,0.600060,-0.125317,0.261800,-2.764515,-0.263397,2.621689,2.742163,1.407408,3.110072,-6.306716,3.678964,-0.938444,-1.870020,0.182696,3.703354,2.798588,-0.604651,1.664010,-1.944985,-3.468277,2.737744,-0.811944,2.137065,0.000000,0.235323,-0.183148,-0.629844,-0.469988,-0.241341,-0.370778,-0.123390,0.061657,0.185627,0.085339,-0.024237,0.202100,-0.106682,0.068227,0.105565,0.057547,0.020048,0.138865
-0.204172,-0.234264,0.837860,0.013656,-0.020522,0.951954,0.305249,0.828347,-0.870567,-0.387621,0.035794,0.721592,-0.449299,-0.480887,-0.622294,-0.361929,0.086200,-0.259752,0.476508,0.386683,-0.013341,0.225897,1.118636,-0.453725,1.695167,1.150475,-0.013792,-0.052524,-0.319581,-0.392326,-0.150951,0.577620,-0.089426,0.261800,-2.603884,-1.006689,2.706261,2.821266,1.319630,1.624499,-6.736909,4.167459,-0.018807,-0.545385,0.123255,2.987682,2.950955,-1.664574,1.671184,0.072242,-2.294061,3.111617,-1.122033,1.794547,-0.000000,0.241003,-0.192084,-0.621305,-0.431412,-0.208810,-0.443740,-0.128435,0.059113,0.185586,0.086679,-0.024572,0.200034,-0.113472,0.069955,0.105644,0.056506,0.014784,0.134666
-0.207236,-0.213015,0.833239,0.008424,-0.018698,0.948932,0.314813,0.750872,-0.752564,-0.274866,-0.015508,0.573018,-0.992345,-0.531895,-0.643938,-0.304320,0.093165,-0.220668,0.509732,0.249598,0.046297,0.233266,1.113388,-0.458509,1.740795,1.202629,-0.047519,-0.021645,-0.319004,-0.408950,-0.085446,0.544760,-0.079889,0.261800,-2.550395,-1.082181,2.880466,0.348285,1.954210,1.661184,-6.854282,2.981888,0.368404,-0.262356,-0.239249,2.281380,2.607745,-1.686364,1.543912,0.028855,-0.831185,3.275251,-1.642961,0.476854,0.000000,0.255094,-0.209170,-0.603088,-0.380063,-0.187672,-0.506132,-0.132898,0.057078,0.185774,0.088850,-0.026193,0.197773,-0.119776,0.071895,0.106147,0.057874,0.007633,0.129739
-0.211096,-0.192470,0.829833,0.002418,-0.019769,0.944229,0.328686,0.785819,-0.678607,-0.208495,-0.331420,0.568316,-1.444371,-0.595166,-0.661952,-0.242676,0.044848,-0.169017,0.563518,0.127251,0.070857,0.233521,1.130557,-0.456483,1.776964,1.243183,-0.062402,0.000317,-0.343332,-0.420646,-0.026384,0.499892,-0.094750,0.261800,-3.163581,-0.900701,3.082167,-2.415849,2.582577,2.689271,-6.117335,1.228025,0.012772,0.858450,0.101300,1.808488,2.027683,-0.744170,1.098091,-1.216398,-0.584834,2.953085,-2.243412,-0.743048,-0.000000,0.286328,-0.230616,-0.570502,-0.329705,-0.178647,-0.546043,-0.136668,0.054002,0.185978,0.092195,-0.028794,0.195426,-0.125087,0.070729,0.106490,0.062327,-0.000440,0.124460
-0.214686,-0.170066,0.828776,-0.002499,-0.023124,0.939190,0.342609,0.857804,-0.738155,-0.095836,-0.512613,0.391066,-1.460026,-0.658414,-0.663638,-0.184966,-0.006881,-0.108399,0.634976,0.019056,0.078817,0.218710,1.158950,-0.424443,1.793739,1.267335,-0.058296,0.018157,-0.377394,-0.420297,0.023041,0.448724,-0.126591,0.261800,-3.162397,-0.084320,2.885502,-2.586497,3.030892,3.572943,-5.409771,0.397997,-0.740559,1.419635,1.602045,0.838708,1.207599,0.205321,0.892021,-1.703103,0.017469,2.471275,-2.558416,-1.592057,0.000000,0.320352,-0.241888,-0.538571,-0.285263,-0.171327,-0.570844,-0.139829,0.050811,0.186080,0.096111,-0.032403,0.193293,-0.129714,0.067644,0.106414,0.068834,-0.008953,0.119548
-0.218753,-0.149841,0.828851,-0.008976,-0.022222,0.934877,0.354161,0.822366,-0.622156,-0.025269,-0.155615,0.674471,-1.212474,-0.725195,-0.666358,-0.129355,-0.021291,-0.069910,0.707155,-0.083604,0.101187,0.208656,1.189987,-0.399836,1.793285,1.281119,-0.031255,0.032648,-0.422092,-0.429521,0.059187,0.394594,-0.150900,0.261800,-3.339063,-0.135975,2.780564,-0.720492,1.924411,3.608932,-5.132955,1.118504,-0.502702,1.551823,1.230314,-0.022695,0.689202,1.352044,0.724544,-2.234879,-0.461216,1.807281,-2.706507,-1.215469,0.000000,0.346291,-0.249623,-0.511007,-0.241383,-0.160421,-0.589767,-0.142870,0.046344,0.186075,0.100490,-0.036036,0.191457,-0.134277,0.061289,0.105856,0.076500,-0.016617,0.115433
-0.225139,-0.129721,0.829371,-0.017603,-0.020402,0.932359,0.360528,0.912639,-0.530502,0.015668,-0.133698,0.894183,-0.654666,-0.794227,-0.660207,-0.084392,-0.019294,-0.030591,0.783535,-0.185085,0.122918,0.208507,1.217448,-0.369656,1.776928,1.289539,-0.002781,0.055275,-0.445877,-0.454467,0.091388,0.337902,-0.164716,0.261800,-3.451599,0.307551,2.248170,0.099842,1.965991,3.819016,-5.074085,1.086524,-0.007454,1.373065,1.509009,-0.817851,0.421018,1.423692,1.131363,-1.189254,-1.247295,1.610043,-2.834567,-0.690762,-0.000000,0.371457,-0.250809,-0.487086,-0.195557,-0.153648,-0.605007,-0.146418,0.042635,0.186265,0.105135,-0.040038,0.189935,-0.140143,0.055862,0.105531,0.084741,-0.024396,0.112014
-0.232053,-0.112519,0.829099,-0.028016,-0.017432,0.930414,0.365022,0.838615,-0.395184,-0.001466,-0.091291,1.096782,-0.448220,-0.867325,-0.664841,-0.045923,-0.004090,-0.008053,0.849467,-0.285516,0.150119,0.205278,1.235559,-0.342031,1.746616,1.300666,0.022289,0.081697,-0.451999,-0.469486,0.128961,0.289147,-0.161280,0.261800,-3.654856,-0.231712,1.923447,0.760219,1.126903,3.296564,-5.021541,1.360071,-0.161451,0.905578,1.381272,-1.515571,0.556320,1.253541,1.321118,-0.306126,-0.750917,1.878646,-2.437750,0.171775,-0.000000,0.391230,-0.256222,-0.461088,-0.147936,-0.143495,-0.618069,-0.150264,0.038917,0.186644,0.109060,-0.044108,0.189097,-0.146731,0.050868,0.105545,0.091403,-0.032435,0.109824
-0.241912,-0.097829,0.829062,-0.039193,-0.013902,0.928289,0.369526,0.861640,-0.195868,0.041408,-0.071621,1.189871,-0.448469,-0.930176,-0.668833,-0.012552,0.015206,0.000608,0.905199,-0.377264,0.182543,0.203171,1.239710,-0.304416,1.690989,1.305495,0.051738,0.106994,-0.437752,-0.495091,0.172315,0.236566,-0.151315,0.261800,-3.142596,-0.199585,1.668526,0.964821,0.433031,2.786596,-4.587416,1.621225,-0.105354,0.207531,1.880712,-2.781382,0.241452,1.472406,1.264839,0.712387,-1.280282,2.167719,-2.629085,0.498241,0.000000,0.405587,-0.260866,-0.439232,-0.101365,-0.131274,-0.628722,-0.153812,0.035543,0.187169,0.112937,-0.049650,0.188692,-0.153180,0.045970,0.105787,0.098221,-0.042384,0.108300
-0.253392,-0.083463,0.830490,-0.051144,-0.012126,0.925923,0.374036,0.902715,-0.124590,0.141918,-0.266952,1.199404,-0.458243,-0.986937,-0.662024,0.023206,0.026755,0.010993,0.949533,-0.458444,0.209103,0.200890,1.235894,-0.268762,1.622643,1.296912,0.090259,0.128387,-0.422645,-0.525457,0.216697,0.184681,-0.136507,0.261800,-2.838029,0.340453,1.787903,0.577424,0.519270,2.216735,-4.058980,1.327967,-0.114033,-0.190808,1.782698,-3.417265,-0.429145,1.926055,1.069623,0.755356,-1.518295,2.219107,-2.594235,0.740431,-0.000000,0.421470,-0.261073,-0.418739,-0.058157,-0.120614,-0.635916,-0.156729,0.033096,0.187868,0.115971,-0.056913,0.188819,-0.158776,0.041196,0.106245,0.104098,-0.054019,0.107684
-0.268277,-0.069139,0.833704,-0.061558,-0.011306,0.924992,0.374796,1.010156,-0.010556,0.268557,-0.312738,1.002355,-0.064869,-1.026013,-0.636323,0.048927,0.015987,0.018218,0.988696,-0.522538,0.222988,0.203057,1.221334,-0.226731,1.531749,1.276156,0.126196,0.143125,-0.424642,-0.563861,0.255265,0.123164,-0.135192,0.261800,-1.953814,1.285009,1.286035,-0.538409,0.361236,1.958134,-3.204713,0.694275,0.108363,-0.728014,2.101580,-4.544690,-1.037809,1.796856,0.736892,-0.099891,-1.920183,1.928406,-3.075863,0.065752,-0.000000,0.442131,-0.251746,-0.401837,-0.020814,-0.115388,-0.641129,-0.158536,0.032731,0.188602,0.119190,-0.065529,0.189242,-0.162424,0.038441,0.106843,0.111050,-0.067020,0.107610
-0.283805,-0.057483,0.835777,-0.072693,-0.011496,0.922286,0.379436,0.940523,0.119350,0.233219,-0.417832,1.055749,-0.491355,-1.053354,-0.618728,0.076956,0.013660,0.017894,1.016665,-0.585427,0.239212,0.205965,1.198144,-0.186690,1.420642,1.253392,0.158831,0.170377,-0.433144,-0.600136,0.286784,0.081371,-0.158639,0.261800,-1.367053,0.879747,1.401466,-0.116337,-0.016184,1.398437,-3.144437,0.811179,0.145387,-1.159507,2.002029,-5.555372,-1.138167,1.631743,1.362637,-0.425093,-1.813759,1.575911,-2.089627,-1.172372,-0.000000,0.454497,-0.246264,-0.390218,0.018561,-0.108685,-0.645139,-0.161409,0.033530,0.189733,0.120334,-0.073061,0.190017,-0.168015,0.037380,0.108040,0.114758,-0.078194,0.108318
-0.304061,-0.048317,0.837499,-0.083756,-0.009783,0.921132,0.380006,1.015031,0.374477,0.269588,-0.263833,1.097381,-0.041350,-1.059736,-0.596170,0.091836,0.019060,-0.011525,1.031961,-0.641880,0.287994,0.208618,1.165413,-0.156101,1.294422,1.223428,0.176539,0.195027,-0.417531,-0.644858,0.294680,0.048245,-0.139536,0.261800,-0.319101,1.127911,0.743977,0.270026,-1.470983,0.764794,-2.822648,2.439116,0.132631,-1.636545,1.529461,-6.311005,-1.498230,0.885399,1.232503,0.780680,-2.236111,0.394818,-1.656302,0.955165,0.000000,0.462267,-0.236673,-0.390479,0.056941,-0.088181,-0.647438,-0.163270,0.037223,0.190681,0.120851,-0.078834,0.190287,-0.172308,0.040713,0.109204,0.117066,-0.085330,0.108582
-0.323085,-0.036152,0.841286,-0.092759,-0.011100,0.921711,0.376460,1.057798,0.205335,0.386700,-0.491467,0.764351,0.368180,-1.040817,-0.560638,0.102217,0.033872,-0.026091,1.033073,-0.677526,0.342508,0.195872,1.137342,-0.126421,1.165129,1.186361,0.173386,0.220152,-0.376732,-0.664331,0.296952,0.022362,-0.111855,0.261800,0.945984,1.776618,0.519069,0.740595,-0.728291,0.055608,-1.782295,2.725671,-0.637284,-1.403545,1.483993,-6.464653,-1.853350,-0.157655,1.256254,2.039918,-0.973642,0.113621,-1.294164,1.384037,0.000000,0.465093,-0.219765,-0.406767,0.079826,-0.059629,-0.646836,-0.163981,0.044527,0.191307,0.120133,-0.084662,0.190455,-0.175131,0.049735,0.110185,0.117538,-0.091871,0.108763
-0.338857,-0.019552,0.847528,-0.100224,-0.021234,0.924078,0.368218,1.074324,-0.106140,0.492648,-1.282042,0.260678,0.778677,-0.997469,-0.517496,0.109458,0.066370,-0.000876,1.021509,-0.700826,0.395467,0.165747,1.124460,-0.086897,1.050529,1.154556,0.165009,0.250694,-0.325831,-0.638902,0.300098,0.006948,-0.061649,0.261800,2.167367,2.157103,0.362041,1.624899,1.260756,-0.578190,-1.165029,2.647950,-1.506252,-0.644065,1.976219,-5.729981,-1.590252,-0.418805,1.527069,2.545072,1.271441,0.157253,-0.770669,2.510326,0.000000,0.457488,-0.198094,-0.440380,0.087838,-0.027254,-0.642666,-0.164892,0.051852,0.192068,0.118623,-0.089483,0.190646,-0.178406,0.059522,0.111503,0.116124,-0.096983,0.108977
-0.355985,-0.001076,0.854341,-0.108068,-0.032823,0.929825,0.350242,1.173924,-0.190007,0.537266,-1.519714,0.167621,1.783645,-0.950861,-0.477135,0.098552,0.097515,0.033618,0.995089,-0.712480,0.479824,0.125469,1.114068,-0.056692,1.030096,1.130155,0.148629,0.269582,-0.327739,-0.585625,0.302340,0.013441,0.038306,0.261800,2.330426,2.018021,-0.545283,1.557244,1.724694,-1.321021,-0.582665,4.217870,-2.013896,-0.519619,1.510247,-1.021686,-1.220063,-0.819016,0.944418,-0.095389,2.663886,0.112122,0.324623,4.997722,-0.000000,0.446045,-0.174915,-0.474967,0.082567,0.019592,-0.634254,-0.164515,0.058411,0.192394,0.115695,-0.092237,0.190679,-0.178595,0.068215,0.112158,0.111127,-0.098764,0.109016
-0.375036,0.018101,0.860516,-0.112444,-0.041961,0.935835,0.331372,1.266656,-0.210368,0.522987,-1.185074,-0.082767,1.879926,-0.894945,-0.438590,0.080854,0.072969,0.076478,0.955146,-0.715928,0.487483,0.107981,1.092738,-0.033127,1.029809,1.113166,0.118256,0.286909,-0.435093,-0.515905,0.309807,0.036165,0.102645,0.261800,2.795788,1.927248,-0.884903,-1.227292,2.142988,-1.997144,-0.172397,0.382935,-0.874399,-1.066493,1.178238,-0.014342,-0.849431,-1.518641,0.866351,-5.367734,3.485976,0.373357,1.136199,3.216984,0.000000,0.439906,-0.151805,-0.500241,0.085903,0.031320,-0.633889,-0.163568,0.065175,0.192534,0.111664,-0.093700,0.190816,-0.176488,0.076784,0.112343,0.104258,-0.099234,0.109289
-0.400453,0.033547,0.862703,-0.111330,-0.049051,0.943652,0.307767,1.435920,0.084409,0.392920,-0.854375,-0.595264,2.369746,-0.837378,-0.385844,0.046140,-0.007454,0.118775,0.911213,-0.692845,0.417378,0.147408,1.063060,-0.032976,1.003204,1.104470,0.077926,0.304580,-0.506825,-0.453234,0.317870,0.071835,0.113452,0.261800,2.878361,2.637304,-1.735720,-4.021163,2.114845,-2.196653,1.154161,-3.505255,1.971364,-1.483915,0.007565,-1.330237,-0.434822,-2.016525,0.883521,-3.586575,3.133535,0.403164,1.783500,0.540350,-0.000000,0.446505,-0.118458,-0.515535,0.094714,-0.004610,-0.647154,-0.162522,0.071625,0.192726,0.107241,-0.093484,0.191017,-0.174408,0.085977,0.112820,0.096931,-0.097865,0.109735
-0.428679,0.045550,0.861008,-0.108284,-0.051270,0.953619,0.276148,1.500821,0.235516,0.226312,-0.415772,-0.717941,3.233294,-0.788132,-0.331466,-0.004261,-0.085214,0.144786,0.856275,-0.636948,0.361893,0.202963,1.026832,-0.029253,0.992840,1.115013,0.016502,0.321058,-0.538604,-0.410925,0.324321,0.118011,0.117359,0.261800,2.462316,2.718909,-2.520022,-3.887994,1.300551,-2.746886,2.794850,-2.774246,2.777758,-1.811390,0.186159,-0.518191,0.527180,-3.071203,0.823924,-1.588959,2.115492,0.322517,2.308779,0.195344,-0.000000,0.453392,-0.082067,-0.527117,0.085857,-0.041430,-0.661651,-0.161618,0.077085,0.193021,0.103801,-0.090429,0.191329,-0.172215,0.095881,0.113859,0.090157,-0.093298,0.110472
-0.455055,0.047836,0.857323,-0.105852,-0.047583,0.963746,0.240258,1.224436,0.523130,0.115277,0.092696,-0.537686,3.716161,-0.748701,-0.314755,-0.064577,-0.156131,0.110953,0.769416,-0.563268,0.348357,0.232236,0.974233,-0.046993,0.975875,1.150984,-0.069964,0.343322,-0.519309,-0.320607,0.341086,0.171345,0.115796,0.261800,1.971522,0.835534,-3.015832,-3.545846,-1.691648,-4.342947,3.683964,-0.676764,1.463648,-2.629947,-0.886999,-0.848282,1.798533,-4.323305,1.113200,0.964750,4.515881,0.838271,2.666715,-0.078185,-0.000000,0.455354,-0.067890,-0.529785,0.063701,-0.050343,-0.674445,-0.162056,0.081249,0.194160,0.101391,-0.085357,0.192271,-0.171907,0.106804,0.116815,0.083745,-0.087570,0.112171
-0.481066,0.039513,0.853191,-0.105576,-0.031792,0.972561,0.204859,1.033497,0.911596,0.090200,1.213147,-0.020099,3.786930,-0.710988,-0.352395,-0.121580,-0.266093,-0.027662,0.616134,-0.479450,0.334291,0.250220,0.892580,-0.090028,0.912814,1.229190,-0.185196,0.361948,-0.475391,-0.284051,0.383557,0.226891,0.137168,0.261800,1.885651,-1.881989,-2.850117,-5.498096,-6.930736,-7.664093,4.190935,-0.703338,0.899190,-4.082639,-2.151766,-3.153053,3.910301,-5.761585,0.931317,2.195913,1.827785,2.123530,2.777294,1.068597,-0.000000,0.456262,-0.089254,-0.512258,0.041055,-0.051911,-0.689129,-0.164687,0.081259,0.196568,0.100844,-0.078408,0.194485,-0.174547,0.115202,0.122521,0.078171,-0.082521,0.115737
-0.509562,0.027349,0.846332,-0.099906,0.008626,0.983247,0.152215,1.217629,1.013491,-0.088687,3.534994,-0.179686,5.755324,-0.625798,-0.387365,-0.206399,-0.449813,-0.237346,0.450643,-0.392019,0.316224,0.309191,0.771660,-0.178345,0.766873,1.335626,-0.302862,0.369858,-0.402972,-0.297478,0.430205,0.284474,0.155378,0.261800,4.259489,-1.748513,-4.240949,-9.186041,-10.484208,-8.274573,4.371537,-0.903330,2.948560,-6.046020,-4.415842,-7.297011,5.321807,-5.883312,0.395467,3.620948,-0.671360,2.332392,2.879171,0.910496,-0.000000,0.445913,-0.112651,-0.491088,0.032052,-0.062672,-0.707471,-0.169145,0.076121,0.200073,0.101656,-0.069139,0.197303,-0.180848,0.117941,0.130457,0.074334,-0.076657,0.120301
-0.531788,0.023142,0.842651,-0.102871,0.015830,0.987132,0.121395,1.043381,0.472863,0.029540,0.372331,0.300912,3.166883,-0.564979,-0.472398,-0.238313,-0.522257,-0.316453,0.333378,-0.295708,0.264860,0.346500,0.732785,-0.221596,0.700460,1.459458,-0.349571,0.344411,-0.386486,-0.285763,0.433746,0.335646,0.166124,0.145426,3.040952,-4.251624,-1.595731,-3.622166,-3.955346,-5.863252,4.815536,-2.568222,1.865457,-1.943727,-2.162571,-3.320652,6.191611,-2.335419,-1.272362,0.824296,0.585762,0.177058,2.558595,0.537347,-5.818722,0.416763,-0.160881,-0.479330,-0.009315,-0.094298,-0.715286,-0.173795,0.059550,0.200696,0.104436,-0.054706,0.198520,-0.187937,0.102775,0.132404,0.074366,-0.064319,0.122786
-0.553888,0.024338,0.842600,-0.105254,-0.003375,0.989517,0.098822,1.071231,0.156750,0.229235,-2.156007,0.050391,2.060410,-0.506543,-0.556519,-0.251989,-0.523600,-0.300095,0.252840,-0.180564,0.187196,0.344563,0.762895,-0.237518,0.707135,1.573950,-0.356185,0.303756,-0.426858,-0.299826,0.399800,0.383662,0.187688,-0.006945,2.921790,-4.206040,-0.683770,-0.067162,0.817910,-4.026871,5.757216,-3.883172,-0.096867,1.505466,-0.796077,0.333753,5.724570,-0.330736,-2.032717,-2.018597,-0.703153,-1.697297,2.400784,1.078157,-7.618545,0.378101,-0.204804,-0.483234,-0.087188,-0.136731,-0.705698,-0.175486,0.040194,0.199402,0.105689,-0.038218,0.198434,-0.190685,0.081734,0.130296,0.073179,-0.048045,0.123743
-0.575259,0.026286,0.841667,-0.110121,-0.019794,0.990862,0.075330,1.055482,0.061232,0.188673,-1.910358,0.345027,2.168404,-0.449237,-0.654062,-0.262608,-0.523600,-0.248325,0.159275,-0.063072,0.110562,0.366673,0.805607,-0.248248,0.705849,1.688251,-0.354187,0.258554,-0.469064,-0.348984,0.343872,0.423570,0.205443,-0.080216,2.865324,-4.877142,-0.530975,-0.000000,2.588504,-4.678247,5.874611,-3.831692,1.105514,2.135593,-0.536487,-0.064336,5.715046,0.099901,-2.260114,-2.110296,-2.457886,-2.796407,1.995395,0.887746,-3.663549,0.335549,-0.252792,-0.477650,-0.164818,-0.186114,-0.680018,-0.174556,0.020313,0.197776,0.105388,-0.020372,0.197753,-0.190259,0.059816,0.127596,0.070729,-0.029975,0.124005
-0.592243,0.027232,0.842561,-0.116406,-0.033396,0.991648,0.044370,0.817206,0.017725,0.239334,-1.717825,0.495513,2.939705,-0.399374,-0.766849,-0.285526,-0.523600,-0.186105,0.061746,0.057763,0.038742,0.384575,0.853012,-0.256376,0.701734,1.779005,-0.364393,0.222788,-0.495148,-0.373599,0.270144,0.456866,0.211374,-0.094899,2.493158,-5.639390,-1.145903,-0.000000,3.110969,-4.876477,6.041707,-3.591045,0.895102,2.370264,-0.406417,-0.205755,4.537702,-0.510302,-1.788317,-1.304206,-1.230767,-3.686368,1.664818,0.296575,-0.734125,0.291401,-0.304154,-0.457138,-0.240600,-0.230420,-0.638293,-0.172346,0.006286,0.197088,0.102753,-0.004080,0.196886,-0.188414,0.045278,0.126706,0.065744,-0.012380,0.124129
-0.617464,0.029650,0.840723,-0.120299,-0.043974,0.991705,0.010801,1.249969,-0.098520,0.202988,-1.462542,0.265934,3.214147,-0.319039,-0.857175,-0.323969,-0.523600,-0.114689,-0.024365,0.183086,-0.047200,0.391977,0.903821,-0.264946,0.672861,1.829181,-0.371641,0.198745,-0.511851,-0.379875,0.182577,0.489833,0.210361,-0.098258,4.016737,-4.516283,-1.922127,-0.000000,3.570828,-4.305550,6.266192,-4.297069,0.370092,2.540473,-0.428511,-1.443620,2.508832,-0.362372,-1.202148,-0.835162,-0.313789,-4.378350,1.648366,-0.050641,-0.167939,0.241886,-0.341891,-0.444840,-0.311912,-0.275465,-0.578419,-0.170248,-0.000974,0.196715,0.098153,0.008589,0.196434,-0.186172,0.037988,0.126283,0.057923,0.003210,0.125126
-0.641378,0.030719,0.839900,-0.123557,-0.050983,0.990688,-0.025913,1.165694,-0.125661,0.244143,-1.145093,0.192229,3.569237,-0.239248,-0.957022,-0.367553,-0.523600,-0.056756,-0.116464,0.309634,-0.133162,0.395796,0.952786,-0.276843,0.641014,1.847270,-0.397040,0.189585,-0.516053,-0.357411,0.093626,0.511001,0.203210,-0.056132,3.989579,-4.992351,-2.179229,-0.000000,2.896629,-4.604922,6.327399,-4.298097,0.190931,2.448220,-0.594851,-1.592378,0.904434,-1.269953,-0.457978,-0.210074,1.123198,-4.447565,1.058394,-0.357570,2.106288,0.193307,-0.379012,-0.419416,-0.371452,-0.315495,-0.505403,-0.169776,-0.001073,0.197547,0.094120,0.017860,0.196273,-0.185809,0.039488,0.128049,0.051078,0.016347,0.126435
-0.667546,0.031536,0.839487,-0.125065,-0.056344,0.988588,-0.062278,1.258134,-0.217803,0.289280,-0.987576,0.019304,3.550460,-0.146150,-1.055632,-0.411586,-0.523600,-0.024519,-0.218275,0.441534,-0.236950,0.380818,1.004228,-0.282546,0.594701,1.836103,-0.426586,0.160215,-0.509252,-0.357454,0.007841,0.520336,0.198929,-0.038000,4.654898,-4.930488,-2.201633,-0.000000,1.611892,-5.090569,6.594983,-5.189407,-0.748884,2.572119,-0.285122,-2.315618,-0.558353,-1.477297,-1.468513,0.340037,-0.002122,-4.289240,0.466739,-0.214056,0.906594,0.145979,-0.410580,-0.387658,-0.419619,-0.351945,-0.415539,-0.167379,0.004704,0.198159,0.091539,0.024125,0.196317,-0.180902,0.047913,0.129732,0.046387,0.027439,0.127888
-0.695746,0.029920,0.838402,-0.124853,-0.054050,0.985742,-0.099008,1.367000,-0.211095,0.290329,-0.251915,-0.224810,3.675694,-0.035517,-1.143482,-0.465086,-0.523464,-0.012671,-0.314749,0.564035,-0.339481,0.382963,1.033740,-0.298974,0.522003,1.809418,-0.450649,0.132589,-0.494593,-0.385901,-0.064674,0.515478,0.177131,0.011904,5.531646,-4.392529,-2.675006,0.006786,0.592391,-4.823698,6.125025,-5.126535,0.107264,1.475602,-0.821430,-3.634889,-1.334260,-1.203141,-1.381278,0.732920,-1.422384,-3.625783,-0.242893,-1.089869,2.495189,0.102685,-0.434354,-0.354668,-0.444175,-0.388931,-0.328721,-0.164743,0.012295,0.198703,0.090986,0.028143,0.196274,-0.175187,0.057834,0.131254,0.045276,0.036587,0.128661
-0.724280,0.025843,0.836927,-0.129024,-0.049332,0.982316,-0.126388,1.401236,-0.171327,0.299344,0.163886,0.228056,2.815817,0.060404,-1.233640,-0.509336,-0.522893,-0.000135,-0.416906,0.665484,-0.430167,0.397393,1.067128,-0.319810,0.440104,1.750759,-0.478396,0.118343,-0.466651,-0.396224,-0.111120,0.502972,0.171960,0.087244,4.796010,-4.507897,-2.212513,0.028576,0.626794,-5.107851,5.072475,-4.534309,0.721489,1.669379,-1.041776,-4.094977,-2.932910,-1.387381,-0.712309,1.397107,-0.516116,-2.322273,-0.625304,-0.258547,3.767029,0.071325,-0.454009,-0.312281,-0.448168,-0.421041,-0.248971,-0.162432,0.025051,0.199811,0.092755,0.027167,0.196073,-0.169392,0.073156,0.133707,0.047822,0.040912,0.128810
-0.756180,0.019949,0.837206,-0.132747,-0.039028,0.978467,-0.153156,1.545454,-0.215119,0.443201,0.710659,0.100060,2.826617,0.159478,-1.302676,-0.561054,-0.521891,-0.011616,-0.502870,0.750948,-0.522857,0.413818,1.082294,-0.338620,0.351020,1.661690,-0.495254,0.093283,-0.415255,-0.397840,-0.158553,0.468994,0.134243,0.143306,4.953722,-3.451761,-2.585868,0.050069,-0.574078,-4.298169,4.273211,-4.634530,0.821238,0.758328,-0.940513,-4.454198,-4.453474,-0.842909,-1.253026,2.569835,-0.080834,-2.371656,-1.698883,-1.885875,2.803062,0.048818,-0.465896,-0.277258,-0.438231,-0.451706,-0.180363,-0.156917,0.041247,0.200234,0.097399,0.023722,0.195211,-0.158128,0.091093,0.135071,0.056177,0.044590,0.127406
-0.789522,0.010723,0.838062,-0.138451,-0.032183,0.975517,-0.167814,1.644188,-0.126971,0.523739,0.563816,0.399526,1.596217,0.228392,-1.348115,-0.594253,-0.521049,0.003756,-0.560799,0.802464,-0.586609,0.433562,1.086642,-0.375476,0.287166,1.541043,-0.492537,0.075247,-0.357662,-0.380980,-0.195944,0.441166,0.138468,0.222643,3.445676,-2.271976,-1.659980,0.042141,0.768608,-2.896458,2.575771,-3.187597,0.987209,0.217370,-1.842818,-3.192681,-6.032349,0.135852,-0.901757,2.879636,0.842999,-1.869569,-1.391419,0.211254,3.966864,0.037231,-0.472203,-0.253062,-0.423706,-0.473694,-0.138171,-0.149029,0.059383,0.199792,0.102133,0.015550,0.194731,-0.143614,0.109021,0.134685,0.065446,0.043478,0.126861
-0.830106,0.003831,0.844946,-0.135884,-0.047522,0.973466,-0.177880,1.843842,-0.422941,0.881030,-1.681061,0.006572,0.798417,0.288035,-1.332046,-0.613426,-0.452447,0.059083,-0.578735,0.858228,-0.615579,0.384750,1.101388,-0.396908,0.238153,1.383390,-0.519622,0.098417,-0.297473,-0.342040,-0.233563,0.404630,0.113037,0.261800,2.982181,0.803463,-0.958644,3.430080,2.766374,-0.896827,2.788226,-1.448468,-2.440605,0.737297,-1.071578,-2.450660,-7.882622,-1.354206,1.158493,3.009451,1.947010,-1.880935,-1.826780,-1.271563,1.957854,0.007741,-0.474112,-0.275565,-0.428926,-0.464933,-0.105710,-0.139219,0.085262,0.201649,0.107305,0.002671,0.194187,-0.127943,0.136061,0.138210,0.078602,0.038069,0.125956
-0.873550,-0.006764,0.853038,-0.128679,-0.066142,0.971213,-0.189242,2.019138,-0.380572,0.970087,-2.102108,-0.402442,0.855576,0.340413,-1.282852,-0.628744,-0.378885,0.114086,-0.555405,0.886336,-0.646237,0.342057,1.099158,-0.428484,0.202221,1.238513,-0.539283,0.122187,-0.204375,-0.341525,-0.265900,0.382765,0.054054,0.261800,2.618880,2.459692,-0.765876,3.678075,2.750161,1.166517,1.405372,-1.532896,-2.134665,-0.111467,-1.578795,-1.796629,-7.243867,-0.983088,1.188494,4.654883,0.025728,-1.616847,-1.093260,-2.949121,0.000000,-0.027433,-0.467927,-0.315669,-0.432371,-0.460679,-0.089657,-0.126740,0.107149,0.203215,0.109480,-0.010252,0.194242,-0.110452,0.158483,0.141314,0.089004,0.030398,0.125974
-0.913567,-0.024598,0.856654,-0.126780,-0.069844,0.969137,-0.199552,2.056848,-0.012688,0.774952,-0.535672,-0.173599,0.979622,0.367408,-1.232208,-0.643353,-0.356422,0.128467,-0.514421,0.871835,-0.658800,0.360293,1.072946,-0.470963,0.177636,1.118611,-0.544170,0.145243,-0.068592,-0.368397,-0.298738,0.348934,-0.019665,0.261800,1.349775,2.532188,-0.730445,1.123170,0.719043,2.049191,-0.725042,-0.628188,0.911833,-1.310626,-2.123946,-1.229239,-5.995132,-0.244358,1.152804,6.789135,-1.343575,-1.641879,-1.691558,-3.685965,-0.000000,-0.045229,-0.457593,-0.347199,-0.427715,-0.473029,-0.098652,-0.114777,0.123057,0.203985,0.111835,-0.021290,0.194143,-0.095514,0.174518,0.143051,0.100451,0.022371,0.125614
-0.953148,-0.043257,0.858208,-0.126464,-0.067348,0.968412,-0.204081,2.082571,0.024695,0.674708,0.176159,-0.109654,0.480355,0.367951,-1.182017,-0.641225,-0.355477,0.112933,-0.450130,0.824286,-0.633458,0.359728,1.023104,-0.514703,0.192036,1.017034,-0.520378,0.159799,0.037602,-0.346467,-0.321872,0.310349,-0.087089,0.261800,0.027147,2.509569,0.106397,0.047247,-0.776719,3.214535,-2.377436,1.267122,-0.028268,-2.492067,-2.187033,0.719990,-5.078808,1.189634,0.727769,5.309712,1.096491,-1.156708,-1.929242,-3.371200,0.000000,-0.050883,-0.445942,-0.375152,-0.436441,-0.473813,-0.140522,-0.104521,0.133041,0.202959,0.113694,-0.031971,0.193871,-0.083472,0.182888,0.141278,0.111008,0.012390,0.124899
-0.997066,-0.056697,0.860769,-0.121037,-0.072932,0.967695,-0.208799,2.165878,-0.331522,0.699289,-0.723084,-0.434394,0.364539,0.348392,-1.093159,-0.631680,-0.338048,0.175144,-0.344804,0.751683,-0.597458,0.405454,0.972778,-0.539354,0.262696,0.957760,-0.498003,0.175270,0.122113,-0.196753,-0.337960,0.294637,-0.161662,0.261800,-0.977947,4.442894,0.477251,0.871435,3.110556,5.266323,-3.630179,1.800017,2.286308,-2.516331,-1.232529,3.533016,-2.963698,1.118764,0.773556,4.225542,7.485713,-0.804422,-0.785627,-3.728651,-0.000000,-0.059985,-0.420919,-0.427014,-0.431483,-0.483005,-0.193776,-0.099309,0.138259,0.202103,0.113816,-0.037962,0.194042,-0.078469,0.187311,0.139719,0.116247,0.006256,0.124969
-1.043651,-0.072472,0.860871,-0.109107,-0.081609,0.970899,-0.196956,2.379485,-0.215793,0.582380,-0.922036,-0.917027,-1.410955,0.321943,-1.026171,-0.577831,-0.344643,0.215597,-0.218727,0.670083,-0.538761,0.378192,0.903185,-0.556005,0.396867,1.010587,-0.484458,0.200239,0.118122,-0.268669,-0.327690,0.274363,-0.261800,0.261800,-1.322475,3.349396,2.692424,-0.329721,2.022634,6.303827,-4.079965,2.934807,-1.363120,-3.479626,-0.832528,6.708569,2.641328,0.677212,1.248474,-0.199515,-3.595795,0.513511,-1.013681,-5.006897,-0.000000,-0.056149,-0.400385,-0.461559,-0.438511,-0.464737,-0.270572,-0.109487,0.133108,0.202027,0.117099,-0.033607,0.193293,-0.093459,0.183634,0.139397,0.119671,0.008647,0.123006
-1.080436,-0.094465,0.858108,-0.110357,-0.071127,0.975399,-0.177085,2.074946,0.369016,0.411799,1.276468,0.050090,-1.908502,0.206541,-1.009090,-0.496739,-0.437976,0.186664,-0.125636,0.547477,-0.453135,0.376246,0.810592,-0.575643,0.616785,1.066616,-0.475475,0.202443,0.087827,-0.319010,-0.293130,0.247342,-0.261800,0.261800,-5.770106,0.854053,4.054620,-4.666639,-1.446663,4.654586,-6.130307,4.281343,-0.097302,-4.629692,-0.981938,10.995894,2.801450,0.449173,0.110183,-1.514746,-2.517076,1.727981,-1.351037,-0.000000,-0.000000,0.010383,-0.397995,-0.458486,-0.420592,-0.440534,-0.378255,-0.117529,0.126123,0.201619,0.119962,-0.031155,0.191725,-0.104469,0.176907,0.138512,0.121417,0.008352,0.119828
-1.115763,-0.114970,0.857180,-0.114426,-0.065080,0.975708,-0.175116,1.958238,0.327860,0.480674,0.687013,0.294836,-0.106761,0.036422,-0.972617,-0.424664,-0.500836,0.192990,-0.053773,0.426802,-0.373297,0.417971,0.719947,-0.593391,0.880005,1.106000,-0.493417,0.203752,0.032409,-0.373260,-0.214803,0.217692,-0.261467,0.261800,-8.505932,1.823642,3.603743,-3.143041,0.316322,3.593115,-6.033770,3.991872,2.086279,-4.532202,-0.887366,13.161007,1.969227,-0.897113,0.065437,-2.770946,-2.712461,3.916354,-1.482511,0.016645,-0.000000,0.088792,-0.385522,-0.458161,-0.374156,-0.422714,-0.474573,-0.121445,0.122999,0.202596,0.120824,-0.034956,0.189222,-0.108968,0.174845,0.140237,0.121249,-0.001171,0.114451
-1.148274,-0.133380,0.855812,-0.117029,-0.065566,0.975005,-0.177120,1.800053,0.274309,0.423128,-0.022636,0.259139,0.226385,-0.164436,-0.934790,-0.355475,-0.491794,0.172943,0.017036,0.289840,-0.251863,0.407484,0.648128,-0.626393,1.138704,1.128767,-0.503243,0.223492,-0.031175,-0.445065,-0.108971,0.184851,-0.260935,0.261800,-10.042921,1.891359,3.459458,0.452107,-1.002330,3.540484,-6.848090,6.071695,-0.524393,-3.590970,-1.650131,12.934915,1.138328,-0.491314,0.987014,-3.179191,-3.590289,5.291633,-1.642028,0.026592,0.000000,0.163179,-0.371899,-0.453698,-0.312790,-0.364318,-0.575883,-0.125416,0.121897,0.203679,0.120347,-0.043860,0.186992,-0.114239,0.174774,0.141943,0.119981,-0.018042,0.109111
-1.180393,-0.150243,0.854646,-0.121268,-0.066943,0.972270,-0.188424,1.755136,0.166160,0.430420,-0.181704,0.398794,1.171455,-0.369042,-0.887296,-0.294266,-0.441565,0.141729,0.098507,0.149755,-0.157486,0.397121,0.597723,-0.666328,1.358760,1.133923,-0.485556,0.241823,-0.074497,-0.511053,-0.028573,0.149952,-0.260343,0.261800,-10.230257,2.374707,3.060417,2.511480,-1.560725,4.073517,-7.004240,4.718865,-0.518109,-2.520259,-1.996758,11.002836,0.257786,0.884374,0.916535,-2.166094,-3.299399,4.019881,-1.744956,0.029629,-0.000000,0.234566,-0.354496,-0.445827,-0.232883,-0.312635,-0.648013,-0.128711,0.120468,0.203278,0.120295,-0.052705,0.186030,-0.119218,0.172818,0.140815,0.120274,-0.033515,0.106255
-1.212568,-0.166238,0.853060,-0.128582,-0.068749,0.969452,-0.197239,1.743989,0.092858,0.428658,-0.129807,0.723496,0.945312,-0.575401,-0.848445,-0.230001,-0.370965,0.113173,0.189422,-0.017102,-0.101126,0.391150,0.577117,-0.716320,1.540820,1.130068,-0.444401,0.284472,-0.112376,-0.560657,0.009567,0.122388,-0.259265,0.261800,-10.317954,1.942547,3.213276,3.529990,-1.427814,4.545793,-8.342844,2.817985,-0.298567,-1.030283,-2.499572,9.102962,-0.192746,2.057735,2.132486,-1.893919,-2.480182,1.906986,-1.378209,0.053885,0.000000,0.301735,-0.339526,-0.423054,-0.131711,-0.280327,-0.692922,-0.134446,0.119029,0.202583,0.120874,-0.058197,0.185776,-0.128902,0.170348,0.138803,0.121849,-0.042597,0.105228
-1.245659,-0.185488,0.852078,-0.134489,-0.071599,0.967927,-0.199761,1.830510,0.208279,0.521733,-0.183510,0.636186,0.286713,-0.766271,-0.801078,-0.146669,-0.299292,0.094472,0.292087,-0.176652,-0.062415,0.387104,0.579988,-0.757267,1.674569,1.121685,-0.390010,0.319733,-0.154412,-0.616024,-0.016731,0.085767,-0.213585,0.261800,-9.543520,2.368357,4.166624,3.583662,-0.935017,5.133246,-7.977505,1.935572,-0.202315,0.143519,-2.047385,6.687499,-0.419142,2.719535,1.763047,-2.101839,-2.768329,-1.314904,-1.831068,2.284013,0.000000,0.363922,-0.320870,-0.392688,-0.034775,-0.258807,-0.711598,-0.139736,0.116601,0.201376,0.125065,-0.058194,0.185621,-0.137921,0.165734,0.135689,0.129038,-0.041576,0.105370
-1.279189,-0.207808,0.851867,-0.139006,-0.075075,0.967117,-0.199313,1.888590,0.334382,0.614495,-0.234812,0.526355,-0.033763,-0.942812,-0.743940,-0.053026,-0.241301,0.079141,0.385394,-0.337915,-0.045789,0.382045,0.632493,-0.829340,1.764958,1.099912,-0.334060,0.369243,-0.224380,-0.665870,-0.075424,0.028659,-0.185223,0.261800,-8.827051,2.856884,4.682104,2.899528,-0.766570,4.665320,-8.063145,0.831296,-0.252947,2.625267,-3.603648,4.519438,-1.088653,2.797520,2.475502,-3.498375,-2.492307,-2.934624,-2.855375,1.418075,0.000000,0.422261,-0.298506,-0.351326,0.049827,-0.252185,-0.706719,-0.144799,0.116416,0.201136,0.131999,-0.057558,0.185936,-0.146871,0.163405,0.133905,0.141861,-0.038663,0.106703
-1.313681,-0.234292,0.854583,-0.143034,-0.073084,0.966755,-0.198960,1.957732,0.494265,0.818052,0.283184,0.353034,0.027046,-1.086830,-0.670624,0.039770,-0.190176,0.048064,0.463072,-0.482211,-0.038095,0.391130,0.709007,-0.879641,1.782690,1.056537,-0.289727,0.416672,-0.269001,-0.700766,-0.144456,-0.034614,-0.176992,0.261800,-7.200913,3.665822,4.639802,2.556270,-1.553865,3.883916,-7.214839,0.384680,0.454256,3.825718,-2.515034,0.886604,-2.168765,2.216676,2.371427,-2.231045,-1.744835,-3.451607,-3.163659,0.411563,-0.000000,0.473398,-0.268935,-0.311159,0.115450,-0.255965,-0.688479,-0.146368,0.120500,0.201733,0.138799,-0.059329,0.187195,-0.151089,0.166276,0.133803,0.156049,-0.038392,0.109759
-1.350833,-0.265140,0.861361,-0.142995,-0.068060,0.967043,-0.199367,2.095772,0.627771,1.076243,0.482876,-0.115949,0.098137,-1.191177,-0.567664,0.124463,-0.152725,-0.003067,0.548006,-0.606514,-0.036377,0.395170,0.797046,-0.923857,1.743051,0.976846,-0.248175,0.461201,-0.304697,-0.727430,-0.207350,-0.097931,-0.156639,0.261800,-5.217313,5.147979,4.234647,1.872556,-2.556507,4.246704,-6.215106,0.085895,0.202023,4.401954,-2.210795,-1.981962,-3.984507,2.077584,2.226441,-1.784792,-1.333183,-3.144687,-3.165864,1.017633,-0.000000,0.522606,-0.223541,-0.277754,0.161744,-0.261869,-0.665058,-0.142679,0.130204,0.202686,0.142836,-0.067528,0.189264,-0.148281,0.175326,0.134385,0.167979,-0.046317,0.114096
-1.392670,-0.297671,0.873054,-0.138718,-0.066571,0.965820,-0.208607,2.281777,0.547682,1.362669,-0.075906,-0.490756,0.911844,-1.259393,-0.426377,0.200056,-0.125234,-0.037815,0.610366,-0.680283,-0.051312,0.391542,0.873707,-0.938520,1.672962,0.862809,-0.223020,0.492933,-0.346873,-0.719730,-0.250882,-0.158279,-0.128498,0.261800,-3.410810,7.064345,3.779684,1.374545,-1.737432,3.118009,-3.688463,-0.746749,-0.181394,3.833008,-0.733140,-3.504464,-5.701893,1.257733,1.586613,-2.108825,0.385014,-2.176635,-3.017387,1.407057,-0.000000,0.571144,-0.154470,-0.254051,0.177801,-0.272046,-0.646829,-0.131158,0.145289,0.203701,0.141937,-0.083259,0.191556,-0.134513,0.190459,0.135286,0.174557,-0.065025,0.118511
-1.436480,-0.331882,0.889124,-0.132872,-0.068383,0.963469,-0.222255,2.368056,0.489204,1.588281,-0.494166,-0.581946,1.311820,-1.296599,-0.269951,0.272402,-0.077856,-0.059021,0.649490,-0.707802,-0.054672,0.374131,0.937447,-0.934667,1.561906,0.717788,-0.201979,0.478796,-0.358085,-0.665935,-0.281112,-0.224608,-0.086611,0.261800,-1.860324,7.821312,3.617279,2.368908,-1.060292,1.956163,-1.375951,-0.167980,-0.870579,3.187036,0.192626,-5.552777,-7.251032,1.052039,-0.706829,-0.560595,2.689739,-1.511482,-3.316458,2.094348,-0.000000,0.606556,-0.074353,-0.248428,0.171791,-0.270904,-0.639708,-0.109752,0.160397,0.202466,0.135223,-0.105423,0.194166,-0.107087,0.203771,0.132868,0.174723,-0.093751,0.123203
-1.480039,-0.368784,0.908427,-0.129021,-0.070112,0.960402,-0.236781,2.395799,0.519115,1.752171,-0.455616,-0.387538,1.428519,-1.302743,-0.132957,0.330222,-0.024811,-0.077308,0.661323,-0.736674,-0.034286,0.339124,0.968214,-0.914732,1.412439,0.575624,-0.197839,0.475791,-0.352982,-0.550343,-0.302565,-0.272963,-0.030217,0.261800,-0.307189,6.849679,2.890998,2.652219,-0.914331,0.591647,-1.443586,1.019312,-1.750362,1.538341,0.996765,-7.473359,-7.108176,0.207033,-0.150248,0.255150,5.779607,-1.072626,-2.417736,2.819692,0.000000,0.623156,-0.003214,-0.260001,0.177721,-0.251677,-0.638428,-0.086162,0.173884,0.202218,0.123390,-0.126060,0.196376,-0.077548,0.216186,0.132443,0.166958,-0.121460,0.127001
-1.525312,-0.410107,0.928962,-0.124390,-0.070078,0.956972,-0.252627,2.586879,0.574995,1.850649,-0.326006,-0.507464,1.581401,-1.269248,-0.005624,0.378724,0.021679,-0.089894,0.650516,-0.734825,0.003993,0.313928,0.995286,-0.880588,1.243480,0.430613,-0.205448,0.456653,-0.356168,-0.358061,-0.318054,-0.310438,-0.005545,0.261800,1.674729,6.366663,2.425096,2.324500,-0.629320,-0.540331,0.092440,1.913922,-1.259786,1.353587,1.707218,-8.447941,-7.250582,-0.380487,-0.956900,-0.159290,9.614112,-0.774451,-1.873769,1.233596,-0.000000,0.623824,0.063617,-0.292987,0.170146,-0.227693,-0.642522,-0.058535,0.183305,0.201400,0.106824,-0.145052,0.198231,-0.042718,0.222777,0.131229,0.152584,-0.148465,0.130212
-1.565116,-0.458235,0.945332,-0.123960,-0.066218,0.955872,-0.257987,2.589521,0.999427,1.648371,0.289006,-0.163965,0.588796,-1.223640,0.072856,0.432816,0.052835,-0.125165,0.627997,-0.710655,0.062884,0.317369,0.997690,-0.834971,1.067192,0.326662,-0.232485,0.444827,-0.328500,-0.136824,-0.334452,-0.347563,0.019557,0.261800,2.280432,3.923979,2.704597,1.557813,-1.763566,-1.125956,1.208474,2.944566,0.172073,0.120193,2.280835,-8.814431,-5.197523,-1.351841,-0.591316,1.383397,11.061825,-0.819928,-1.856240,1.255133,0.000000,0.614646,0.100972,-0.326706,0.160490,-0.203421,-0.650112,-0.035878,0.188190,0.201454,0.093871,-0.158024,0.200256,-0.013742,0.225786,0.131965,0.140824,-0.167959,0.133705
-1.599551,-0.511152,0.954314,-0.132272,-0.054972,0.952823,-0.267602,2.599288,1.332608,1.278481,1.158971,0.488466,1.181975,-1.177731,0.116433,0.445888,0.019299,-0.182275,0.605667,-0.693317,0.114569,0.368988,0.970608,-0.781071,0.876563,0.262865,-0.253544,0.464834,-0.261511,0.056261,-0.361572,-0.371829,0.039555,0.261800,2.295441,2.178869,0.653638,-1.676804,-2.855498,-1.116484,0.866938,2.584232,2.580922,-1.354084,2.694979,-9.531458,-3.189859,-1.052946,1.000352,3.349452,9.654243,-1.355969,-1.213317,0.999870,-0.000000,0.607983,0.131134,-0.344247,0.166720,-0.196075,-0.654373,-0.022089,0.192259,0.203017,0.086870,-0.164879,0.202291,0.003542,0.230933,0.135344,0.135200,-0.178489,0.137397
-1.636203,-0.562839,0.960963,-0.141351,-0.035968,0.947308,-0.285190,2.735521,1.152592,1.155961,1.809121,0.326184,2.110844,-1.109231,0.152060,0.446003,-0.056691,-0.221434,0.547688,-0.652349,0.156023,0.417039,0.904411,-0.749524,0.699557,0.266920,-0.326932,0.485252,-0.215820,0.162888,-0.364384,-0.381124,0.072497,0.239347,3.424985,1.781331,0.005710,-3.799481,-1.957910,-2.898934,2.048359,2.072726,2.402563,-3.309846,1.577358,-8.850275,0.202743,-3.669399,1.020877,2.284552,5.331382,-0.140603,-0.464738,1.647115,-1.122658,0.597147,0.164030,-0.364313,0.170914,-0.186311,-0.664809,-0.015602,0.195358,0.206369,0.088002,-0.165271,0.202800,0.014662,0.236847,0.142377,0.136593,-0.178820,0.138088
-1.676700,-0.608508,0.965980,-0.134714,-0.040669,0.939269,-0.313004,2.802374,0.617706,1.068780,-1.046081,-0.489103,2.772890,-1.043620,0.181328,0.427383,-0.104785,-0.145919,0.477484,-0.588331,0.134377,0.423274,0.869010,-0.700925,0.618845,0.378664,-0.395628,0.469655,-0.210798,0.109639,-0.345349,-0.376457,0.077315,0.239528,3.280542,1.463416,-0.930996,-2.404697,3.775740,-3.510236,3.200917,-1.082333,0.311737,-1.770073,2.429975,-4.035625,5.587183,-3.434779,-0.779841,0.251084,-2.662452,0.951740,0.233356,0.240889,0.009055,0.581218,0.189844,-0.391263,0.143691,-0.195314,-0.676253,-0.029565,0.193154,0.208224,0.103902,-0.154972,0.201862,0.001057,0.237791,0.146563,0.152401,-0.163322,0.136210
-1.718899,-0.653595,0.965536,-0.128574,-0.045426,0.928279,-0.345981,2.962752,0.325283,0.806643,-1.115635,-0.427468,3.351130,-0.971394,0.186844,0.367162,-0.140702,-0.073161,0.427539,-0.536888,0.129244,0.377675,0.815603,-0.643404,0.579797,0.509439,-0.434640,0.474227,-0.201132,0.075037,-0.314311,-0.344087,0.087665,0.257609,3.611301,0.275814,-3.011037,-1.795871,3.637903,-2.497238,2.572153,-0.256646,-2.279967,-2.670346,2.876060,-1.952385,6.538742,-1.950624,0.228634,0.483280,-1.730101,1.551895,1.618509,0.517537,0.904028,0.560490,0.202306,-0.425201,0.122273,-0.178722,-0.690053,-0.050950,0.189535,0.210177,0.119042,-0.139297,0.199398,-0.024130,0.239022,0.150478,0.165234,-0.140333,0.131593
-1.759404,-0.698731,0.961349,-0.119401,-0.055052,0.920662,-0.367551,2.972471,0.238930,0.588041,-1.514246,-0.527703,2.101013,-0.898886,0.147104,0.319152,-0.124251,-0.003383,0.370281,-0.463155,0.156369,0.324832,0.753759,-0.579902,0.589248,0.680929,-0.450125,0.471933,-0.178642,0.069285,-0.274193,-0.286895,0.097543,0.261348,3.625411,-1.987025,-2.400516,0.822537,3.488889,-2.862898,3.686655,1.356266,-2.642147,-3.092189,3.175053,0.472577,8.574533,-0.774229,-0.114714,1.124513,-0.287629,2.005910,2.859592,0.493855,0.186981,0.534233,0.179790,-0.472657,0.089757,-0.143185,-0.705918,-0.081029,0.178758,0.210787,0.134484,-0.115670,0.195946,-0.062183,0.232706,0.151909,0.175328,-0.107425,0.125263
-1.796846,-0.744177,0.954992,-0.114075,-0.056707,0.912728,-0.388198,2.920168,0.226715,0.436361,-0.618181,-0.470616,2.139107,-0.849110,0.067869,0.260418,-0.159727,-0.003747,0.305731,-0.374514,0.171168,0.234574,0.675052,-0.527703,0.642470,0.869732,-0.459888,0.473088,-0.213919,0.067921,-0.246985,-0.213281,0.210638,0.240962,2.488794,-3.961731,-2.936697,-1.773810,-0.018221,-3.227497,4.432045,0.739962,-4.512893,-3.935366,2.609969,2.661078,9.440161,-0.488180,0.057730,-1.763821,-0.068174,1.360379,3.680678,5.654779,-1.019314,0.522530,0.139082,-0.492236,0.048533,-0.101327,-0.719262,-0.112479,0.161106,0.211315,0.146491,-0.086152,0.192840,-0.103323,0.217734,0.152649,0.178030,-0.067556,0.119411
-1.835637,-0.785616,0.946816,-0.108589,-0.064587,0.905449,-0.405214,2.849988,-0.064398,0.308831,-1.144188,-0.217066,1.722669,-0.836620,-0.044732,0.207773,-0.188665,-0.055050,0.207849,-0.268989,0.129462,0.091534,0.616156,-0.487668,0.771039,1.071217,-0.433079,0.457120,-0.352295,0.009180,-0.235982,-0.126355,0.261800,0.112063,0.624518,-5.630071,-2.632221,-1.446870,-2.565139,-4.894088,5.276237,-2.085316,-7.151998,-2.944772,2.001731,6.428467,10.074215,1.340496,-0.798388,-6.918797,-2.937067,0.550148,4.346297,2.558093,-6.444942,0.521425,0.075752,-0.490537,-0.009157,-0.077074,-0.725478,-0.142740,0.132553,0.209255,0.152519,-0.052136,0.190481,-0.143776,0.186788,0.147694,0.172417,-0.025083,0.115618
-1.868403,-0.829191,0.939322,-0.104686,-0.058859,0.893785,-0.432116,2.735834,0.069871,0.285700,0.024703,-0.670153,2.929051,-0.772699,-0.158921,0.129555,-0.243919,-0.176000,0.100866,-0.145257,0.106322,-0.020589,0.556478,-0.471815,0.819339,1.285049,-0.438348,0.446003,-0.421074,-0.086697,-0.245917,-0.038840,0.261800,0.040068,3.196070,-5.709436,-3.910932,-2.762692,-6.047497,-5.349166,6.186614,-1.156990,-5.606128,-2.983913,0.792694,2.414974,10.691630,-0.263482,-0.555834,-3.438983,-4.793842,-0.496734,4.375769,-0.000000,-3.599750,0.499552,0.013894,-0.502937,-0.071213,-0.055210,-0.724987,-0.166397,0.099572,0.208960,0.151688,-0.015249,0.189422,-0.177199,0.151939,0.146725,0.158640,0.017711,0.114605
-1.904793,-0.873462,0.933442,-0.101598,-0.054754,0.881800,-0.457284,2.848909,-0.211993,0.368179,-0.075585,-0.506137,2.782162,-0.685393,-0.283494,0.048046,-0.284968,-0.273885,-0.030758,-0.009307,0.064934,-0.073033,0.502617,-0.488325,0.832262,1.474959,-0.425903,0.413638,-0.482148,-0.171163,-0.256379,0.008978,0.248089,-0.022882,4.365263,-6.228652,-4.075414,-2.052453,-4.894233,-6.581201,6.797516,-2.069391,-2.622205,-2.693029,-0.825501,0.646139,9.495486,0.622261,-1.618255,-3.053666,-4.223314,-0.523133,2.390915,-0.685564,-3.147475,0.458590,-0.055648,-0.522463,-0.138889,-0.063015,-0.718705,-0.179506,0.065101,0.206871,0.146947,0.015050,0.189307,-0.197069,0.113108,0.142691,0.143883,0.049593,0.114945
-1.939963,-0.916334,0.929161,-0.097333,-0.055472,0.872936,-0.474797,2.733764,-0.311797,0.403250,-0.469132,-0.355248,1.920488,-0.596075,-0.436306,-0.019356,-0.310907,-0.306762,-0.182030,0.146405,0.012520,-0.066204,0.482937,-0.500366,0.844784,1.630067,-0.405111,0.352976,-0.553668,-0.216196,-0.272817,0.018389,0.242747,-0.079519,4.465938,-7.640593,-3.370124,-1.296945,-1.643883,-7.563611,7.785575,-2.620691,0.341454,-0.984034,-0.602066,0.626134,7.755375,1.039589,-3.033108,-3.576010,-2.251659,-0.821868,0.470523,-0.267100,-2.831861,0.402405,-0.140870,-0.531705,-0.227517,-0.094044,-0.695390,-0.181893,0.035123,0.203329,0.141650,0.039259,0.189727,-0.201262,0.078278,0.136286,0.132391,0.073961,0.115955
-1.974417,-0.959869,0.925084,-0.096298,-0.057839,0.859553,-0.498548,2.721263,-0.414816,0.412539,-0.529104,0.006008,2.687148,-0.493294,-0.599322,-0.102016,-0.345274,-0.307298,-0.340007,0.296836,-0.068430,-0.042489,0.483026,-0.529210,0.827181,1.740818,-0.405857,0.270400,-0.614921,-0.247789,-0.284033,-0.000059,0.250495,-0.080093,5.139034,-8.150787,-4.132987,-1.718389,-0.026802,-7.898845,7.521541,-4.047525,1.185734,0.004463,-1.442226,-0.880144,5.537549,-0.037301,-4.128783,-3.062671,-1.579632,-0.560808,-0.922408,0.387423,-0.028706,0.333980,-0.225859,-0.524735,-0.313539,-0.145348,-0.654242,-0.176864,0.016539,0.200320,0.137990,0.056314,0.190180,-0.193628,0.057897,0.131468,0.126040,0.090850,0.116718
-2.006977,-1.002004,0.922381,-0.098185,-0.062194,0.847350,-0.518160,2.577836,-0.489808,0.470881,-0.503569,0.372670,2.275422,-0.393599,-0.783290,-0.193554,-0.354190,-0.291444,-0.479534,0.425212,-0.130666,-0.009114,0.491927,-0.547770,0.793591,1.813124,-0.409557,0.202478,-0.666824,-0.266057,-0.290530,-0.028302,0.256523,-0.058374,4.984758,-9.198433,-4.576914,-0.445776,0.792720,-6.976350,6.418833,-3.111804,1.668773,0.445058,-0.927984,-1.679498,3.615304,-0.184980,-3.396130,-2.595116,-0.913417,-0.324850,-1.412145,0.301409,1.085926,0.254766,-0.311883,-0.494800,-0.382207,-0.188352,-0.603593,-0.171137,0.005774,0.198441,0.136112,0.067678,0.190625,-0.184816,0.046731,0.128673,0.123600,0.102369,0.117329
-2.044882,-1.053626,0.925035,-0.090764,-0.061821,0.829100,-0.548209,3.013258,-0.734593,0.807768,-0.754527,-0.689450,3.444412,-0.228496,-0.884722,-0.323148,-0.351794,-0.316781,-0.573685,0.556802,-0.237761,-0.020018,0.533133,-0.582757,0.709801,1.812743,-0.413156,0.134123,-0.694439,-0.319557,-0.306726,-0.061746,0.224770,-0.041452,8.255132,-5.071589,-6.479672,0.119802,-1.266829,-4.707529,6.579469,-5.354718,-0.545217,2.060279,-1.749341,-4.189513,-0.019044,-0.179984,-3.417723,-1.380750,-2.674957,-0.809820,-1.672192,-1.587659,0.846135,0.170030,-0.352583,-0.490685,-0.446958,-0.241869,-0.529055,-0.164474,0.007732,0.196972,0.138850,0.070321,0.191544,-0.172325,0.049574,0.126831,0.128900,0.107185,0.118919
-2.081864,-1.108529,0.932322,-0.083528,-0.062049,0.815065,-0.569949,3.068645,-0.798757,1.016459,-0.696485,-0.617754,2.517683,-0.058541,-0.974161,-0.427305,-0.319093,-0.322811,-0.654101,0.683352,-0.331812,-0.020521,0.596093,-0.611329,0.585013,1.762442,-0.431960,0.060148,-0.664507,-0.352878,-0.319526,-0.090108,0.189597,-0.002983,8.497774,-4.471943,-5.207852,1.635029,-0.301521,-4.020799,6.327519,-4.702593,-0.025132,3.147995,-1.428604,-6.239423,-2.515041,-0.940175,-3.698782,1.496552,-1.666073,-0.639963,-1.418105,-1.758644,1.923413,0.085127,-0.384099,-0.479112,-0.497193,-0.286709,-0.439352,-0.156550,0.019057,0.196556,0.144638,0.065295,0.192402,-0.156698,0.063131,0.127349,0.138946,0.104302,0.120442
-2.117711,-1.165471,0.944133,-0.075145,-0.063224,0.805084,-0.584975,3.084958,-0.837664,1.203605,-0.761467,-0.636127,1.721630,0.096111,-1.036357,-0.510789,-0.256161,-0.334265,-0.699463,0.790113,-0.380675,-0.036701,0.651882,-0.632496,0.442824,1.667885,-0.457754,0.018318,-0.575898,-0.357709,-0.347917,-0.101560,0.147197,0.035862,7.732566,-3.109818,-4.174192,3.146609,-0.572704,-2.268104,5.338034,-2.443153,-0.809035,2.789450,-1.058353,-7.109431,-4.727842,-1.289701,-2.091484,4.430460,-0.241552,-1.419585,-0.572596,-2.119995,1.942271,0.008662,-0.401543,-0.468439,-0.529640,-0.301955,-0.362540,-0.149665,0.036548,0.197286,0.150714,0.054587,0.193635,-0.143224,0.082657,0.129724,0.149759,0.096245,0.122952
-2.153614,-1.225113,0.959139,-0.065594,-0.064695,0.796946,-0.596984,3.175974,-0.910413,1.327622,-0.819980,-0.708064,1.357982,0.235174,-1.058488,-0.597214,-0.180153,-0.359463,-0.679130,0.854872,-0.412154,-0.082068,0.696061,-0.660345,0.286917,1.526779,-0.462860,0.000033,-0.426004,-0.325576,-0.357863,-0.102913,0.081570,0.067532,6.953168,-1.106522,-4.321259,3.800396,-1.259870,1.016643,3.237982,-1.573925,-2.268356,2.208979,-1.392428,-7.795347,-7.055320,-0.255282,-0.914246,7.494729,1.606655,-0.497297,-0.067619,-3.281360,1.583512,-0.059540,-0.401844,-0.468656,-0.545839,-0.299980,-0.315150,-0.141078,0.057498,0.197366,0.156968,0.033939,0.194043,-0.128551,0.103603,0.130660,0.162920,0.076136,0.123927
-2.190610,-1.286478,0.974735,-0.056145,-0.066987,0.791481,-0.604912,3.266836,-1.019640,1.316174,-0.831363,-0.637392,0.875168,0.338289,-1.047016,-0.670947,-0.104654,-0.369556,-0.658026,0.898081,-0.423576,-0.139496,0.744383,-0.687768,0.161487,1.347124,-0.468858,-0.000184,-0.235213,-0.267989,-0.394576,-0.110664,0.006900,0.103196,5.155766,0.573595,-3.686654,3.774971,-0.504686,1.055178,2.160420,-0.571099,-2.871362,2.416113,-1.371162,-6.271505,-8.982742,-0.299896,-0.010842,9.539522,2.879347,-1.835618,-0.387568,-3.733528,1.783205,-0.115655,-0.388186,-0.479844,-0.557023,-0.283341,-0.282934,-0.128292,0.082356,0.197661,0.161742,0.009179,0.195694,-0.109915,0.127607,0.131731,0.177031,0.051926,0.127348
-2.226837,-1.348961,0.987878,-0.049109,-0.068734,0.790827,-0.606182,3.339837,-0.982567,1.163130,-0.574066,-0.457139,0.080355,0.403931,-1.019087,-0.713000,-0.059046,-0.350966,-0.616836,0.914736,-0.428592,-0.182355,0.769375,-0.712428,0.087990,1.147637,-0.492086,0.031083,-0.025990,-0.222738,-0.411519,-0.116240,-0.031328,0.143832,3.282062,1.396434,-2.102680,2.280386,0.929530,2.059533,0.832754,-0.250811,-2.142975,1.249590,-1.233009,-3.674867,-9.974319,-1.161409,1.563326,10.461173,2.262530,-0.847159,-0.278784,-1.911371,2.031768,-0.153945,-0.370469,-0.493061,-0.561411,-0.270117,-0.271844,-0.110939,0.109757,0.199165,0.161431,-0.021520,0.196543,-0.087812,0.154980,0.134726,0.186134,0.018099,0.129072
-2.264240,-1.411962,0.996263,-0.043794,-0.069572,0.796740,-0.598705,3.444150,-0.958766,0.902721,-0.317226,-0.342645,-0.990294,0.456631,-0.987783,-0.727679,-0.039826,-0.287934,-0.569666,0.896676,-0.419495,-0.187236,0.783505,-0.730508,0.045399,0.955926,-0.508378,0.084418,0.134699,-0.212136,-0.434237,-0.110952,-0.022733,0.175158,2.635039,1.565201,-0.733938,0.961010,3.151559,2.358488,-0.903005,0.454881,-0.244049,0.706490,-0.904009,-2.129552,-9.585547,-0.814606,2.666755,8.034452,0.530140,-1.135922,0.264391,0.429734,1.566321,-0.183872,-0.354543,-0.502205,-0.559197,-0.262571,-0.279881,-0.091037,0.133582,0.200789,0.155069,-0.049447,0.197489,-0.064152,0.178636,0.137705,0.187020,-0.013573,0.130972
-2.299572,-1.471952,1.002351,-0.045137,-0.066617,0.802581,-0.591091,3.306775,-0.826184,0.770091,0.379885,-0.038113,-0.935064,0.486961,-0.955618,-0.724261,-0.074972,-0.219895,-0.558374,0.856780,-0.471191,-0.144964,0.805468,-0.725892,0.069424,0.763139,-0.531384,0.131088,0.166666,-0.178254,-0.449094,-0.101007,-0.016261,0.215733,1.516469,1.608241,0.170910,-1.757284,3.401968,0.564614,-1.994808,-2.584804,2.113632,1.098163,0.230790,1.201258,-9.639371,-1.150308,2.333493,1.598318,1.694074,-0.742823,0.497215,0.323593,2.028723,-0.192204,-0.346306,-0.508253,-0.544599,-0.295921,-0.283251,-0.064902,0.153500,0.202945,0.142978,-0.076315,0.198019,-0.031362,0.196509,0.141646,0.181108,-0.045816,0.132079
-2.337977,-1.531038,1.004129,-0.050444,-0.061958,0.810191,-0.580696,3.363141,-0.883381,0.576238,0.769854,0.193037,-1.228545,0.497144,-0.933201,-0.697909,-0.125096,-0.148548,-0.542841,0.795137,-0.504543,-0.076620,0.807487,-0.695714,0.135189,0.633273,-0.551699,0.170259,0.138520,-0.143307,-0.456669,-0.082462,-0.046986,0.228261,0.509152,1.120852,1.317589,-2.506234,3.567370,0.776622,-3.082141,-1.667620,3.417202,0.100922,1.508907,3.288245,-6.493297,-1.015743,1.958566,-1.407288,1.747374,-0.378786,0.927279,-1.536243,0.626423,-0.188015,-0.344658,-0.510880,-0.524807,-0.330311,-0.300183,-0.044858,0.164813,0.205009,0.131264,-0.092175,0.198076,-0.006271,0.205846,0.145346,0.172690,-0.065750,0.132365
-2.374868,-1.589812,1.004582,-0.053989,-0.051671,0.819005,-0.568899,3.358590,-0.708872,0.506310,1.136886,-0.273418,-1.398819,0.492554,-0.896387,-0.660134,-0.177309,-0.112230,-0.507111,0.718761,-0.482443,-0.039016,0.790557,-0.664856,0.224403,0.573005,-0.547194,0.195936,0.125921,-0.137791,-0.449725,-0.049534,-0.093963,0.221225,-0.229489,1.840717,1.888752,-2.610637,1.815893,1.786512,-3.818783,1.104993,1.880157,-0.846495,1.542908,4.460712,-3.013388,0.225225,1.283865,-0.629954,0.275761,0.347204,1.646386,-2.348823,-0.351787,-0.178552,-0.337025,-0.521821,-0.507780,-0.333707,-0.342753,-0.036621,0.169224,0.205397,0.122904,-0.097686,0.197257,0.003188,0.209347,0.145920,0.164323,-0.072650,0.131001
-2.412113,-1.650028,1.000145,-0.056899,-0.037803,0.826724,-0.558444,3.486011,-0.603466,0.256333,1.384918,-0.531934,-1.210534,0.456261,-0.853642,-0.614167,-0.214275,-0.118241,-0.455565,0.636221,-0.393186,-0.057368,0.762352,-0.621406,0.348581,0.584878,-0.547772,0.206234,0.138198,-0.164839,-0.418349,-0.008221,-0.125364,0.216130,-1.814633,2.137238,2.298373,-1.848291,-0.300541,2.577283,-4.127011,4.462872,-0.917572,-1.410214,2.172506,6.208919,0.593649,-0.028879,0.514856,0.613837,-1.352390,1.568803,2.065634,-1.570077,-0.254765,-0.159205,-0.324524,-0.541229,-0.493498,-0.291047,-0.409380,-0.039133,0.169663,0.205709,0.118929,-0.095041,0.195342,-0.000312,0.211105,0.146483,0.156772,-0.068808,0.127430
-2.449811,-1.709711,0.992054,-0.058528,-0.022615,0.832273,-0.550804,3.505867,-0.573609,0.040046,1.397204,-0.718096,-0.849361,0.386112,-0.797106,-0.567589,-0.219738,-0.125328,-0.387244,0.543612,-0.262082,-0.064230,0.715324,-0.594127,0.509442,0.611215,-0.538719,0.212840,0.136724,-0.181418,-0.374845,0.017813,-0.128753,0.210688,-3.507463,2.826825,2.328875,-0.273152,-0.354389,3.416059,-4.630432,6.555180,-0.343119,-2.351421,1.363929,8.043021,1.316844,0.452666,0.330344,-0.073673,-0.828943,2.175202,1.301730,-0.169471,-0.272101,-0.132793,-0.301518,-0.572503,-0.465450,-0.230175,-0.485097,-0.044793,0.168717,0.205365,0.116204,-0.092893,0.193296,-0.007879,0.211376,0.145785,0.149971,-0.066208,0.123439
-2.487512,-1.766336,0.980192,-0.061349,-0.006157,0.837623,-0.542758,3.397336,-0.585858,-0.189673,1.546167,-0.694992,-0.857334,0.278418,-0.753857,-0.505348,-0.190260,-0.103453,-0.325024,0.454187,-0.103246,-0.008982,0.666096,-0.563209,0.720981,0.628289,-0.537892,0.196017,0.086854,-0.062823,-0.315408,0.025610,-0.078810,0.139475,-5.384706,2.162444,3.112074,1.473911,1.093762,3.111017,-4.471285,7.941823,2.762429,-2.461419,1.545921,10.576983,0.853701,0.041338,-0.841194,-2.493485,5.929739,2.971878,0.389848,2.497163,-3.560649,-0.094018,-0.280561,-0.601796,-0.426301,-0.169180,-0.548120,-0.046767,0.166525,0.204859,0.112453,-0.094554,0.191046,-0.009397,0.208099,0.144797,0.142029,-0.069090,0.118872
-2.523524,-1.821648,0.965273,-0.062431,0.004984,0.843593,-0.533319,3.327084,-0.482778,-0.379956,1.026067,-0.547246,-1.038402,0.145802,-0.764214,-0.433969,-0.134320,-0.081351,-0.256821,0.363589,0.028321,0.034356,0.633121,-0.514571,0.967408,0.770125,-0.522533,0.194170,-0.025338,-0.071996,-0.266781,0.026359,0.004596,0.082574,-6.630797,-0.517871,3.568935,2.796971,1.105089,3.410141,-4.529860,6.578351,2.166863,-1.648749,2.431901,12.321331,7.091769,0.767951,-0.092333,-5.609597,-0.458644,2.431338,0.037420,4.170313,-2.845057,-0.046155,-0.283133,-0.608358,-0.379545,-0.113931,-0.595956,-0.071000,0.157207,0.203935,0.121123,-0.081673,0.189512,-0.039432,0.201780,0.142706,0.143726,-0.054049,0.115632
-2.557828,-1.872488,0.951366,-0.059863,0.004222,0.845262,-0.530972,3.086085,-0.479334,-0.365619,-0.187337,-0.194921,-0.274382,-0.017864,-0.748674,-0.365279,-0.065369,-0.077273,-0.172767,0.259360,0.078156,0.022406,0.605417,-0.449495,1.198761,0.920124,-0.545948,0.179882,-0.116288,-0.235364,-0.236271,0.014616,0.046548,0.105550,-8.183293,0.777024,3.434505,3.447579,0.203940,4.202713,-5.211455,2.491737,-0.597497,-1.385170,3.253786,11.567669,7.499948,-1.170744,-0.714417,-4.547506,-8.168406,1.525498,-0.587107,2.097615,1.148791,0.015538,-0.273051,-0.619924,-0.321503,-0.083609,-0.637821,-0.090835,0.145591,0.204909,0.131120,-0.066164,0.188735,-0.063269,0.193607,0.144355,0.148499,-0.037526,0.113835
-2.593232,-1.921756,0.941044,-0.064376,0.000201,0.854466,-0.515504,3.041569,-0.439697,-0.154049,-0.048303,0.537665,-1.808191,-0.211565,-0.727000,-0.274519,-0.041519,-0.039446,-0.054230,0.118803,0.093884,0.041875,0.601400,-0.402892,1.383857,0.990425,-0.495947,0.191489,-0.174662,-0.301230,-0.243943,0.014884,0.080725,0.119757,-9.685076,1.083688,4.537992,1.192497,1.891344,5.926816,-7.027866,0.786394,0.973451,-0.200881,2.330173,9.254782,3.515063,2.500046,0.580399,-2.918709,-3.293283,-0.383581,0.013400,1.708810,0.710387,0.105437,-0.267405,-0.614046,-0.242954,-0.080925,-0.678103,-0.105258,0.135698,0.202405,0.135839,-0.056032,0.188935,-0.083529,0.183300,0.139205,0.150897,-0.025506,0.114277
-2.625231,-1.972854,0.935433,-0.066768,-0.001310,0.865176,-0.497002,3.024771,-0.101513,0.080049,0.064574,0.219741,-2.134568,-0.397501,-0.659271,-0.168601,-0.043981,-0.009144,0.065092,-0.021238,0.094785,0.059888,0.643311,-0.411151,1.516333,1.011709,-0.374566,0.152378,-0.217906,-0.395909,-0.287263,-0.001629,0.101059,0.091446,-9.296762,3.386460,5.295924,-0.123132,1.515086,5.966102,-7.002062,0.045038,0.900677,2.095586,-0.412955,6.623777,1.064195,6.069067,-1.955560,-2.162189,-4.733938,-2.166012,-0.825652,1.016704,-1.415562,0.205219,-0.243615,-0.601801,-0.170781,-0.087155,-0.699648,-0.113066,0.121233,0.195700,0.140732,-0.049693,0.190292,-0.094939,0.161089,0.126309,0.157270,-0.016549,0.117078
-2.659143,-2.027325,0.934866,-0.074864,-0.000369,0.871598,-0.484471,3.184353,0.010929,0.391970,0.538490,0.621209,-1.398851,-0.575617,-0.576687,-0.085769,-0.063715,0.000508,0.188789,-0.173232,0.090914,0.083525,0.652231,-0.454781,1.575261,1.005253,-0.264872,0.128366,-0.237182,-0.487205,-0.327672,-0.007934,0.128417,0.083137,-8.905828,4.129190,4.141586,-0.986709,0.482597,6.184858,-7.599699,-0.193554,1.181860,0.445989,-2.181525,2.946422,-0.322806,5.484698,-1.200636,-0.963802,-4.564806,-2.020454,-0.315247,1.367942,-0.415460,0.309446,-0.210136,-0.571214,-0.079401,-0.096577,-0.717963,-0.117722,0.110931,0.191324,0.143021,-0.046970,0.191690,-0.102720,0.143451,0.117502,0.160949,-0.011438,0.119939
-2.691089,-2.080652,0.937678,-0.083898,-0.003940,0.880930,-0.465734,3.046730,0.207839,0.595733,0.232282,0.894916,-2.113724,-0.745204,-0.490408,0.041845,-0.041236,0.018588,0.270837,-0.287927,0.103067,0.116846,0.662045,-0.496089,1.601268,0.963175,-0.209279,0.109120,-0.309516,-0.551847,-0.363052,-0.031901,0.118215,0.080783,-8.479335,4.313940,6.380711,1.123978,0.903998,4.102398,-5.734725,0.607659,1.666050,0.490693,-2.065353,1.300349,-2.103867,2.779604,-0.962266,-3.616737,-3.232079,-1.769010,-1.198373,-0.510103,-0.117678,0.393912,-0.176397,-0.529771,-0.009329,-0.100684,-0.722103,-0.115318,0.109693,0.189500,0.144911,-0.050849,0.193243,-0.099789,0.136675,0.113585,0.167182,-0.014924,0.122917
-2.725539,-2.134274,0.945309,-0.087016,-0.009118,0.894007,-0.439428,3.071025,0.312059,0.878636,-0.125229,0.417070,-2.966557,-0.861485,-0.377445,0.193753,0.033144,0.047085,0.340942,-0.348729,0.131076,0.163015,0.681133,-0.534868,1.545630,0.873039,-0.190124,0.090566,-0.280964,-0.558025,-0.409060,-0.075541,0.152946,0.076317,-5.814060,5.648170,7.595379,3.718980,1.424835,3.505252,-3.040115,1.400448,2.308430,0.954382,-1.938961,-2.781904,-4.506825,0.957790,-0.927717,1.427607,-0.308928,-2.300374,-2.182000,1.736524,-0.223346,0.444736,-0.133115,-0.508453,0.025716,-0.101126,-0.719706,-0.105054,0.116780,0.188764,0.146094,-0.062204,0.195737,-0.087322,0.140642,0.112289,0.175454,-0.027472,0.127444
-2.759388,-2.195249,0.957586,-0.084805,-0.007651,0.901275,-0.424798,3.290006,0.685746,1.114370,0.154481,-0.312793,-1.616438,-0.921421,-0.235588,0.318263,0.081481,0.027220,0.401200,-0.375866,0.163320,0.191720,0.716528,-0.598155,1.444044,0.754679,-0.164314,0.081730,-0.268101,-0.516152,-0.430136,-0.115412,0.155417,0.123252,-2.996798,7.092831,6.225505,2.416875,-0.993253,3.012884,-1.356858,1.612221,1.435234,1.769751,-3.164373,-5.079285,-5.917980,1.290500,-0.441773,0.643143,2.093653,-1.053814,-1.993528,0.123573,2.346772,0.482688,-0.072148,-0.499239,0.034846,-0.095597,-0.715201,-0.092179,0.125778,0.188120,0.142102,-0.080100,0.197380,-0.072913,0.145857,0.110933,0.178534,-0.050046,0.130286
-2.793676,-2.257400,0.975606,-0.082541,-0.004243,0.908150,-0.410405,3.289520,0.835556,1.374240,0.330527,-0.395763,-1.561998,-0.941063,-0.095203,0.424621,0.112798,-0.003884,0.468667,-0.384755,0.201976,0.232915,0.743653,-0.659400,1.285616,0.607703,-0.127926,0.092345,-0.233564,-0.395873,-0.447239,-0.153172,0.157404,0.196603,-0.982096,7.019240,5.317880,1.565852,-1.555167,3.373370,-0.444457,1.932803,2.059749,1.356284,-3.062240,-7.921414,-7.348799,1.819370,0.530742,1.726861,6.013957,-0.855147,-1.888028,0.099324,3.667549,0.504015,-0.008318,-0.498918,0.036612,-0.090631,-0.711819,-0.076903,0.136573,0.187691,0.132489,-0.101878,0.198981,-0.057941,0.153501,0.109677,0.175598,-0.078984,0.133029
-2.828329,-2.320718,0.994442,-0.077217,-0.000943,0.914767,-0.396533,3.329679,0.969087,1.373403,0.197059,-0.667575,-1.503908,-0.925827,0.039140,0.530313,0.116711,-0.036868,0.512463,-0.366394,0.222361,0.271435,0.776627,-0.708368,1.096326,0.453083,-0.113367,0.095400,-0.195669,-0.221094,-0.445375,-0.186904,0.139884,0.261800,0.761796,6.717170,5.284642,0.195659,-1.649194,2.189780,0.918064,1.019230,1.925996,1.648693,-2.448393,-9.464473,-7.731031,0.727956,0.152745,1.894778,8.738923,0.093177,-1.686590,-0.876013,3.259851,0.511779,0.056538,-0.505255,0.020748,-0.095202,-0.708947,-0.056622,0.146384,0.187544,0.116604,-0.124192,0.199704,-0.036548,0.160599,0.109267,0.164105,-0.110839,0.134148
-2.870996,-2.386849,1.011018,-0.067460,0.002331,0.922639,-0.379711,3.714911,0.904953,1.245771,0.047748,-1.087895,-1.819674,-0.867633,0.185311,0.617165,0.118242,-0.058639,0.586583,-0.340947,0.221443,0.322963,0.803114,-0.739909,0.891312,0.278514,-0.062160,0.114376,-0.173442,0.006985,-0.452518,-0.213507,0.089236,0.261800,2.909693,7.308550,4.342569,0.076504,-1.088571,3.706013,1.272371,-0.045907,2.576403,1.324317,-1.577034,-10.250708,-8.728420,2.560359,0.948784,1.111346,11.403965,-0.357138,-1.330131,-2.532357,0.000000,0.495275,0.133554,-0.529921,0.004801,-0.114141,-0.706705,-0.036605,0.154365,0.187365,0.094711,-0.144800,0.200767,-0.018670,0.165917,0.108137,0.145217,-0.142381,0.136148
-2.907942,-2.453173,1.021759,-0.064274,0.012412,0.924486,-0.375552,3.560125,1.138215,0.853171,0.840053,-0.681843,-0.390526,-0.808747,0.288801,0.654004,0.072230,-0.109567,0.664371,-0.350185,0.215960,0.347498,0.823374,-0.812240,0.672780,0.168036,0.000215,0.140229,-0.137254,0.197578,-0.469443,-0.221423,0.050769,0.246221,2.944319,5.174481,1.841964,-2.300595,-2.546372,3.889384,-0.461893,-0.274119,1.226783,1.013024,-3.616595,-10.926635,-5.523910,3.118765,1.292642,1.809406,9.529666,-0.846247,-0.395820,-1.923346,-0.778953,0.475899,0.201823,-0.544096,0.009265,-0.126212,-0.703878,-0.026981,0.158895,0.187648,0.080012,-0.154598,0.201839,-0.013111,0.170497,0.107615,0.131799,-0.158527,0.138318
-2.949171,-2.517325,1.027765,-0.058248,0.014029,0.923097,-0.379871,3.678220,0.859314,0.600693,-0.092568,-0.604450,0.466413,-0.754794,0.370146,0.656136,0.032763,-0.118960,0.742466,-0.359413,0.168374,0.315451,0.824950,-0.854807,0.489629,0.137547,0.045747,0.178888,-0.129535,0.229515,-0.484940,-0.262738,0.024769,0.210927,2.697649,4.067289,0.106592,-1.973351,-0.469670,3.904763,-0.461439,-2.379315,-1.602346,0.078818,-2.128333,-9.157533,-1.524441,2.276591,1.932959,0.385931,1.596837,-0.774848,-2.065733,-1.300035,-1.764709,0.450166,0.258966,-0.555701,0.010601,-0.139700,-0.702757,-0.027935,0.162744,0.188638,0.077343,-0.160564,0.203903,-0.017784,0.176766,0.108435,0.130528,-0.169298,0.142037
-2.988483,-2.580387,1.029655,-0.052416,0.007310,0.919814,-0.388768,3.609561,0.800470,0.380743,-0.879959,-0.261171,0.915053,-0.720673,0.423236,0.640761,0.007290,-0.098711,0.783731,-0.363023,0.104706,0.270280,0.827086,-0.877685,0.363461,0.164888,0.075831,0.191311,-0.137679,0.163229,-0.495794,-0.296017,0.029474,0.208821,1.706038,2.654455,-0.768750,-1.273611,1.012462,2.063261,-0.180463,-3.183400,-2.258556,0.106800,-1.143885,-6.308424,1.367065,1.504205,0.621141,-0.407192,-3.314322,-0.542707,-1.663946,0.235271,-0.105282,0.429923,0.297043,-0.561029,0.006682,-0.156687,-0.701143,-0.036042,0.162513,0.189156,0.083220,-0.161265,0.205601,-0.028854,0.177343,0.108778,0.137695,-0.170748,0.144981
