-0.434420,-2.656169,0.975033,-0.041581,0.066899,0.804521,0.588678,3.636108,-1.220809,0.405417,1.078010,-0.333906,-1.367123,0.546004,-0.922419,-0.659234,-0.041227,-0.047367,-0.863856,0.838351,-0.347026,0.027326,0.869825,-0.740732,0.275403,0.525450,-0.755602,-0.056102,0.045605,-0.057971,-0.411342,0.097366,-0.014648,0.068289,-0.460413,1.418628,2.249696,-1.920536,-0.299774,2.608300,-2.602162,2.575640,-2.215612,-2.565671,3.000850,5.700515,-2.314176,1.191816,-0.463652,0.088121,0.305999,2.022433,0.078167,-2.385548,-0.333885,-0.236218,-0.329485,-0.506462,-0.542165,-0.286656,-0.271684,0.000770,0.153599,0.215218,0.106057,-0.093573,0.194629,0.062212,0.174767,0.165126,0.138944,-0.061715,0.126543
-0.431184,-2.578207,0.967733,-0.030116,0.070288,0.798353,0.597315,3.703410,-1.260885,0.222810,1.025837,-0.746406,-0.966929,0.500171,-0.894752,-0.623119,-0.051892,-0.077531,-0.758529,0.764173,-0.248686,-0.053941,0.805286,-0.677544,0.444935,0.559096,-0.695104,-0.066958,0.058757,-0.030273,-0.376741,0.104094,-0.071120,0.046057,-2.291657,1.383341,1.805762,-0.533237,-1.508203,5.266332,-3.708907,4.916989,-4.063350,-3.226924,3.159446,8.476613,1.682288,3.024872,-0.542766,0.657603,1.384938,1.730053,0.336413,-2.823595,-1.111601,-0.219548,-0.321283,-0.524620,-0.540146,-0.220499,-0.348178,-0.008995,0.150841,0.210778,0.105892,-0.091658,0.193211,0.048978,0.172822,0.157037,0.136252,-0.060508,0.123639
-0.430557,-2.501300,0.957539,-0.016732,0.074477,0.790604,0.607552,3.735953,-1.043761,0.029272,1.196475,-0.862157,-1.171059,0.415910,-0.857552,-0.569073,-0.052080,-0.055173,-0.642133,0.683713,-0.128036,-0.030576,0.720488,-0.606826,0.667820,0.606544,-0.640000,-0.084297,0.033838,0.103765,-0.342577,0.111567,-0.037655,0.007184,-4.213048,1.860021,2.702309,-0.009416,1.117856,5.819802,-4.023015,6.032513,1.168247,-4.239920,3.535897,11.144228,2.372379,2.755226,-0.866984,-1.245960,6.701878,1.708214,0.373620,1.673247,-1.943671,-0.189954,-0.307839,-0.552549,-0.519425,-0.173456,-0.422932,-0.020014,0.146704,0.207001,0.106887,-0.088293,0.191941,0.034787,0.168942,0.150128,0.133407,-0.056465,0.121118
-0.428244,-2.427276,0.944256,-0.009015,0.076049,0.778914,0.622437,3.629983,-0.974020,-0.167001,0.694999,-0.602359,-1.822182,0.304410,-0.864677,-0.500229,-0.015394,-0.009986,-0.527728,0.581758,-0.011767,-0.015056,0.661921,-0.531758,0.920800,0.789183,-0.585113,-0.089069,-0.065551,-0.001966,-0.296895,0.117621,0.002845,-0.055078,-5.574983,-0.356276,3.442171,1.834343,2.259381,5.720288,-5.097764,5.813460,0.775971,-2.928358,3.753356,12.649008,9.131975,2.744349,-0.238565,-4.969460,-5.286554,2.284105,0.302708,2.024998,-3.113109,-0.152984,-0.310337,-0.564168,-0.480525,-0.120003,-0.493611,-0.050293,0.137332,0.203578,0.117566,-0.070763,0.190426,-0.002015,0.166069,0.143781,0.135214,-0.036423,0.118027
-0.425124,-2.356195,0.929920,-0.007684,0.075102,0.767523,0.636560,3.516132,-0.861950,-0.251081,0.099519,-0.258560,-1.792744,0.165039,-0.860497,-0.421366,0.030683,0.031077,-0.406147,0.462655,0.055621,-0.008658,0.589093,-0.452246,1.167121,0.966112,-0.552190,-0.078743,-0.172500,-0.170497,-0.223773,0.121537,0.042645,-0.015653,-6.968559,0.209033,3.943161,2.303818,2.053126,6.079006,-5.955121,3.369380,0.319918,-3.641413,3.975634,12.316028,8.846419,1.646128,0.516292,-5.347435,-8.426547,3.656069,0.195807,1.990002,1.971257,-0.105838,-0.308184,-0.578934,-0.420401,-0.086255,-0.566406,-0.076676,0.124822,0.201684,0.123839,-0.055566,0.188432,-0.035151,0.159690,0.140103,0.132103,-0.022669,0.113721
-0.421612,-2.287520,0.919808,-0.011290,0.074332,0.755648,0.650648,3.401404,-0.710796,-0.049703,-0.216145,0.124238,-1.849433,-0.009711,-0.820166,-0.343735,0.058054,0.072894,-0.275588,0.320434,0.066662,-0.007678,0.564503,-0.360034,1.383263,1.041767,-0.502573,-0.059484,-0.237433,-0.254321,-0.161342,0.126875,0.061341,0.015038,-8.737489,2.016551,3.881550,1.368569,2.090846,6.527950,-7.111051,0.552051,0.048992,-1.229486,4.610611,10.807112,3.782778,2.480875,0.962915,-3.246662,-4.191192,3.121557,0.266906,0.934768,1.534578,-0.032317,-0.293248,-0.602353,-0.346824,-0.080370,-0.626168,-0.090564,0.116122,0.199030,0.124071,-0.051867,0.187187,-0.054327,0.152187,0.134855,0.127426,-0.022133,0.110788
-0.420166,-2.219665,0.913667,-0.012138,0.077592,0.743846,0.663720,3.372227,-0.464782,0.149176,0.266826,0.195764,-1.753468,-0.195798,-0.742733,-0.273552,0.036548,0.111405,-0.124554,0.146448,0.054833,0.003513,0.533691,-0.305300,1.546701,1.069394,-0.433119,-0.028800,-0.274434,-0.356602,-0.116794,0.142862,0.092778,-0.011432,-9.304369,3.871642,3.509161,-1.075303,1.925551,7.551709,-8.699321,-0.591446,0.559533,-1.540613,2.736663,8.171915,1.381344,3.472705,1.534231,-1.850058,-5.114048,2.227400,0.799351,1.571880,-1.323518,0.071365,-0.266394,-0.620585,-0.244234,-0.089596,-0.684632,-0.100565,0.109710,0.195747,0.121790,-0.052076,0.186647,-0.069712,0.144620,0.128207,0.121485,-0.024437,0.109393
-0.420427,-2.150901,0.911989,-0.009201,0.082178,0.735845,0.672082,3.407200,-0.281901,0.374322,0.592815,0.038722,-1.128649,-0.377284,-0.635141,-0.210118,-0.014962,0.132627,0.037233,-0.019699,0.033422,0.027915,0.524676,-0.314172,1.658379,1.066515,-0.352606,-0.009557,-0.320916,-0.463758,-0.127786,0.140548,0.112913,-0.022156,-9.074311,5.379580,3.171684,-2.575521,1.061113,8.089367,-8.307313,-1.070576,1.220132,-0.450749,-0.443593,5.583882,-0.143951,4.025651,0.962117,-2.324090,-5.357825,-0.549577,-0.115700,1.006738,-0.536200,0.192291,-0.224466,-0.620892,-0.141676,-0.107974,-0.719024,-0.106852,0.104141,0.192478,0.122400,-0.051457,0.186770,-0.080012,0.135262,0.121461,0.122353,-0.023076,0.109785
-0.416856,-2.080957,0.911737,-0.009463,0.086180,0.727716,0.680377,3.445775,-0.385961,0.489770,0.333946,0.228064,-1.158499,-0.554229,-0.515199,-0.130125,-0.035020,0.156751,0.178882,-0.164409,0.018320,0.052188,0.573604,-0.338139,1.715013,1.021613,-0.281148,0.042038,-0.358061,-0.535918,-0.185198,0.099266,0.145044,-0.028219,-8.847253,5.997122,3.999635,-1.002900,1.206205,7.082464,-7.235520,-0.755081,1.213641,2.446424,-1.198319,2.831686,-2.245130,3.572896,2.579795,-1.857234,-3.607967,-2.870605,-2.064134,1.606532,-0.303154,0.305008,-0.170813,-0.600538,-0.064977,-0.123755,-0.727557,-0.111099,0.105593,0.190477,0.126772,-0.053403,0.187491,-0.089037,0.133772,0.116642,0.132175,-0.022751,0.111574
-0.413145,-2.009684,0.915218,-0.011524,0.090760,0.713275,0.694888,3.494038,-0.227957,0.709978,0.310024,0.347437,-2.057661,-0.712053,-0.379992,-0.011160,-0.017979,0.179633,0.288756,-0.275367,0.019916,0.097810,0.639479,-0.411487,1.713439,0.931970,-0.235617,0.100135,-0.389677,-0.572006,-0.241648,0.038614,0.175346,-0.020796,-7.891158,6.760349,5.948256,0.852077,1.144098,5.493682,-5.547919,0.079797,2.281101,3.293748,-3.667445,-0.078699,-4.482118,2.276554,2.904847,-1.580812,-1.804432,-2.822539,-3.032585,1.515106,0.371165,0.396245,-0.108156,-0.569144,-0.012774,-0.137689,-0.724251,-0.109183,0.114964,0.189995,0.130146,-0.062742,0.188775,-0.090281,0.141332,0.114632,0.143916,-0.031638,0.114108
-0.407942,-1.935170,0.923591,-0.013279,0.093080,0.694806,0.713025,3.623506,-0.085023,0.993397,0.217331,0.132164,-2.593705,-0.824844,-0.223186,0.143338,0.014639,0.190970,0.351262,-0.322701,0.021560,0.148527,0.731532,-0.517652,1.643405,0.790724,-0.227847,0.151430,-0.391093,-0.541256,-0.280934,-0.056833,0.192341,-0.002086,-5.639549,7.840284,7.724888,1.630914,0.566832,3.125293,-2.366680,0.082204,2.535818,4.602629,-5.308211,-3.501680,-7.062315,0.388482,2.564713,-0.070773,1.537540,-1.964253,-4.772328,0.849757,0.935476,0.459200,-0.036798,-0.540896,-0.006788,-0.155156,-0.713665,-0.096194,0.132346,0.190790,0.130209,-0.083644,0.190648,-0.076993,0.158472,0.115417,0.155528,-0.057391,0.117149
-0.403396,-1.856955,0.938145,-0.006800,0.089602,0.676399,0.731034,3.776394,0.187835,1.256574,0.417293,-0.856672,-2.501859,-0.872379,-0.038268,0.285113,0.058768,0.178248,0.423008,-0.339466,0.037082,0.213334,0.838807,-0.627956,1.520138,0.618781,-0.215844,0.206021,-0.396724,-0.445833,-0.326282,-0.140942,0.234704,0.043261,-2.376749,9.245926,7.088781,2.206401,-0.636091,3.587306,-0.838267,0.776084,3.240374,5.363744,-5.515232,-6.163360,-8.597167,0.600143,2.729549,-0.281558,4.771129,-2.267430,-4.205472,2.118141,2.267377,0.487314,0.051608,-0.533409,-0.021062,-0.172634,-0.698978,-0.076436,0.150622,0.191835,0.123053,-0.108212,0.193589,-0.056219,0.176226,0.116549,0.158581,-0.089254,0.122100
-0.397820,-1.777919,0.955074,0.001339,0.090016,0.657875,0.747727,3.809309,0.358867,1.330876,0.806441,-0.663049,-2.401220,-0.883463,0.127744,0.423251,0.068010,0.132565,0.464094,-0.321620,0.041781,0.265404,0.933223,-0.745754,1.351982,0.438862,-0.210175,0.247988,-0.374904,-0.286526,-0.351976,-0.214273,0.241692,0.109009,-0.554199,8.300567,6.906871,0.462103,-2.284126,2.054288,0.892330,0.234944,2.603517,4.720814,-5.889863,-8.407814,-8.995925,0.283460,2.098381,1.090975,7.965332,-1.284704,-3.666548,0.349424,3.287381,0.498659,0.131987,-0.525699,-0.050481,-0.192064,-0.682047,-0.050627,0.165392,0.192929,0.107376,-0.133649,0.196355,-0.027911,0.190225,0.118099,0.149906,-0.125414,0.126673
-0.391706,-1.698661,0.970758,0.011983,0.092831,0.637767,0.764521,3.825719,0.547732,1.215146,1.169132,-0.648681,-2.501230,-0.861477,0.264674,0.550250,0.086570,0.071712,0.507125,-0.296051,0.065186,0.315446,1.007432,-0.856400,1.155637,0.283833,-0.213241,0.297364,-0.356225,-0.086959,-0.363178,-0.272051,0.239740,0.159976,1.099280,6.846484,6.349978,0.928008,-3.042683,2.151589,1.278451,1.170297,2.502065,3.710472,-5.532331,-9.817249,-7.751466,-0.153281,2.468766,0.933962,9.978362,-0.560066,-2.888887,-0.097624,2.548340,0.488674,0.195614,-0.530322,-0.075713,-0.202208,-0.666696,-0.025545,0.175920,0.194665,0.088145,-0.153648,0.198574,-0.000041,0.201029,0.120831,0.133573,-0.156098,0.130291
-0.385378,-1.619187,0.983202,0.022167,0.096326,0.616849,0.780851,3.838139,0.737857,1.000950,1.181995,-0.550367,-2.542720,-0.816954,0.369297,0.667124,0.079438,0.010632,0.543320,-0.273601,0.058446,0.348358,1.075978,-0.970291,0.930179,0.171585,-0.205750,0.350499,-0.298355,0.109657,-0.376573,-0.319749,0.206354,0.160243,2.226158,5.231180,5.843687,-0.356604,-3.053970,1.809725,1.122464,-0.337036,1.645636,3.427276,-5.694557,-11.272853,-5.612366,0.374536,2.656780,2.893499,9.830832,-0.669778,-2.384914,-1.669258,0.013362,0.471450,0.246323,-0.537475,-0.098360,-0.219652,-0.648785,-0.007516,0.182579,0.196538,0.072448,-0.166735,0.200813,0.019517,0.209561,0.123919,0.119064,-0.178054,0.134247
-0.377199,-1.539864,0.989503,0.027934,0.096292,0.597909,0.795269,3.864411,0.787736,0.665521,0.602802,-0.530057,-2.309015,-0.763645,0.445160,0.765873,0.074628,-0.038942,0.581657,-0.261400,0.013196,0.334513,1.149786,-1.069692,0.701150,0.112006,-0.179451,0.399581,-0.206734,0.246410,-0.393627,-0.366402,0.145587,0.126132,2.665435,3.793139,4.937473,-0.240460,-2.478714,1.916868,0.610073,-2.262486,-0.692255,3.690417,-4.970019,-11.451492,-2.978965,1.314969,2.454075,4.581038,6.837636,-0.852699,-2.332660,-3.038345,-1.705557,0.449249,0.282561,-0.548562,-0.122609,-0.235895,-0.626759,-0.000287,0.187087,0.198103,0.064471,-0.174787,0.203382,0.026022,0.217441,0.126558,0.112062,-0.192939,0.139055
-0.368767,-1.461250,0.992635,0.025978,0.087672,0.585572,0.805447,3.834342,0.856626,0.465421,-0.566488,-0.709194,-1.583529,-0.702000,0.507170,0.826436,0.079240,-0.055015,0.640802,-0.256532,-0.078651,0.287812,1.219106,-1.134125,0.490785,0.133280,-0.092430,0.431425,-0.123542,0.169837,-0.423734,-0.410899,0.077789,0.090814,3.082266,3.100531,3.028149,0.230562,-0.803639,2.957237,0.243382,-4.592375,-2.335074,3.466002,-3.221657,-10.518229,1.063689,4.351027,1.592212,4.159599,-3.828656,-1.505351,-2.224838,-3.389944,-1.765885,0.418512,0.312433,-0.565719,-0.147222,-0.254579,-0.601419,-0.014634,0.188983,0.198301,0.071540,-0.176738,0.206648,0.003960,0.223167,0.126065,0.121980,-0.197519,0.145360
-0.362058,-1.383934,0.990214,0.025057,0.082034,0.576543,0.812552,3.758492,0.961647,0.143427,-0.332200,-0.495884,-1.135176,-0.655395,0.561860,0.859479,0.083146,-0.064128,0.710768,-0.235239,-0.166565,0.257958,1.252478,-1.181354,0.351007,0.157523,0.009900,0.433189,-0.087014,0.134000,-0.449604,-0.435961,0.053116,0.134576,2.330237,2.734469,1.652155,0.195318,-0.455651,3.498291,1.064686,-4.395656,-1.492715,1.668598,-2.361451,-6.988882,1.212181,5.116475,0.088223,1.826394,-1.791857,-1.293484,-1.253091,-1.233631,2.188068,0.391571,0.340489,-0.575953,-0.170419,-0.273792,-0.580245,-0.030853,0.187024,0.197921,0.078555,-0.176499,0.209015,-0.021217,0.221560,0.124120,0.131345,-0.197645,0.149868
-0.354736,-1.306728,0.983251,0.023251,0.076880,0.576029,0.813474,3.784576,0.908598,-0.092219,-0.435789,-0.327331,-0.096526,-0.629725,0.602724,0.856667,0.089287,-0.058442,0.754968,-0.152023,-0.216777,0.204012,1.263028,-1.174029,0.298570,0.191316,0.115046,0.363528,-0.093590,0.134882,-0.488772,-0.438985,0.071450,0.177172,1.283480,2.043216,-0.140606,0.307029,0.284287,2.210006,4.160769,-2.510619,-2.697288,0.527506,0.366270,-2.621847,1.689607,5.257310,-3.483081,-0.328760,0.044106,-1.958398,-0.151188,0.916677,2.129838,0.371406,0.362644,-0.580520,-0.217065,-0.270679,-0.559365,-0.047861,0.177013,0.195466,0.088325,-0.172709,0.211111,-0.046840,0.205330,0.118463,0.144136,-0.191017,0.153820
-0.347751,-1.230357,0.972739,0.019140,0.068167,0.584325,0.808425,3.771308,0.820965,-0.287983,-0.886342,-0.408929,0.953687,-0.620471,0.616795,0.817570,0.103613,-0.025714,0.747429,-0.029685,-0.216569,0.143154,1.242134,-1.118059,0.321741,0.275539,0.179344,0.256339,-0.100191,0.113870,-0.516093,-0.414466,0.078762,0.198845,0.462703,0.703562,-1.954846,0.716297,1.636427,-0.376940,6.116921,0.010393,-3.042900,-1.044720,2.798496,1.158508,4.211191,3.214912,-5.359453,-0.330048,-1.050584,-1.366039,1.225921,0.365638,1.083637,0.357821,0.370377,-0.586144,-0.272711,-0.249629,-0.540838,-0.066972,0.160071,0.192525,0.104704,-0.161274,0.211440,-0.071168,0.178950,0.112786,0.162988,-0.172096,0.154712
-0.341430,-1.154221,0.960456,0.017309,0.058138,0.598136,0.799096,3.778808,0.719415,-0.414246,-0.803106,-0.608446,1.666427,-0.598139,0.598686,0.774062,0.096249,0.008170,0.629044,0.150107,-0.231143,0.068656,1.216300,-1.008040,0.366773,0.413634,0.122161,0.135844,-0.086503,0.086047,-0.520774,-0.374617,0.060811,0.192055,1.116598,-0.905485,-2.175398,-0.368179,1.694186,-5.919285,8.989602,-0.728678,-3.724905,-1.291684,5.500944,2.251618,6.904735,-2.859142,-6.024728,0.684402,-1.391187,-0.234061,1.992447,-0.897571,-0.339485,0.345122,0.365565,-0.597698,-0.349631,-0.228893,-0.496508,-0.077547,0.141229,0.188396,0.125137,-0.141513,0.209979,-0.076117,0.152692,0.107163,0.183643,-0.141464,0.152453
-0.335291,-1.078645,0.945905,0.017722,0.049921,0.616606,0.785487,3.780271,0.541185,-0.565287,-0.515380,-0.564661,2.300877,-0.561936,0.538093,0.713023,0.066280,0.033541,0.421934,0.311893,-0.291926,-0.017513,1.150707,-0.872077,0.405129,0.604048,-0.027536,0.055753,-0.007633,0.066141,-0.474956,-0.290658,0.033142,0.132822,1.810191,-3.029623,-3.051980,-1.498454,1.268564,-10.355478,8.089301,-3.039158,-4.308411,-3.279657,6.798111,1.917816,9.520688,-7.484878,-4.004556,3.943475,-0.995304,2.290900,4.197957,-1.383421,-2.961674,0.333193,0.343361,-0.616750,-0.409226,-0.224357,-0.454988,-0.084014,0.127353,0.186312,0.142014,-0.111622,0.204321,-0.071662,0.141029,0.106358,0.194159,-0.097657,0.142530
-0.326671,-1.008207,0.929508,0.015200,0.047068,0.641583,0.765457,3.581615,0.129541,-0.645630,-0.431646,0.104985,3.183655,-0.583742,0.419592,0.603335,0.026584,0.051700,0.211926,0.410969,-0.344480,-0.120883,1.035730,-0.757688,0.594812,0.846583,-0.177049,0.016937,-0.149837,0.022667,-0.410010,-0.160156,-0.062069,0.038896,-1.090319,-5.925052,-5.484394,-1.984817,0.907918,-10.500385,4.953778,-2.627732,-5.168523,-5.748847,5.719479,9.484145,12.126756,-7.475604,-1.940778,-7.110181,-2.173684,3.247286,6.525115,-4.760582,-4.696322,0.355767,0.293533,-0.621913,-0.438496,-0.219591,-0.452213,-0.097464,0.113276,0.187611,0.151121,-0.071388,0.197401,-0.076726,0.133577,0.110865,0.189509,-0.043449,0.130482
-0.316089,-0.943232,0.916432,0.012911,0.051099,0.660468,0.749002,3.322201,-0.166226,-0.444198,0.062069,0.571697,2.463882,-0.622486,0.254792,0.478994,-0.015830,0.031069,0.026834,0.454921,-0.355570,-0.202907,0.887091,-0.679874,0.798189,1.115494,-0.298400,0.028576,-0.288208,-0.042653,-0.374877,0.023532,-0.114506,-0.037461,-1.937221,-8.239997,-6.217073,-2.120673,-1.031546,-9.254587,2.197587,-0.554471,-4.101203,-7.431940,3.890694,10.168828,13.445569,-6.067597,0.581949,-6.918543,-3.265979,1.756633,9.184381,-2.621834,-3.817819,0.390717,0.215619,-0.618088,-0.442958,-0.214312,-0.483624,-0.118318,0.095685,0.190881,0.146074,-0.024968,0.193264,-0.098114,0.127060,0.117808,0.162112,0.014973,0.123409
-0.302683,-0.881361,0.910971,0.014248,0.058195,0.673727,0.736547,3.150797,-0.407376,-0.023103,0.551675,0.526614,1.789774,-0.559044,0.054910,0.347352,-0.042751,0.008535,-0.170719,0.485366,-0.382435,-0.234049,0.759852,-0.638505,0.818333,1.357933,-0.381938,0.089097,-0.391533,-0.080541,-0.378939,0.187592,-0.127254,-0.079846,3.172100,-9.994127,-6.582089,-1.346031,-1.126684,-9.877687,1.522282,-1.343257,-1.557121,-6.361988,2.068444,1.007228,12.121905,-4.176863,3.026042,-5.166269,-1.894419,-0.203086,8.203008,-0.637429,-2.119264,0.363805,0.111323,-0.646474,-0.440720,-0.233704,-0.505265,-0.141016,0.074844,0.194783,0.130978,0.012859,0.193824,-0.130178,0.116063,0.124671,0.124030,0.056789,0.124874
-0.288852,-0.819690,0.906476,0.012247,0.061082,0.686321,0.724625,3.122657,-0.531938,0.053635,0.027481,0.440018,1.705565,-0.477830,-0.160840,0.196767,-0.025381,0.022248,-0.356839,0.511406,-0.386153,-0.237334,0.656993,-0.666302,0.806056,1.552178,-0.435247,0.141733,-0.488435,-0.099927,-0.373637,0.251613,-0.132801,-0.091138,4.060717,-10.787492,-7.529235,0.868498,0.685649,-9.305989,1.301993,-0.185894,-0.164232,-5.142920,-1.389851,-0.613889,9.712292,-2.665448,2.631795,-4.845122,-0.969301,0.265085,3.201049,-0.277307,-0.564596,0.302170,-0.004426,-0.669564,-0.437616,-0.248480,-0.520167,-0.157362,0.052232,0.198154,0.119583,0.036457,0.194483,-0.156903,0.098066,0.130101,0.099396,0.077127,0.126141
-0.274422,-0.759852,0.903934,0.009255,0.064471,0.693202,0.717795,3.013235,-0.614205,0.177703,0.005750,0.502369,0.942556,-0.399119,-0.391796,0.045096,-0.007237,0.035032,-0.553068,0.548394,-0.392106,-0.223459,0.611314,-0.752403,0.786241,1.702319,-0.457463,0.148057,-0.548308,-0.129809,-0.384120,0.190327,-0.134879,-0.077988,3.935530,-11.547806,-7.583566,0.907201,0.639186,-9.811424,1.849402,-0.297679,0.693769,-2.283944,-4.305034,-0.990703,7.507027,-1.110820,0.316174,-2.993623,-1.494075,-0.524150,-3.064305,-0.103937,0.657487,0.229700,-0.121777,-0.664413,-0.445143,-0.261578,-0.513146,-0.164041,0.030407,0.199370,0.118550,0.056758,0.194054,-0.170052,0.076882,0.132019,0.096984,0.096030,0.125316
-0.260074,-0.698430,0.902735,0.006325,0.068174,0.698059,0.712760,3.075564,-0.641679,0.281269,0.032842,0.506950,0.676915,-0.310871,-0.610233,-0.104408,0.012247,0.021002,-0.756119,0.593744,-0.401289,-0.205622,0.629170,-0.862779,0.755414,1.793626,-0.477121,0.118770,-0.615894,-0.172115,-0.402517,0.067526,-0.125544,-0.059038,4.412433,-10.921857,-7.475173,0.974159,-0.701502,-10.152581,2.267484,-0.459146,0.891814,0.892793,-5.518807,-1.541358,4.565341,-0.982879,-1.464317,-3.379324,-2.115320,-0.919847,-6.140060,0.466781,0.947521,0.149584,-0.221631,-0.636735,-0.463444,-0.269074,-0.485132,-0.163389,0.017927,0.199754,0.124144,0.073516,0.194255,-0.170372,0.064814,0.132783,0.107677,0.115238,0.125550
-0.242584,-0.632719,0.907757,0.007750,0.071074,0.703822,0.706769,3.249118,-0.811093,0.638657,0.278374,0.149020,0.837456,-0.179741,-0.777480,-0.268864,0.050028,-0.054465,-0.907551,0.630240,-0.399647,-0.200243,0.680671,-0.972427,0.638900,1.811907,-0.513802,0.079625,-0.621602,-0.228167,-0.420306,-0.039809,-0.122888,-0.063416,6.556512,-8.362310,-8.222800,1.889068,-3.773356,-7.571597,1.824785,0.082102,0.268975,2.575033,-5.482425,-5.825704,0.914086,-1.834055,-1.957262,-0.285359,-2.802613,-0.889412,-5.366705,0.132788,-0.218898,0.056785,-0.282846,-0.609096,-0.481160,-0.263471,-0.454610,-0.160123,0.019446,0.201007,0.132573,0.081156,0.195758,-0.164802,0.068818,0.135641,0.122934,0.126570,0.128105
-0.222860,-0.562523,0.920505,0.013924,0.071097,0.704980,0.705517,3.442847,-0.882957,1.031890,0.430431,-0.424294,0.210332,-0.001475,-0.882220,-0.415863,0.088575,-0.143165,-1.005458,0.674787,-0.409191,-0.202241,0.757108,-1.061782,0.455530,1.757339,-0.576807,0.037972,-0.547133,-0.267507,-0.444679,-0.111710,-0.109319,-0.093665,8.913295,-5.237002,-7.349978,1.927330,-4.434984,-4.895333,2.227370,-0.477198,-0.099912,3.821864,-4.467742,-9.168511,-2.728428,-3.150288,-2.082656,3.723411,-1.967008,-1.218677,-3.595062,0.678458,-1.512473,-0.040498,-0.311554,-0.584878,-0.500507,-0.257944,-0.411788,-0.154714,0.034914,0.204038,0.143130,0.078067,0.198001,-0.154121,0.088821,0.142183,0.140717,0.126902,0.132111
-0.201702,-0.490485,0.935813,0.018890,0.068204,0.704233,0.706433,3.538441,-0.929244,1.137702,0.149490,-0.563892,-0.080836,0.156834,-0.936513,-0.545394,0.132899,-0.240373,-1.070545,0.725039,-0.395734,-0.239472,0.848146,-1.113095,0.289481,1.647440,-0.653107,-0.003444,-0.405174,-0.277340,-0.477778,-0.145904,-0.135124,-0.142672,7.915448,-2.714656,-6.476515,2.216218,-4.860377,-3.254378,2.512585,0.672841,-1.861524,4.551902,-2.565650,-8.302437,-5.494935,-3.814951,-2.070817,7.097981,-0.491639,-1.654964,-1.709721,-1.290257,-2.450320,-0.116519,-0.317375,-0.565933,-0.519651,-0.228631,-0.368336,-0.144856,0.058760,0.208423,0.153532,0.065719,0.200352,-0.136070,0.117049,0.151348,0.158972,0.116997,0.136529
-0.177712,-0.417431,0.952190,0.020240,0.063951,0.699114,0.711857,3.610915,-1.014865,1.176013,-0.185977,-0.444071,-0.725710,0.273417,-0.952353,-0.643239,0.168977,-0.292386,-1.124102,0.765511,-0.365988,-0.292853,0.933153,-1.135000,0.178693,1.495020,-0.740647,-0.039085,-0.213138,-0.268595,-0.502497,-0.168908,-0.140867,-0.156943,5.829131,-0.791995,-4.892286,1.803919,-2.600667,-2.677811,2.023620,1.487342,-2.669077,4.250347,-1.095247,-5.539410,-7.621024,-4.377020,-1.782057,9.601759,0.437255,-1.235917,-1.150208,-0.287157,-0.713574,-0.168803,-0.309933,-0.556456,-0.531244,-0.187043,-0.334070,-0.128337,0.086747,0.214249,0.163865,0.044113,0.202191,-0.108858,0.147723,0.162918,0.178701,0.095492,0.139962
-0.151938,-0.343407,0.967407,0.020576,0.058430,0.691723,0.719501,3.697400,-1.039494,1.089611,-0.340568,-0.477265,-1.044904,0.376536,-0.945442,-0.711143,0.193067,-0.251516,-1.172220,0.797884,-0.337210,-0.309547,0.996929,-1.156529,0.085485,1.306248,-0.843843,-0.058066,-0.006047,-0.244443,-0.516888,-0.190905,-0.120745,-0.122652,5.155958,0.345538,-3.395186,1.204505,2.043500,-2.405912,1.618671,1.438882,-0.834693,3.188801,-1.076418,-4.660384,-9.438582,-5.159813,-0.949020,10.354564,1.207605,-0.719555,-1.099814,1.006105,1.714539,-0.215518,-0.296219,-0.550015,-0.536930,-0.160357,-0.303260,-0.103652,0.115768,0.222091,0.171538,0.013525,0.203533,-0.071545,0.176727,0.177532,0.197173,0.061841,0.142373
-0.125753,-0.269547,0.977801,0.019952,0.054729,0.680519,0.730411,3.740646,-0.975253,0.823885,-0.273085,-0.303823,-1.554166,0.462931,-0.933948,-0.748998,0.193931,-0.156064,-1.202311,0.795923,-0.313957,-0.273162,1.032366,-1.169567,0.020240,1.097312,-0.937375,-0.037113,0.151244,-0.192372,-0.513691,-0.203186,-0.078996,-0.058329,4.319720,0.574688,-1.892755,0.043183,4.772599,-1.504563,-0.098053,1.162652,1.819250,1.771857,-0.651906,-3.262284,-10.446802,-4.676589,1.047648,7.864578,2.603552,0.159819,-0.614056,2.087459,3.216181,-0.252815,-0.286806,-0.540082,-0.535941,-0.157592,-0.290032,-0.073987,0.141010,0.230257,0.171607,-0.023210,0.203683,-0.030008,0.198821,0.192099,0.206965,0.018451,0.142475
-0.098970,-0.196722,0.983500,0.022647,0.056084,0.668627,0.741134,3.736331,-0.911088,0.585598,0.319663,-0.167297,-1.585642,0.527270,-0.906989,-0.768404,0.165593,-0.072992,-1.217408,0.759152,-0.324378,-0.216802,1.044583,-1.172959,0.025353,0.887808,-0.999027,0.017215,0.169478,-0.134550,-0.484226,-0.214305,-0.082618,0.008672,3.216959,1.347961,-0.970282,-1.416909,4.153596,-0.754865,-1.838552,-0.521051,2.817999,0.610835,-0.169596,0.255688,-10.475185,-3.082582,2.716410,0.911702,2.891105,1.473272,-0.555955,-0.181132,3.350049,-0.276917,-0.277755,-0.535518,-0.528414,-0.179372,-0.297942,-0.042844,0.159663,0.236660,0.162331,-0.061727,0.202402,0.011472,0.211378,0.203380,0.205470,-0.030609,0.139928
-0.070691,-0.126387,0.985574,0.025179,0.060194,0.655625,0.752263,3.661790,-0.889361,0.421876,0.498983,0.047242,-1.702284,0.574767,-0.867043,-0.767129,0.110732,-0.021807,-1.211191,0.671350,-0.378803,-0.187571,1.027311,-1.143345,0.068331,0.694832,-1.018897,0.100434,0.129132,-0.078932,-0.433120,-0.210267,-0.110874,0.053102,2.374869,1.997279,0.063758,-2.743043,2.559249,0.310862,-4.390118,-2.721253,1.461561,-0.863583,1.480657,2.148891,-9.648804,-0.993519,4.160916,-2.017324,2.780875,2.555315,0.201889,-1.412762,2.221515,-0.290858,-0.269643,-0.535630,-0.508015,-0.214038,-0.340229,-0.014605,0.172457,0.240171,0.143565,-0.095406,0.199740,0.046340,0.218011,0.209466,0.189814,-0.075924,0.134827
-0.041470,-0.056337,0.985099,0.031274,0.065841,0.640260,0.764692,3.696033,-0.803714,0.309925,0.879482,-0.085318,-1.948369,0.606716,-0.813956,-0.743851,0.051976,0.004316,-1.161987,0.557819,-0.384477,-0.176857,0.980473,-1.084323,0.135350,0.533257,-0.983927,0.190404,0.090016,-0.041288,-0.379317,-0.207256,-0.153434,0.061903,1.597454,2.654357,1.163873,-2.937786,1.306171,2.460200,-5.676550,-0.283691,0.535674,-2.341900,2.951102,3.350930,-8.078763,1.748519,4.498542,-1.955771,1.882215,2.690159,0.150532,-2.128031,0.440004,-0.300365,-0.256983,-0.541548,-0.477381,-0.225642,-0.406894,0.006863,0.180314,0.239067,0.121554,-0.120539,0.197262,0.070365,0.221436,0.207307,0.167704,-0.111593,0.130013
-0.010873,0.013853,0.981580,0.040239,0.070346,0.621288,0.779380,3.762769,-0.710506,0.157232,1.046396,-0.383629,-2.345309,0.614719,-0.750722,-0.698036,0.004089,0.009285,-1.076974,0.432211,-0.318969,-0.203990,0.915025,-1.006138,0.236310,0.427978,-0.917718,0.257560,0.078655,-0.053845,-0.321727,-0.200211,-0.185337,0.035055,0.400146,3.161725,2.290747,-2.394381,0.248413,4.250647,-6.280422,3.275402,-1.356622,-3.272435,3.909267,5.047992,-5.263952,3.310410,3.357787,-0.568098,-0.627826,2.879460,0.352284,-1.595120,-1.342369,-0.304099,-0.237766,-0.555463,-0.432436,-0.195395,-0.491422,0.018159,0.184363,0.234933,0.102418,-0.135220,0.194844,0.081083,0.223557,0.199767,0.145758,-0.133442,0.125197
0.020123,0.083518,0.972928,0.052845,0.077332,0.594788,0.798408,3.797679,-0.536366,-0.109670,1.516901,-0.486003,-3.184705,0.585388,-0.696506,-0.618361,-0.040529,-0.007411,-0.976500,0.332176,-0.200745,-0.266360,0.845762,-0.917457,0.397964,0.386206,-0.841315,0.286727,0.059265,-0.044961,-0.275937,-0.207823,-0.180208,-0.006042,-1.466541,2.710760,3.983765,-2.230893,-0.834793,5.023715,-5.001706,5.911198,-3.118506,-3.463138,4.434072,8.082733,-2.088623,3.820156,1.458320,-0.969475,0.444178,2.289496,-0.380625,0.256411,-2.054868,-0.289947,-0.223903,-0.574841,-0.381483,-0.126641,-0.562066,0.018652,0.185666,0.229240,0.092385,-0.142418,0.193532,0.079076,0.224289,0.189372,0.133088,-0.144621,0.122323
0.050920,0.153791,0.960055,0.066889,0.080781,0.567759,0.816487,3.858626,-0.323362,-0.370905,1.430975,-0.861850,-3.132902,0.520577,-0.634979,-0.530702,-0.044096,-0.027004,-0.856781,0.233599,-0.053401,-0.316424,0.767422,-0.825319,0.629117,0.391338,-0.751646,0.296929,-0.011162,-0.018152,-0.236739,-0.219375,-0.137902,-0.019380,-3.240577,3.076362,4.382950,-0.178347,-0.979629,5.985925,-4.928875,7.367218,-2.503190,-3.916975,4.606871,11.557621,0.256610,4.483441,0.510112,-3.521366,1.340441,1.959941,-0.577566,2.115298,-0.666880,-0.268017,-0.199147,-0.604654,-0.318499,-0.044470,-0.614729,0.009704,0.185775,0.222378,0.089569,-0.144996,0.192735,0.065677,0.224481,0.176540,0.127939,-0.148645,0.120301
0.081028,0.221518,0.943167,0.076890,0.084766,0.540461,0.833550,3.748717,-0.154334,-0.608254,1.118412,-0.589433,-3.136149,0.419189,-0.607964,-0.433824,-0.007581,-0.002757,-0.731328,0.122919,0.079239,-0.281602,0.701274,-0.727042,0.908201,0.454126,-0.657980,0.304636,-0.117782,0.021625,-0.214999,-0.234655,-0.071038,-0.083735,-5.069393,1.350750,4.843880,1.825770,1.212361,6.272647,-5.533995,6.631952,1.741087,-3.307394,4.913875,13.954196,3.139427,4.683321,0.385347,-5.330979,1.988863,1.086967,-0.764017,3.343209,-3.217756,-0.232625,-0.187839,-0.629082,-0.251936,0.008277,-0.649090,-0.010688,0.184774,0.215830,0.096991,-0.141684,0.192635,0.038094,0.225386,0.163837,0.134303,-0.143915,0.119593
0.109944,0.287018,0.923430,0.078973,0.090116,0.510980,0.851200,3.634591,0.063283,-0.758715,0.545964,-0.055355,-3.430380,0.285664,-0.624621,-0.333800,0.044322,0.049030,-0.603524,-0.009762,0.163658,-0.247407,0.655396,-0.605412,1.200459,0.648148,-0.568028,0.312390,-0.224043,-0.169527,-0.213362,-0.249849,-0.007079,-0.242509,-6.676243,-0.832848,5.001206,2.595138,2.589326,6.390236,-6.634035,4.220960,1.709774,-2.293899,6.081495,14.612935,9.701103,4.497621,0.387699,-5.313054,-9.557604,0.081868,-0.759689,3.197956,-7.938724,-0.180271,-0.200029,-0.641411,-0.172790,0.039829,-0.676409,-0.054455,0.175964,0.210299,0.123245,-0.121648,0.193063,-0.018988,0.222430,0.152721,0.160351,-0.116868,0.120039
0.136229,0.347847,0.902337,0.078558,0.100055,0.483299,0.866164,3.370922,0.257874,-0.812657,0.550013,0.531910,-3.200127,0.101533,-0.654914,-0.229615,0.071316,0.068720,-0.471967,-0.169107,0.178200,-0.206117,0.603586,-0.516113,1.481330,0.852815,-0.488423,0.313809,-0.294820,-0.333590,-0.201872,-0.264206,0.033283,-0.234804,-9.206566,-1.514642,5.209250,1.349700,0.984481,6.577828,-7.967265,0.727114,2.064476,-2.590526,4.464950,14.043527,10.233337,3.980237,0.070953,-3.538847,-8.203151,0.574479,-0.717874,2.018105,0.385291,-0.092901,-0.224658,-0.647026,-0.069066,0.034989,-0.704558,-0.095442,0.156115,0.205849,0.145643,-0.096039,0.193259,-0.073781,0.205135,0.143720,0.180885,-0.084873,0.120008
0.163420,0.406290,0.886645,0.072239,0.109176,0.452934,0.881880,3.249557,0.450485,-0.490277,-0.002691,0.705483,-3.513227,-0.126597,-0.634344,-0.128574,0.039063,0.110397,-0.297623,-0.346807,0.131083,-0.167939,0.578721,-0.426839,1.712826,0.937995,-0.395878,0.292181,-0.335593,-0.430024,-0.213381,-0.253966,0.028763,-0.241307,-11.406483,1.028495,5.052066,-1.612677,2.083893,8.717188,-8.885006,-2.355833,1.908889,-1.243238,4.463691,11.574784,4.258988,4.627234,-1.081387,-2.038679,-4.821680,-0.575438,0.511987,-0.225983,-0.325156,0.038113,-0.228936,-0.650886,0.046769,-0.000363,-0.717362,-0.113449,0.139131,0.200626,0.153198,-0.081590,0.193194,-0.098964,0.184091,0.133537,0.187205,-0.066275,0.120110
0.191711,0.466363,0.876711,0.068986,0.120164,0.413287,0.899997,3.253833,0.809073,-0.165640,0.421603,0.652393,-4.432965,-0.357546,-0.573968,-0.014286,-0.030764,0.155031,-0.094210,-0.526304,0.096147,-0.087870,0.558438,-0.371755,1.875985,0.985704,-0.298847,0.275373,-0.380711,-0.553415,-0.230316,-0.238859,0.038761,-0.212285,-11.547472,3.018799,5.714412,-3.491345,2.231674,10.170648,-8.974840,-1.746803,4.003451,-1.014156,2.754217,8.157949,2.385438,4.851539,-0.840398,-2.255878,-6.169560,-0.846765,0.755379,0.499887,1.451074,0.186509,-0.214305,-0.629624,0.162962,-0.041654,-0.705967,-0.125352,0.124383,0.196334,0.156647,-0.071680,0.193143,-0.116263,0.163586,0.124830,0.189335,-0.052894,0.120268
0.222996,0.525835,0.871201,0.065201,0.130672,0.376092,0.915002,3.217928,0.997250,0.124497,0.362067,0.652284,-4.093948,-0.580897,-0.494570,0.098680,-0.054724,0.190639,0.099962,-0.679383,0.066496,0.001645,0.558287,-0.321804,1.979765,0.994371,-0.204780,0.279360,-0.432297,-0.636678,-0.262240,-0.240134,0.048866,-0.194136,-11.167513,3.969915,5.648289,-1.197992,1.780426,9.708636,-7.653936,-1.482550,4.475769,-0.007537,2.497529,5.189035,0.433381,4.703392,0.199327,-2.579313,-4.163134,-1.596201,-0.063781,0.505261,0.907486,0.316857,-0.184517,-0.584011,0.254479,-0.083058,-0.677560,-0.133199,0.114976,0.193834,0.159134,-0.067209,0.194058,-0.128851,0.148412,0.119032,0.192641,-0.045964,0.122238
0.260729,0.585988,0.871499,0.060642,0.137316,0.350246,0.924551,3.347455,1.060254,0.525463,0.072796,0.463729,-2.833117,-0.776377,-0.375376,0.209260,-0.009649,0.204727,0.275769,-0.793037,0.028598,0.090360,0.586150,-0.299989,2.014226,0.941409,-0.138761,0.292918,-0.468555,-0.687971,-0.323509,-0.271279,0.078890,-0.154523,-9.774036,5.959698,5.528996,2.253784,0.704366,8.790356,-5.682710,-1.894910,4.435749,1.393139,1.090741,1.723045,-2.648111,3.300934,0.677919,-1.812875,-2.564699,-3.063443,-1.557238,1.501187,1.980629,0.416712,-0.132587,-0.537185,0.311242,-0.129644,-0.647049,-0.132775,0.116694,0.193041,0.161389,-0.071478,0.197045,-0.130675,0.146207,0.116511,0.199660,-0.049234,0.127960
0.302289,0.647954,0.876041,0.057122,0.141389,0.330798,0.931300,3.447959,1.198662,0.802470,0.023898,0.271697,-2.111017,-0.941807,-0.232760,0.312979,0.062746,0.184967,0.429104,-0.882214,0.001010,0.155044,0.603973,-0.310024,1.981943,0.837809,-0.088888,0.312810,-0.474594,-0.704645,-0.369032,-0.305209,0.117863,-0.089231,-8.271461,7.130773,5.185930,3.619740,-0.988010,7.666743,-4.458848,-1.379389,3.234219,0.891133,-0.501741,-1.614138,-5.179979,2.493670,0.994592,-0.301972,-0.833653,-2.276122,-1.696498,1.948651,3.264591,0.493190,-0.068899,-0.487479,0.353994,-0.163803,-0.616313,-0.125447,0.126892,0.193134,0.158510,-0.085998,0.199967,-0.124292,0.154307,0.115808,0.202123,-0.066503,0.133258
0.349212,0.710535,0.887283,0.055806,0.140132,0.314575,0.937172,3.555664,1.251964,1.183705,0.026207,-0.264533,-1.711954,-1.050181,-0.067640,0.415015,0.107338,0.146867,0.552440,-0.919662,-0.017851,0.205144,0.641487,-0.346578,1.888914,0.684982,-0.052217,0.341494,-0.496391,-0.651723,-0.389152,-0.345842,0.152801,-0.009054,-5.418731,8.256001,5.101805,2.229609,-1.905000,6.166766,-1.872423,-0.943082,2.504975,1.875723,-1.827700,-4.651471,-7.641352,1.833529,1.434225,-1.089841,2.646101,-1.006018,-2.031665,1.746920,4.008863,0.546389,0.009359,-0.443949,0.362409,-0.189878,-0.602812,-0.109778,0.143989,0.193965,0.147447,-0.110687,0.202352,-0.108213,0.170647,0.116382,0.196031,-0.099069,0.137261
0.401419,0.773324,0.904087,0.057640,0.134925,0.299434,0.942768,3.683824,1.281644,1.470702,0.192569,-0.718883,-1.527266,-1.094563,0.106401,0.518957,0.139122,0.092213,0.653812,-0.909132,-0.015651,0.246694,0.687061,-0.401558,1.728834,0.493079,-0.026063,0.374677,-0.476330,-0.506648,-0.388518,-0.385029,0.183573,0.053515,-2.219079,8.702066,5.197134,1.589171,-2.732684,5.068607,0.526491,0.110002,2.077484,2.278708,-2.748976,-8.004017,-9.595181,1.307700,1.659117,1.003048,7.253708,0.031700,-1.959322,1.538591,3.128437,0.569622,0.094532,-0.421923,0.345429,-0.203089,-0.606967,-0.084491,0.163628,0.195245,0.125128,-0.140182,0.203956,-0.080994,0.191193,0.118042,0.176099,-0.140374,0.139659
0.456265,0.835646,0.923038,0.063713,0.131002,0.286197,0.947032,3.739549,1.324936,1.545409,0.610968,-0.690295,-1.257721,-1.087165,0.251689,0.605423,0.141510,0.020450,0.721102,-0.866336,-0.004390,0.266832,0.706731,-0.448535,1.529761,0.307343,-0.003651,0.411727,-0.460915,-0.278689,-0.418419,-0.416163,0.169309,0.115025,0.369894,7.264400,4.323263,0.119385,-3.588123,3.364530,2.139809,0.563058,1.006931,0.983488,-2.348858,-9.953624,-9.286773,1.120593,1.852521,0.770751,11.397971,-1.495050,-1.556693,-0.713188,3.075526,0.569967,0.170503,-0.418160,0.319798,-0.204298,-0.620949,-0.056344,0.178923,0.196886,0.100662,-0.162390,0.206646,-0.050387,0.207858,0.120339,0.153250,-0.173464,0.144646
0.511192,0.897679,0.939354,0.069993,0.127132,0.277867,0.949594,3.760247,1.357975,1.358169,0.577704,-0.628029,-0.747090,-1.055979,0.358392,0.673341,0.113286,-0.038437,0.816377,-0.812344,-0.006462,0.259759,0.719045,-0.495420,1.306956,0.179050,-0.053873,0.450027,-0.408506,-0.024278,-0.394604,-0.444383,0.141039,0.130426,1.559285,5.335176,3.395919,-1.411193,-2.944367,4.763733,2.699592,-0.103612,-0.353654,0.615668,-2.344281,-11.140277,-6.414680,-2.511083,1.915013,2.620466,12.720530,1.190737,-1.411000,-1.413534,0.770028,0.559881,0.232523,-0.420365,0.287759,-0.203627,-0.637844,-0.027951,0.189073,0.198913,0.076861,-0.177264,0.206934,-0.014645,0.221088,0.124547,0.126453,-0.198025,0.144950
0.566027,0.960282,0.950633,0.074139,0.123330,0.269428,0.952209,3.813671,1.401734,1.060163,0.378323,-0.565159,-0.789940,-1.004667,0.430270,0.742503,0.080432,-0.079862,0.852452,-0.754901,-0.027393,0.237601,0.759836,-0.558091,1.069555,0.130553,0.005583,0.466330,-0.337044,0.151781,-0.418269,-0.451347,0.082219,0.078731,2.565611,3.593875,3.458117,-1.642669,-2.071260,1.803752,2.872168,-1.046554,-1.107917,2.039574,-3.133533,-11.870014,-2.424817,2.972767,0.815119,3.573098,8.802958,-1.183224,-0.348220,-2.940987,-2.584764,0.542650,0.275319,-0.431949,0.242273,-0.208752,-0.653673,-0.025691,0.190818,0.199591,0.070625,-0.180800,0.208301,-0.015474,0.223995,0.125246,0.120860,-0.204762,0.148014
0.619553,1.022959,0.958768,0.070607,0.117183,0.276693,0.951170,3.819630,1.339327,0.874982,-0.578695,-0.423729,0.718841,-0.946819,0.497842,0.759307,0.029394,-0.063448,0.885473,-0.724990,-0.087706,0.240661,0.773323,-0.609690,0.839770,0.169388,0.016075,0.481888,-0.268667,0.066499,-0.435860,-0.446983,0.025905,0.064002,2.892422,3.378591,0.840174,-2.551939,0.820720,1.651063,1.495560,-3.015639,0.153027,0.674341,-2.579934,-11.489292,1.941724,0.524632,0.777900,3.418842,-4.264071,-0.879544,0.218188,-2.815713,-0.736416,0.516554,0.324655,-0.445349,0.217252,-0.239455,-0.655844,-0.034486,0.190837,0.200423,0.079335,-0.176988,0.208892,-0.026426,0.226375,0.126909,0.131650,-0.199030,0.149650
0.671507,1.084731,0.961328,0.064948,0.113616,0.290611,0.947849,3.816269,1.172330,0.604838,-0.768531,-0.047519,1.368433,-0.895017,0.530131,0.744491,-0.011198,-0.026327,0.871040,-0.689239,-0.131491,0.231320,0.766363,-0.636264,0.638753,0.250004,0.007659,0.485808,-0.219670,0.029125,-0.453593,-0.426592,0.011733,0.074591,2.590057,1.614470,-0.740804,-2.029588,1.856050,-0.721670,1.787541,-2.189236,-0.467072,-0.347997,-1.328701,-10.050841,4.030799,-0.420797,0.195996,2.449837,-1.868696,-0.886644,1.019570,-0.708567,0.529449,0.492915,0.352907,-0.460308,0.195298,-0.257419,-0.660195,-0.048901,0.188016,0.200622,0.094778,-0.167480,0.208770,-0.043121,0.225189,0.127704,0.149531,-0.183445,0.149783
0.722424,1.146342,0.959075,0.058858,0.110887,0.309519,0.942570,3.852578,0.996467,0.385495,-0.829122,0.105834,1.888267,-0.858879,0.535706,0.710130,-0.040097,0.021773,0.805909,-0.632105,-0.137399,0.205086,0.735982,-0.647975,0.520210,0.353857,-0.030868,0.473591,-0.235883,0.062120,-0.452713,-0.379889,0.032138,0.090196,1.806927,0.278722,-1.718058,-1.444935,2.404965,-3.256549,2.856686,-0.295394,-1.311699,-1.519057,-0.585540,-5.927150,5.192662,-1.926349,-0.610850,-0.810632,1.649713,0.043984,2.335149,1.020224,0.780217,0.477323,0.364256,-0.472596,0.171719,-0.251773,-0.672898,-0.063635,0.182423,0.200021,0.110406,-0.152588,0.206654,-0.058476,0.219828,0.127176,0.165356,-0.159210,0.146082
0.773390,1.207726,0.953322,0.051473,0.103768,0.336079,0.934684,3.924639,0.738124,0.221330,-1.158145,-0.192015,2.701070,-0.822382,0.518722,0.647983,-0.063759,0.090856,0.702607,-0.551606,-0.114326,0.172045,0.692634,-0.629656,0.480525,0.504632,-0.079910,0.455820,-0.268005,0.066200,-0.434216,-0.303063,0.073383,0.110238,1.824831,-0.849164,-3.107353,-1.183085,3.454153,-5.165075,4.024973,1.153632,-1.652047,-2.167394,0.915931,-1.984213,7.538724,-2.452095,-0.888518,-1.606099,0.204021,0.924864,3.841279,2.062264,1.002127,0.463648,0.363358,-0.489434,0.139749,-0.229868,-0.691406,-0.084592,0.172040,0.199398,0.127312,-0.128816,0.202750,-0.080846,0.209850,0.126675,0.178668,-0.122196,0.139103
0.824916,1.270066,0.943404,0.043524,0.093657,0.362666,0.926179,4.043117,0.501839,0.003400,-1.312533,-0.452553,2.730938,-0.773411,0.478747,0.565933,-0.068804,0.149723,0.595364,-0.461290,-0.067833,0.111506,0.635023,-0.568981,0.479222,0.684578,-0.126727,0.436516,-0.278708,0.063111,-0.409586,-0.194755,0.079514,0.098298,2.448562,-1.998747,-4.102461,-0.252250,2.943378,-5.362169,4.515810,2.324666,-3.026935,-2.880519,3.033748,-0.065187,8.997315,-2.340884,-0.965235,-0.535152,-0.154480,1.231482,5.415403,0.306553,-0.597009,0.445946,0.347631,-0.518797,0.104256,-0.187377,-0.711670,-0.108648,0.156053,0.198963,0.139838,-0.097514,0.198236,-0.107724,0.194759,0.126622,0.182561,-0.076574,0.131390
0.875126,1.331806,0.930143,0.036942,0.082992,0.382639,0.919421,4.014225,0.336435,-0.211653,-1.127126,-0.608407,2.065933,-0.728244,0.406062,0.484995,-0.088932,0.147207,0.470690,-0.366596,-0.089030,-0.002792,0.571393,-0.482083,0.496129,0.901314,-0.191476,0.405426,-0.174274,0.042002,-0.392877,-0.067163,0.109916,0.038576,2.258345,-3.634265,-4.046943,-1.006430,-0.125798,-6.233710,4.734674,-1.059848,-5.714914,-3.181537,4.344911,0.845374,10.836798,-3.237446,-1.554483,5.221694,-1.055414,0.835428,6.379607,1.520106,-2.986097,0.436462,0.315715,-0.544729,0.063280,-0.165597,-0.725637,-0.132543,0.132915,0.198618,0.146178,-0.059039,0.194909,-0.135571,0.174243,0.127801,0.174075,-0.024387,0.125965
0.925075,1.391795,0.914116,0.031868,0.073656,0.397315,0.914166,3.962463,0.150323,-0.390666,-0.895171,-0.575508,1.523532,-0.703065,0.315903,0.400927,-0.081755,0.073441,0.320020,-0.268651,-0.085388,-0.136676,0.498707,-0.416808,0.551266,1.145773,-0.253000,0.365410,-0.043642,-0.025071,-0.384619,0.035871,0.099565,-0.046952,1.258948,-4.507976,-4.203357,0.358848,-3.688293,-7.533488,4.897273,0.182081,-6.694214,-3.634298,3.263741,2.756836,12.222958,-3.076211,-2.000798,6.531600,-3.353687,0.412902,5.151692,-0.517549,-4.276391,0.432335,0.269619,-0.567557,0.026616,-0.128998,-0.736477,-0.154046,0.101629,0.198359,0.145881,-0.019130,0.193599,-0.163455,0.144703,0.129161,0.156712,0.023269,0.124193
0.973442,1.451005,0.902795,0.039693,0.073636,0.403650,0.911081,3.856680,0.147256,-0.194282,0.681605,-0.281240,0.739113,-0.699243,0.206555,0.322003,-0.109864,-0.075153,0.147384,-0.149503,-0.063926,-0.220088,0.416523,-0.409402,0.758601,1.394794,-0.328893,0.333167,-0.226378,-0.095313,-0.378411,0.083853,0.078218,-0.127311,0.191121,-5.467378,-3.946224,-1.405437,-7.429723,-8.631829,5.957400,1.073106,-4.170606,-4.109205,0.370313,10.366768,12.451042,-3.794650,-1.612132,-9.136803,-3.512066,0.310396,2.399131,-1.067385,-4.017986,0.444604,0.214957,-0.570513,-0.020580,-0.100536,-0.742598,-0.169135,0.068316,0.199482,0.141106,0.017121,0.193251,-0.182134,0.111852,0.131160,0.137639,0.060662,0.123793
1.018085,1.504502,0.896984,0.049447,0.081015,0.411794,0.906321,3.494649,0.060872,0.072105,1.168216,0.333195,0.940146,-0.668786,0.034252,0.227961,-0.157352,-0.189374,-0.048321,-0.025183,-0.062289,-0.217991,0.351941,-0.430435,0.851207,1.627201,-0.343719,0.297901,-0.332883,-0.137416,-0.395795,0.088216,0.080250,-0.183319,1.522830,-8.615165,-4.702114,-2.374386,-5.711063,-9.785242,6.215996,0.081876,0.104882,-3.229074,-1.051652,4.630281,11.620341,-0.741275,-1.763312,-5.325248,-2.105142,-0.869158,0.218138,0.101632,-2.800362,0.445442,0.121451,-0.578283,-0.080718,-0.104630,-0.741615,-0.176872,0.029471,0.198711,0.132619,0.050880,0.193962,-0.195184,0.069707,0.129588,0.118575,0.093461,0.125246
1.065688,1.555923,0.894174,0.050231,0.087647,0.425803,0.899159,3.488022,-0.198957,0.298998,0.303336,0.702020,1.524469,-0.583988,-0.173124,0.118069,-0.185019,-0.206315,-0.249035,0.105591,-0.085070,-0.179921,0.331322,-0.426134,0.851478,1.794752,-0.358636,0.257916,-0.429236,-0.150081,-0.416648,0.075053,0.084017,-0.208351,4.239889,-10.368789,-5.494589,-1.383341,-0.847015,-10.035684,6.538669,-1.139050,1.903468,-1.030950,0.215020,0.013536,8.377583,-0.745832,-1.999262,-4.817644,-0.633267,-1.042652,-0.658161,0.188328,-1.251636,0.401818,0.003608,-0.601266,-0.159276,-0.127716,-0.727726,-0.175725,0.002144,0.197930,0.122831,0.074785,0.194856,-0.196073,0.040218,0.128155,0.102277,0.116002,0.126952
1.115498,1.606699,0.893406,0.043830,0.088076,0.435461,0.894816,3.510031,-0.361416,0.445592,-0.596437,0.414842,1.004260,-0.476380,-0.379405,-0.000208,-0.167259,-0.162547,-0.423097,0.229637,-0.114472,-0.133466,0.356492,-0.411775,0.828378,1.894581,-0.345153,0.230897,-0.502127,-0.154713,-0.431701,0.038588,0.048964,-0.185643,5.380422,-10.314068,-5.913856,0.887981,2.188365,-8.703102,6.202326,-1.470128,2.322779,1.258471,0.717971,-1.155002,4.991438,0.674147,-1.350933,-3.644563,-0.231600,-0.752652,-1.823226,-1.752658,1.135407,0.320847,-0.110812,-0.619569,-0.243796,-0.153720,-0.697305,-0.172215,-0.015963,0.196573,0.117503,0.089659,0.195632,-0.192972,0.019372,0.125489,0.095567,0.131045,0.128265
1.165780,1.656025,0.893518,0.034949,0.088481,0.444129,0.890898,3.449173,-0.485879,0.520145,-0.814737,0.508252,0.883207,-0.369578,-0.582155,-0.125652,-0.138067,-0.125139,-0.560477,0.330085,-0.143099,-0.104575,0.432155,-0.453553,0.793937,1.941948,-0.319397,0.200785,-0.567204,-0.170760,-0.451527,-0.003800,0.015029,-0.144536,5.340110,-10.137498,-6.272203,1.459616,1.870437,-6.868997,5.022398,-1.431348,1.444526,3.783153,-2.088926,-1.722048,2.368330,1.287767,-1.505585,-3.253864,-0.802328,-0.991294,-2.119433,-1.696733,2.055389,0.229541,-0.212865,-0.611361,-0.320098,-0.173034,-0.652738,-0.167692,-0.025774,0.194776,0.116029,0.098922,0.196846,-0.186451,0.007306,0.122071,0.094926,0.142190,0.130402
1.216331,1.708751,0.901509,0.030847,0.086150,0.452999,0.886802,3.534920,-0.414941,0.911259,-0.521674,0.040373,0.952843,-0.223930,-0.740399,-0.252545,-0.123721,-0.129192,-0.658091,0.421261,-0.194934,-0.078139,0.519690,-0.525066,0.699269,1.921184,-0.305609,0.179821,-0.589713,-0.196519,-0.483489,-0.039131,0.011666,-0.109212,7.282398,-7.912197,-6.344617,0.717267,-0.202660,-4.880713,4.558795,-2.591753,1.321798,4.376756,-3.575631,-4.733376,-1.038185,0.689434,-1.048202,-1.125427,-1.287977,-1.598143,-1.766506,-0.168138,1.766181,0.131852,-0.282348,-0.593549,-0.384898,-0.203929,-0.596339,-0.165814,-0.023076,0.193758,0.119787,0.100968,0.198814,-0.181732,0.009808,0.120291,0.101081,0.147691,0.134012
1.270566,1.763616,0.914257,0.030108,0.079493,0.452338,0.887787,3.711569,-0.469394,1.135411,-0.366118,-0.565113,-0.091469,-0.043953,-0.849467,-0.355424,-0.081373,-0.166780,-0.698275,0.505663,-0.204656,-0.073290,0.605569,-0.613632,0.535984,1.840218,-0.303908,0.178497,-0.521039,-0.225393,-0.512836,-0.060877,-0.027398,-0.126249,8.998822,-5.453362,-5.143943,2.117416,-1.879436,-2.009196,4.220079,-0.486070,0.242441,4.293950,-4.428292,-8.164266,-4.048275,0.085026,-0.066204,3.433711,-1.443706,-1.467338,-1.087324,-1.953231,-0.851867,0.025177,-0.321971,-0.575292,-0.437380,-0.205612,-0.539098,-0.166974,-0.009743,0.193668,0.128428,0.094472,0.200666,-0.181039,0.024545,0.120465,0.114877,0.145047,0.137493
1.327997,1.818552,0.930297,0.024520,0.071443,0.451370,0.889134,3.802366,-0.583883,1.278602,-0.857750,-0.474491,-0.172541,0.123665,-0.914361,-0.451253,-0.022617,-0.203550,-0.689333,0.570756,-0.203804,-0.106021,0.685793,-0.672598,0.363749,1.701527,-0.302166,0.185135,-0.385563,-0.241157,-0.540135,-0.058899,-0.076941,-0.152809,8.380896,-3.244748,-4.791474,2.937778,-1.838476,0.447096,3.254668,0.042594,-1.636503,4.011212,-2.948327,-8.611738,-6.934584,0.087125,0.331864,6.773785,-0.788202,-1.364955,0.098886,-2.477155,-1.328007,-0.066845,-0.337323,-0.556293,-0.473741,-0.190515,-0.489814,-0.167370,0.013159,0.193776,0.139266,0.078422,0.202165,-0.179011,0.049601,0.121189,0.132837,0.132077,0.140423
1.386771,1.872533,0.946815,0.015177,0.065231,0.448803,0.891118,3.809325,-0.663530,1.285202,-1.098863,-0.152585,-0.375563,0.265027,-0.944807,-0.518987,0.031597,-0.227139,-0.662785,0.631279,-0.217838,-0.162745,0.751357,-0.700161,0.204090,1.516452,-0.325112,0.182659,-0.201355,-0.227941,-0.565769,-0.053465,-0.108710,-0.166852,7.068127,-1.522253,-3.386696,2.710697,-1.179447,1.327414,3.026142,-0.701709,-2.836212,3.278185,-1.378111,-7.982955,-9.253747,-1.147318,-0.123789,9.210405,0.660790,-1.281680,0.271719,-1.588438,-0.702153,-0.140119,-0.338468,-0.538295,-0.500502,-0.175292,-0.445042,-0.161475,0.046259,0.194510,0.150470,0.053984,0.203586,-0.168285,0.086842,0.123525,0.153786,0.109401,0.143168
1.446165,1.926455,0.961783,0.006376,0.059792,0.443388,0.894311,3.845212,-0.668866,1.189587,-0.998483,-0.119160,-0.680187,0.376508,-0.940289,-0.567888,0.070548,-0.221461,-0.630772,0.687967,-0.239966,-0.218996,0.794153,-0.716411,0.085397,1.292376,-0.353659,0.164487,-0.016031,-0.190187,-0.591813,-0.060535,-0.103421,-0.149736,5.574031,0.225873,-2.445054,1.947563,0.283896,1.600661,2.834405,-1.106388,-2.812541,2.139835,-0.812538,-5.934627,-11.203773,-1.427334,-0.908589,9.266202,1.887744,-1.302190,-0.353494,0.264475,0.855835,-0.196320,-0.327197,-0.528925,-0.519513,-0.164819,-0.407846,-0.144249,0.083400,0.195139,0.159671,0.021618,0.205276,-0.142243,0.127023,0.125676,0.175717,0.076388,0.146327
1.507104,1.979056,0.971282,-0.003218,0.048217,0.444804,0.894323,3.876452,-0.818177,0.854742,-1.378653,-0.613733,0.077492,0.457883,-0.887807,-0.628668,0.107497,-0.195385,-0.602106,0.708963,-0.286215,-0.272579,0.854308,-0.761338,0.024533,1.031011,-0.361908,0.206542,0.153155,-0.124669,-0.575845,-0.056257,-0.082042,-0.036131,4.068770,2.624117,-3.039002,1.847482,1.303777,1.433268,1.049797,-2.312460,-2.679174,3.007751,-2.246340,-3.043216,-13.068257,-0.412451,2.102744,8.459276,3.275864,0.798362,0.213898,1.068946,5.680244,-0.243355,-0.292760,-0.541150,-0.524507,-0.164093,-0.383960,-0.120843,0.120780,0.196532,0.158888,-0.021654,0.204232,-0.112345,0.165911,0.128538,0.187679,0.026501,0.144362
1.565115,2.033880,0.978127,-0.000979,0.048509,0.434481,0.899373,3.903722,-0.547011,0.711633,0.260053,-0.090003,-1.137052,0.515546,-0.851921,-0.638342,0.059403,-0.128899,-0.588012,0.716006,-0.353186,-0.233564,0.870399,-0.794619,0.066909,0.766303,-0.376923,0.205322,0.117878,-0.059599,-0.579843,-0.072272,-0.037208,0.050774,2.883165,1.794275,-0.483706,-2.404743,3.324300,0.704738,0.352170,-3.348572,1.950735,0.804525,-1.664035,2.118773,-13.235428,-0.750783,-0.061001,-1.763826,3.253531,-0.199864,-0.800736,2.241679,4.345220,-0.260893,-0.283297,-0.541335,-0.524690,-0.206234,-0.366905,-0.083646,0.149113,0.197110,0.149152,-0.063228,0.204721,-0.062277,0.190615,0.129633,0.190124,-0.024423,0.145159
1.625051,2.083899,0.978388,-0.001601,0.054726,0.420260,0.905751,3.822469,-0.663930,0.428328,0.274946,0.571059,-1.552878,0.547868,-0.833008,-0.613484,0.002582,-0.041495,-0.598038,0.690317,-0.396912,-0.150657,0.869148,-0.801801,0.130394,0.544629,-0.400503,0.200577,0.105887,-0.055167,-0.577780,-0.085328,-0.037980,0.083471,1.616080,0.945655,1.242909,-2.841007,4.370230,-0.501308,-1.284463,-2.186277,4.145371,-0.062537,-0.359094,3.174278,-11.083699,-1.178982,-0.237251,-0.599541,0.221588,0.103146,-0.652825,-0.038601,1.634894,-0.264953,-0.285120,-0.537315,-0.514701,-0.252439,-0.364967,-0.046235,0.164526,0.197988,0.132224,-0.095692,0.204812,-0.014436,0.200426,0.131413,0.181281,-0.067774,0.145262
1.685359,2.134832,0.973646,0.001603,0.057672,0.407272,0.911483,3.910869,-0.548221,0.197623,0.470351,0.117593,-1.400340,0.574139,-0.814934,-0.616829,-0.045512,0.024279,-0.564055,0.586339,-0.392640,-0.040065,0.862992,-0.820167,0.200089,0.410296,-0.365530,0.256488,0.121261,-0.070241,-0.554016,-0.072695,-0.107305,0.080281,1.313558,0.903699,-0.167234,-2.404727,3.288693,1.699160,-5.198916,0.213565,5.529585,-0.307793,-0.918316,3.484719,-6.716624,1.748673,2.795567,0.768699,-0.753700,1.188166,0.631634,-3.466230,-0.159523,-0.266737,-0.283396,-0.537544,-0.481640,-0.285975,-0.404908,-0.029666,0.173181,0.198159,0.115640,-0.112703,0.203180,0.002469,0.208161,0.131256,0.166855,-0.092594,0.142312
1.746552,2.186763,0.967039,0.010543,0.058276,0.395808,0.916422,3.999541,-0.455096,0.093929,0.887986,-0.330260,-1.201363,0.577877,-0.790897,-0.595439,-0.077548,0.039902,-0.505101,0.494367,-0.317466,0.010489,0.815714,-0.801971,0.304078,0.363893,-0.311472,0.281348,0.161994,-0.076939,-0.533896,-0.039474,-0.192429,0.056693,0.186918,1.201842,1.069465,-1.601804,0.781172,2.947701,-4.598571,3.758743,2.527713,-2.363908,0.909803,5.199464,-2.320157,2.702895,1.243003,2.036642,-0.334900,1.006032,1.661084,-4.256195,-1.179375,-0.264154,-0.278024,-0.543628,-0.449958,-0.272541,-0.467116,-0.028292,0.175048,0.196964,0.107066,-0.115902,0.201545,0.000645,0.210054,0.128630,0.157414,-0.097782,0.139343
1.809741,2.238104,0.957767,0.021523,0.055678,0.383890,0.921447,4.070816,-0.457770,-0.075983,0.953442,-0.710087,-1.226742,0.541833,-0.765603,-0.562736,-0.073072,0.037204,-0.423690,0.382233,-0.169733,0.012970,0.736658,-0.796219,0.480200,0.406609,-0.251639,0.311498,0.164117,-0.098841,-0.509489,-0.004996,-0.202350,0.045912,-1.802238,1.264698,1.635165,0.223791,-0.134913,4.070505,-5.606716,7.386640,0.124070,-3.952809,0.287628,8.806101,2.135807,2.991612,1.507465,0.106150,-1.095096,1.220330,1.723897,-0.496084,-0.539072,-0.253991,-0.267297,-0.559349,-0.399258,-0.207444,-0.554587,-0.043341,0.174175,0.196176,0.108118,-0.109442,0.199814,-0.021135,0.211352,0.126484,0.155122,-0.087837,0.136126
1.869660,2.292117,0.944902,0.033143,0.048369,0.374737,0.925275,4.063582,-0.194568,-0.363975,0.820602,-1.161336,-0.902270,0.486676,-0.715892,-0.521212,-0.017722,0.024271,-0.334690,0.289476,0.009132,0.019873,0.656046,-0.771780,0.698651,0.467117,-0.216385,0.322137,0.109617,-0.089748,-0.468836,0.005100,-0.134804,0.067688,-2.757854,2.485594,2.076183,2.767535,-0.646653,4.450016,-4.637829,8.943218,0.345131,-4.030592,1.221931,10.922544,3.025414,1.762735,0.531951,-2.725028,0.454643,2.032658,0.504771,3.377300,1.088810,-0.251042,-0.237609,-0.586186,-0.342274,-0.119725,-0.618249,-0.057970,0.170571,0.195661,0.110573,-0.104223,0.197619,-0.040446,0.208173,0.124871,0.153295,-0.079810,0.131959
1.928777,2.344411,0.928391,0.047675,0.040201,0.367580,0.927898,3.973852,-0.206208,-0.649049,1.053486,-1.340269,-0.642711,0.423948,-0.661849,-0.478153,0.066679,-0.011899,-0.239208,0.191477,0.149294,-0.002222,0.591751,-0.763734,0.942411,0.498492,-0.165680,0.341626,0.005490,0.101134,-0.444608,0.001257,-0.050111,0.090569,-3.136398,2.702138,2.152963,4.220017,-1.808509,4.774105,-4.899964,7.008138,-1.104752,-3.214747,0.402286,12.188039,1.568717,2.535253,0.974453,-5.206335,9.544113,1.211404,-0.192149,4.234693,1.144051,-0.249526,-0.200996,-0.612703,-0.275989,-0.038264,-0.657557,-0.069464,0.167784,0.195350,0.111982,-0.102520,0.196473,-0.056599,0.204429,0.123074,0.152227,-0.076897,0.129719
1.987999,2.390228,0.908296,0.047678,0.042951,0.355808,0.932353,3.776104,-0.372143,-0.792532,0.099611,0.175206,-1.253437,0.295520,-0.693383,-0.399700,0.145039,0.039540,-0.165896,0.099015,0.213955,0.016476,0.591857,-0.700813,1.199109,0.671434,-0.125908,0.328571,-0.101401,0.037411,-0.438837,-0.007728,0.042736,-0.047461,-6.421396,-1.576727,3.922655,3.918022,2.571945,3.665607,-4.623126,3.233016,0.934923,0.005307,3.146034,12.834856,8.647117,1.988596,-0.652731,-5.344520,-3.186171,0.288528,-0.449238,4.642313,-6.901509,-0.208045,-0.213778,-0.620627,-0.225013,-0.009487,-0.675687,-0.100213,0.149660,0.194184,0.128173,-0.082823,0.196278,-0.094878,0.184235,0.119966,0.162647,-0.050417,0.129243
2.038667,2.436028,0.893189,0.035636,0.046946,0.340503,0.938394,3.454106,0.068005,-0.545328,-0.981799,0.691050,-1.681378,0.115610,-0.722973,-0.286707,0.178258,0.066168,-0.106822,-0.003003,0.198853,0.003204,0.587965,-0.595542,1.427998,0.871206,-0.156660,0.305360,-0.168080,-0.137265,-0.406367,-0.004282,0.045670,0.003813,-8.995502,-1.479509,5.649665,1.660959,1.331418,2.953691,-5.100856,-0.755087,-0.663604,-0.194637,5.263583,11.444457,9.988612,-1.537623,-1.160573,-3.333965,-8.733816,1.623505,0.172312,0.146726,2.563711,-0.130331,-0.238257,-0.627194,-0.166218,-0.013560,-0.697169,-0.123796,0.128013,0.193788,0.139902,-0.058411,0.194777,-0.121679,0.162748,0.119483,0.165966,-0.021489,0.126296
2.088620,2.479931,0.886655,0.029275,0.055662,0.316411,0.946535,3.332456,0.234297,-0.059008,-0.278362,0.923799,-2.580912,-0.095801,-0.685096,-0.181249,0.129049,0.115100,0.003186,-0.146115,0.157343,0.042736,0.580687,-0.521735,1.589762,0.920608,-0.144992,0.294250,-0.183989,-0.219029,-0.398650,-0.010019,0.038245,0.019009,-10.570542,1.893886,5.272893,-2.460474,2.446588,5.500389,-7.155601,-2.075474,1.976606,-0.363885,3.690344,8.088214,2.470081,0.583414,-0.555481,-0.795454,-4.088195,0.385878,-0.286838,-0.371281,0.759773,-0.007995,-0.239552,-0.643312,-0.076828,-0.046503,-0.721056,-0.129964,0.120065,0.193187,0.142697,-0.052457,0.194493,-0.129335,0.153497,0.118260,0.167176,-0.015044,0.125694
2.140095,2.524080,0.887210,0.033569,0.061352,0.302436,0.950601,3.359206,0.332178,0.320985,0.624126,0.357459,-1.448640,-0.297625,-0.590153,-0.093312,0.017521,0.121488,0.124454,-0.278732,0.106489,0.081417,0.578562,-0.491474,1.679126,0.928781,-0.133328,0.264956,-0.214334,-0.338919,-0.399295,-0.015023,0.039885,0.011098,-10.091208,4.747159,4.396861,-5.576369,0.319398,6.063400,-6.630849,-2.542699,1.934037,-0.106250,1.513046,4.468175,0.408669,0.583172,-1.464708,-1.517259,-5.994481,-0.032240,-0.250207,0.082006,-0.395526,0.141819,-0.211850,-0.645045,0.008202,-0.084683,-0.729375,-0.129490,0.116257,0.191997,0.143591,-0.051504,0.194566,-0.127615,0.147294,0.116066,0.168106,-0.014047,0.125804
2.191855,2.568920,0.890916,0.034039,0.070087,0.282875,0.955987,3.350411,0.510054,0.522684,0.372226,0.724095,-2.052101,-0.493196,-0.494780,0.012569,-0.052619,0.138371,0.225818,-0.400669,0.092669,0.132285,0.600123,-0.441180,1.723197,0.905201,-0.135174,0.222237,-0.252627,-0.407115,-0.404510,-0.023977,0.045731,0.007637,-9.778555,4.768650,5.294013,-3.507026,0.844154,5.068213,-6.096848,-0.691031,2.543411,1.078064,2.514696,2.203590,-1.178999,-0.092304,-2.135929,-1.914623,-3.409796,-0.260795,-0.447698,0.292300,-0.173039,0.276425,-0.175653,-0.613930,0.079236,-0.107822,-0.723454,-0.123252,0.116850,0.190703,0.143395,-0.054911,0.194880,-0.117558,0.145364,0.113978,0.169475,-0.018073,0.126360
2.246902,2.612729,0.899454,0.029664,0.078353,0.265003,0.960601,3.399864,0.532487,0.844614,-0.096675,0.816826,-1.900349,-0.662553,-0.372914,0.125572,-0.027559,0.150358,0.310899,-0.500696,0.106060,0.174010,0.640336,-0.412048,1.717822,0.821059,-0.134137,0.180890,-0.295749,-0.447741,-0.414916,-0.050344,0.080071,-0.008149,-8.467830,6.093293,5.650184,1.253012,0.599343,4.254062,-5.001376,0.669549,2.086237,2.010649,1.456610,-0.268749,-4.207128,0.051871,-2.067338,-2.156135,-2.031329,-0.520285,-1.318385,1.717015,-0.789305,0.372392,-0.120582,-0.582260,0.130171,-0.115321,-0.711104,-0.110066,0.123889,0.189580,0.141038,-0.067568,0.195645,-0.099349,0.148910,0.112176,0.171732,-0.033445,0.127632
2.305500,2.656785,0.913073,0.025275,0.079710,0.246797,0.965452,3.498001,0.607278,1.138086,-0.267010,0.144830,-1.915884,-0.767965,-0.213092,0.239865,0.064074,0.142702,0.398450,-0.569245,0.143510,0.213892,0.680254,-0.378407,1.654380,0.674053,-0.135832,0.157479,-0.324477,-0.429902,-0.426713,-0.082967,0.129840,0.016435,-5.270612,7.991109,5.714621,4.581652,-0.382767,4.377530,-3.427462,1.872527,1.994100,1.995910,1.682027,-3.172099,-7.350280,-0.084748,-1.170575,-1.436400,0.891989,-0.589825,-1.631144,2.488472,1.229192,0.422518,-0.046623,-0.572733,0.161436,-0.110644,-0.699503,-0.089116,0.136940,0.189054,0.132744,-0.089071,0.196653,-0.073453,0.158282,0.111391,0.169844,-0.060590,0.129239
2.365910,2.701687,0.930292,0.025288,0.076379,0.222952,0.971503,3.548196,0.793842,1.298298,0.091770,-0.449936,-2.440009,-0.808249,-0.044756,0.358291,0.171260,0.116510,0.485188,-0.607852,0.214982,0.267985,0.723021,-0.354608,1.540927,0.499451,-0.112565,0.157511,-0.349145,-0.330853,-0.438231,-0.125205,0.166547,0.056350,-2.014201,8.416755,5.921335,5.359294,-1.309631,4.336903,-1.930357,3.573600,2.704647,2.138311,1.189971,-5.672670,-8.730089,1.163349,0.001609,-1.233377,4.952452,-0.575904,-2.111871,1.835323,1.995718,0.433889,0.025731,-0.580368,0.175403,-0.094274,-0.690573,-0.066391,0.149130,0.188730,0.118489,-0.113726,0.197953,-0.048850,0.166333,0.110445,0.162058,-0.094024,0.131276
2.427017,2.748274,0.949074,0.029549,0.074708,0.194988,0.977510,3.560799,1.078532,1.341713,0.579128,-0.383030,-2.810407,-0.803986,0.097850,0.479794,0.234827,0.059231,0.564841,-0.621571,0.297621,0.323869,0.752943,-0.347098,1.378787,0.325171,-0.102491,0.180244,-0.369338,-0.154465,-0.445099,-0.174631,0.177576,0.133833,0.213152,7.130322,6.075126,3.178346,-2.863922,3.982647,-0.685913,4.131935,2.794195,1.496142,0.375477,-8.107018,-8.714037,0.503726,1.136623,-1.009645,8.819392,-0.343396,-2.471325,0.551467,3.874175,0.430274,0.081624,-0.589292,0.179544,-0.072656,-0.684815,-0.041367,0.160214,0.189144,0.099369,-0.136905,0.199383,-0.022433,0.175356,0.110757,0.147522,-0.128325,0.133505
2.490140,2.794539,0.966292,0.038147,0.070527,0.171478,0.981920,3.622634,1.209944,1.210901,0.925322,-0.668472,-2.306269,-0.777852,0.221740,0.582025,0.237093,-0.009873,0.657511,-0.617072,0.349802,0.363069,0.776636,-0.362926,1.187740,0.176980,-0.085481,0.216141,-0.367467,0.056316,-0.454178,-0.222582,0.154380,0.180024,1.306711,6.194489,5.111540,0.113307,-3.455217,4.633511,0.224940,2.609058,1.959975,1.184605,-0.791371,-9.552330,-7.409553,0.850480,1.794860,0.093512,10.539055,-0.453950,-2.397547,-1.159825,2.309555,0.426858,0.138355,-0.593797,0.174505,-0.061134,-0.682700,-0.019844,0.167801,0.189913,0.079873,-0.154489,0.201106,-0.000667,0.182714,0.111542,0.130310,-0.156920,0.136434
2.552199,2.841393,0.978821,0.042254,0.069371,0.146278,0.985903,3.551780,1.422200,0.933353,0.537186,-0.284530,-2.510284,-0.761806,0.299796,0.674530,0.211074,-0.071810,0.737866,-0.616108,0.349716,0.367314,0.789698,-0.408871,0.982789,0.098121,-0.055422,0.266844,-0.338663,0.217110,-0.467607,-0.272316,0.119751,0.191643,0.802323,3.902806,4.625273,-1.300948,-3.096838,4.017766,0.048184,-0.004299,0.212252,0.653144,-2.297276,-10.247574,-3.942949,1.502923,2.535172,1.440241,8.039664,-0.671490,-2.486703,-1.731441,0.580954,0.431733,0.176697,-0.587970,0.171691,-0.064000,-0.682239,-0.010564,0.173547,0.191234,0.069255,-0.164857,0.203322,0.007103,0.191277,0.113094,0.120806,-0.175363,0.140359
2.615530,2.886124,0.987816,0.038854,0.065845,0.132222,0.988267,3.570391,1.382588,0.756319,-0.295751,-0.364417,-1.430842,-0.728407,0.366215,0.738024,0.171373,-0.111445,0.812969,-0.614503,0.297519,0.303172,0.804879,-0.440079,0.750845,0.091193,-0.033616,0.305726,-0.291097,0.224077,-0.485792,-0.329282,0.062636,0.205276,1.669929,3.320964,3.174683,-1.985069,-1.981767,3.755121,0.080245,-2.609883,-3.207078,0.759009,-1.560398,-11.597187,-0.346393,1.090345,1.944087,2.378271,0.348363,-0.909244,-2.848266,-2.855756,0.681627,0.425500,0.217282,-0.588237,0.159093,-0.072558,-0.684171,-0.012257,0.177180,0.192490,0.070250,-0.170413,0.206289,0.003688,0.198484,0.114875,0.123404,-0.186140,0.145795
2.677459,2.931860,0.991365,0.031572,0.061959,0.120744,0.990245,3.517775,1.501004,0.470535,-0.697846,-0.349274,-1.194546,-0.689366,0.420465,0.776134,0.139062,-0.153580,0.872128,-0.645697,0.214599,0.193876,0.812482,-0.494840,0.534197,0.118894,0.006404,0.350714,-0.249373,0.184622,-0.508230,-0.351639,0.018958,0.224809,1.952045,2.712467,1.905512,-1.615546,-2.106738,2.957944,-1.559698,-4.145991,-5.464822,0.380170,-2.738024,-10.832378,1.385072,2.000954,2.249390,2.086226,-1.972730,-1.121902,-1.117878,-2.183879,0.976658,0.411011,0.253289,-0.592492,0.165308,-0.079165,-0.681272,-0.022310,0.180510,0.194192,0.077304,-0.169927,0.208356,-0.010487,0.206127,0.117145,0.132481,-0.186026,0.149802
2.739744,2.977562,0.989997,0.025203,0.056448,0.114757,0.991468,3.546159,1.517861,0.214122,-0.651747,-0.504797,-0.631538,-0.645424,0.467459,0.764265,0.117399,-0.184756,0.935586,-0.674503,0.130623,0.100447,0.774991,-0.514330,0.363952,0.163062,0.074387,0.401789,-0.234632,0.193605,-0.524828,-0.351078,0.014350,0.219218,2.197122,2.349732,-0.593458,-1.083156,-1.558807,3.172901,-1.440267,-4.198794,-4.671419,-1.874548,-0.974494,-8.512281,2.208394,3.399155,2.553779,0.737058,0.449119,-0.829888,0.028058,-0.230428,-0.279547,0.385682,0.288018,-0.601797,0.188689,-0.087185,-0.679011,-0.038755,0.182713,0.196730,0.086341,-0.165762,0.209250,-0.034147,0.212219,0.120308,0.143155,-0.179027,0.151557
2.800772,3.023280,0.984023,0.017118,0.049990,0.113945,0.992081,3.506093,1.526999,-0.034056,-0.862647,-0.563003,-0.117970,-0.613121,0.496379,0.753027,0.113065,-0.204968,0.937391,-0.648418,0.065495,0.026165,0.747949,-0.521823,0.271249,0.234361,0.124154,0.400415,-0.246115,0.201489,-0.536508,-0.331539,0.019847,0.202801,1.615108,1.446007,-0.561891,-0.216673,-1.010614,0.090274,1.304249,-3.256387,-3.714105,-1.352124,-0.374660,-4.635146,3.564936,2.488389,-0.068742,-0.574153,0.394212,-0.584001,0.976962,0.274847,-0.820840,0.365040,0.307490,-0.609764,0.180496,-0.094329,-0.685144,-0.057173,0.177883,0.197215,0.098714,-0.156887,0.209154,-0.058629,0.206529,0.120341,0.156667,-0.164196,0.151533
2.859901,3.069309,0.974144,0.010797,0.043569,0.127431,0.990831,3.473831,1.466356,-0.252224,-0.756302,-0.547906,1.328688,-0.591590,0.518570,0.704803,0.104467,-0.216244,0.903543,-0.588125,0.053967,-0.050261,0.694713,-0.511911,0.236913,0.321294,0.141347,0.390706,-0.237593,0.180223,-0.524480,-0.299381,0.039800,0.174064,1.076572,1.109542,-2.411213,-0.429907,-0.563784,-1.692386,3.014611,-0.576402,-3.821300,-2.661781,0.495573,-1.716795,4.346666,0.859649,-0.485451,0.426071,-1.063312,0.601392,1.607892,0.997659,-1.436875,0.346544,0.327624,-0.614152,0.160935,-0.075178,-0.695911,-0.073985,0.170694,0.197028,0.110048,-0.145295,0.207293,-0.079045,0.198108,0.119858,0.166934,-0.145312,0.148164
2.919072,3.115194,0.959652,0.005851,0.033844,0.148759,0.988277,3.543539,1.308138,-0.523262,-0.703010,-0.880077,2.128256,-0.566494,0.527037,0.639046,0.092025,-0.212622,0.838782,-0.492523,0.081149,-0.099967,0.667386,-0.487912,0.252440,0.440630,0.131133,0.367542,-0.250144,0.150630,-0.499869,-0.265181,0.059081,0.136220,1.254785,0.423355,-3.287851,-0.622087,0.181102,-3.238060,4.780135,1.359099,-2.485309,-1.366358,1.199952,0.776349,5.966806,-0.510694,-1.158156,-0.627548,-1.479617,1.230582,1.709974,0.964060,-1.892184,0.326756,0.342243,-0.620422,0.110923,-0.045868,-0.707438,-0.091862,0.159229,0.195857,0.123134,-0.129517,0.204776,-0.098615,0.184403,0.118057,0.177107,-0.121093,0.143554
2.978170,3.162355,0.942458,0.004837,0.025023,0.172240,0.984725,3.617231,1.200790,-0.710222,-0.298594,-0.849430,2.366844,-0.534618,0.504025,0.560946,0.059115,-0.200778,0.745497,-0.395888,0.101026,-0.110940,0.620615,-0.487863,0.272325,0.596142,0.067436,0.351199,-0.216247,0.107305,-0.450983,-0.220964,0.062952,0.079249,1.593791,-1.150622,-3.904972,-1.645518,0.592174,-4.664278,4.831752,0.993859,-0.548663,-2.338532,0.002474,0.994248,7.775599,-3.184865,-0.817189,1.694852,-2.166256,2.444299,2.210857,0.193537,-2.848565,0.311065,0.343842,-0.629309,0.065720,-0.032405,-0.716924,-0.108588,0.146089,0.194464,0.135492,-0.108700,0.200902,-0.114253,0.172165,0.116874,0.183248,-0.091484,0.136442
3.037506,3.207193,0.919987,-0.000576,0.015454,0.194111,0.980858,3.629798,0.937694,-1.017708,-0.711140,-0.843250,2.210885,-0.513891,0.454686,0.478587,0.015701,-0.162050,0.633391,-0.294702,0.042594,-0.101548,0.568645,-0.472845,0.274065,0.766059,0.007281,0.319614,-0.002734,0.068521,-0.394586,-0.181012,0.055804,0.009855,1.036363,-2.466945,-4.117989,-2.170725,1.936410,-5.605259,5.059291,-2.921628,0.469606,-2.598511,0.750900,0.087021,8.495857,-3.007773,-1.579212,10.675674,-1.939219,2.819857,1.997620,-0.357393,-3.469691,0.307914,0.331459,-0.636578,0.020459,-0.066563,-0.728788,-0.124652,0.128347,0.192954,0.145311,-0.086088,0.197223,-0.131234,0.157109,0.116392,0.185081,-0.062063,0.129596
3.093870,3.250046,0.897835,-0.004960,0.012331,0.227911,0.973591,3.504263,0.673372,-1.013191,-0.493593,-0.211872,3.453122,-0.565428,0.375356,0.362166,-0.042152,-0.125977,0.500859,-0.197201,-0.011815,-0.124939,0.531959,-0.495063,0.455689,0.953155,-0.040897,0.272406,-0.011893,0.001215,-0.366129,-0.159768,0.055669,-0.046863,-2.576836,-3.966488,-5.821036,-2.892633,1.803670,-6.626602,4.875022,-2.720417,-1.169534,-1.834307,-1.110890,9.081195,9.354793,-2.408883,-2.360422,-0.457963,-3.365300,1.422832,1.062177,-0.006761,-2.835912,0.349407,0.305280,-0.620715,-0.027920,-0.090459,-0.733092,-0.139336,0.104851,0.191341,0.155510,-0.059072,0.195524,-0.145652,0.132718,0.114427,0.187858,-0.028945,0.126400
3.142598,3.287915,0.881334,0.000568,0.017301,0.260681,0.965270,3.084069,0.401704,-0.727439,0.663058,0.350370,3.375604,-0.624515,0.240126,0.236568,-0.116572,-0.120776,0.329469,-0.125739,-0.015104,-0.127281,0.499587,-0.535370,0.708116,1.177918,-0.110116,0.244531,-0.198548,-0.090108,-0.337409,-0.136415,0.083869,-0.032281,-2.954355,-6.761520,-6.279911,-3.720995,0.260036,-8.569523,3.573129,-0.164459,-0.117088,-1.618585,-2.015377,12.621341,11.238119,-3.460937,-1.393748,-9.332746,-4.566126,1.436008,1.167682,1.410024,0.729143,0.404890,0.243933,-0.597954,-0.062585,-0.092821,-0.733092,-0.153417,0.077521,0.191026,0.161650,-0.025114,0.193902,-0.158810,0.105961,0.114251,0.183843,0.010243,0.123264
3.186302,3.323176,0.873491,0.008090,0.026298,0.288330,0.957136,2.810629,0.252491,-0.271962,0.979849,0.682456,2.867875,-0.634626,0.057291,0.116694,-0.184625,-0.134744,0.130772,-0.039947,-0.032440,-0.111850,0.471269,-0.564203,0.807445,1.388113,-0.173954,0.230169,-0.257056,-0.138006,-0.321842,-0.098257,0.054679,-0.010879,-0.505547,-9.141731,-5.993680,-3.402629,-0.698407,-9.934861,4.289598,-0.866809,0.771539,-1.415893,-1.441619,4.966455,10.509786,-3.191921,-0.718109,-2.925402,-2.394937,0.778316,1.907890,-1.459496,1.070054,0.432786,0.145458,-0.588122,-0.108170,-0.107562,-0.729235,-0.163185,0.050778,0.191608,0.159344,0.008024,0.192619,-0.171108,0.081649,0.116000,0.171070,0.046485,0.121096
