3.129786,-2.878947,0.952976,-0.131776,0.041239,0.966236,0.217536,4.542772,-1.134062,1.486180,0.457041,-0.238746,0.967486,0.603301,-1.259685,-0.863180,0.042254,0.018060,-1.802543,1.149000,-0.211026,0.259600,1.288716,-0.962341,-0.008762,1.055789,-1.400000,-0.328958,0.118155,-0.234973,-0.813814,0.456891,-0.009426,0.235437,3.123008,1.794913,-0.585320,-0.542170,-0.302461,-13.271379,0.000869,-0.231390,1.498483,-5.828938,3.666509,1.885058,-10.756042,-9.391727,-0.141112,-0.727025,1.743329,4.960112,-1.033391,-0.549476,3.008841,-0.202511,-0.431086,-0.367293,-0.487318,-0.288120,-0.008356,-0.028563,0.131752,0.270726,0.114289,0.014234,0.222044,0.043524,0.170032,0.262336,0.102974,0.083001,0.178740
3.055338,-2.818049,0.954375,-0.138644,0.047879,0.963999,0.221790,4.454489,-1.088078,1.451271,0.540973,0.830738,-0.390085,0.601184,-1.227458,-0.838543,-0.017012,0.000571,-1.824703,1.149000,-0.254133,0.253080,1.209458,-0.868209,0.096774,0.832258,-1.400000,-0.297544,0.220260,-0.182605,-0.743663,0.375138,-0.052709,0.260602,-0.105813,1.611357,1.231859,-2.963287,-0.874486,-1.108002,-0.000000,-2.155360,-0.326004,-3.962900,4.706594,5.276812,-11.176552,-0.000011,1.570712,5.105238,2.618408,3.507532,-4.087656,-2.164154,1.258256,-0.194399,-0.430166,-0.374802,-0.498949,-0.304501,-0.019275,0.000401,0.137870,0.271228,0.120247,-0.018385,0.215899,0.078037,0.163168,0.263171,0.130508,0.046899,0.167269
2.978870,-2.757582,0.956480,-0.146550,0.054769,0.956645,0.245668,4.537848,-0.778305,1.603771,0.831293,0.933932,-2.392657,0.576644,-1.180429,-0.779492,-0.133142,-0.024273,-1.715162,1.149000,-0.295018,0.178333,1.154416,-0.771472,0.254007,0.649934,-1.400000,-0.246568,0.286835,-0.153176,-0.654213,0.225301,-0.111786,0.256335,-1.227001,2.351405,2.952573,-5.806532,-1.242200,5.477030,-0.000000,-2.044254,-3.737356,-2.752114,4.836835,7.861646,-9.116175,0.000000,2.548814,3.328740,1.471448,4.472509,-7.491837,-2.953886,-0.213386,-0.167665,-0.430837,-0.385701,-0.513574,-0.295533,-0.025069,0.024569,0.140643,0.272104,0.123008,-0.054054,0.208245,0.104726,0.156485,0.264618,0.153571,-0.001972,0.152697
2.901995,-2.697029,0.957360,-0.143674,0.065793,0.945207,0.285680,4.621944,-0.356870,1.566378,1.781515,-0.024128,-3.912276,0.505539,-1.120354,-0.667744,-0.282912,-0.071270,-1.491123,1.135100,-0.234244,0.026216,1.087070,-0.647560,0.510965,0.566314,-1.303254,-0.231579,0.271887,-0.134707,-0.578776,0.070892,-0.173579,0.218786,-3.555261,3.003763,5.587409,-7.488473,-2.349822,11.201990,-0.694973,3.038709,-7.605844,-3.367306,6.195607,12.847909,-4.181027,4.837304,0.749468,-0.747400,0.923480,3.771852,-7.720463,-3.089630,-1.877428,-0.117115,-0.426763,-0.404983,-0.549825,-0.222457,-0.054996,0.032676,0.140759,0.262674,0.124218,-0.080276,0.203252,0.112657,0.152419,0.248556,0.165834,-0.043422,0.142901
2.829292,-2.635997,0.949941,-0.135841,0.078270,0.934674,0.319071,4.628778,-0.169491,1.099845,1.957788,-0.426168,-3.212628,0.374953,-1.062688,-0.582395,-0.376242,-0.136242,-1.195135,0.994529,-0.070817,-0.113044,1.052116,-0.537162,0.825643,0.576956,-1.060944,-0.191011,0.283645,-0.117394,-0.552334,-0.018875,-0.193312,0.166335,-6.529287,2.883318,4.267436,-4.666519,-3.248587,14.799383,-7.028572,8.171355,-6.963010,-1.747702,5.519914,15.733899,0.532140,12.115482,2.028365,0.587933,0.865653,1.322118,-4.488342,-0.986650,-2.622557,-0.056401,-0.414042,-0.433315,-0.566283,-0.106085,-0.152533,0.018524,0.145384,0.239918,0.129192,-0.087743,0.202355,0.092335,0.163573,0.209042,0.174297,-0.057294,0.140950
2.759700,-2.572973,0.936277,-0.125898,0.086493,0.930677,0.332428,4.680885,-0.231546,0.735067,1.286164,-0.713539,-1.165694,0.222260,-0.988841,-0.540557,-0.340245,-0.179911,-0.894034,0.790432,0.136431,-0.160272,1.035017,-0.441489,1.163721,0.570073,-0.808646,-0.136719,0.300804,0.084757,-0.549155,-0.096804,-0.112179,0.143349,-7.634642,3.692361,2.091874,1.799873,-2.183490,15.055037,-10.204851,10.362379,-2.361378,-0.854923,4.783642,16.903910,-0.344190,12.614916,2.714604,0.857933,10.107524,0.158936,-3.896460,4.056640,-1.149291,-0.016855,-0.388933,-0.481101,-0.536431,-0.002654,-0.260211,0.000939,0.146964,0.218821,0.133208,-0.095168,0.203304,0.064227,0.168766,0.171370,0.181592,-0.068968,0.142437
2.693430,-2.512846,0.922257,-0.127766,0.082167,0.921191,0.358235,4.482213,0.020377,0.646590,-0.112752,-0.034049,-2.757593,0.049994,-1.037276,-0.471207,-0.231228,-0.139759,-0.550241,0.564625,0.322734,-0.126517,1.036293,-0.404658,1.496447,0.872012,-0.501949,-0.000028,0.273539,-0.115994,-0.545046,-0.274049,-0.017290,0.007599,-8.613321,-2.421786,3.467528,5.450862,2.007606,17.189671,-11.290348,9.315140,1.687728,0.063754,1.841532,16.636303,15.096955,15.334842,6.834564,-1.363277,-10.037548,0.205461,-8.862247,4.744446,-6.787503,0.015154,-0.401533,-0.472328,-0.480191,0.059052,-0.352287,-0.073886,0.134188,0.199365,0.169050,-0.062765,0.207604,-0.040669,0.173051,0.135189,0.217275,-0.031135,0.149242
2.631209,-2.471930,0.908027,-0.150279,0.084409,0.899142,0.402287,3.632275,0.953086,0.518136,-0.049230,2.189646,-4.917238,-0.245713,-1.102938,-0.352643,-0.173554,-0.062548,-0.201661,0.156155,0.476374,-0.056908,1.028536,-0.295068,1.808410,1.045668,-0.138782,0.058026,0.241316,-0.231595,-0.582017,-0.266460,0.041509,0.096668,-14.785336,-3.283071,5.928204,2.883662,3.860569,17.428993,-20.423496,7.682031,3.480456,-0.387836,5.479516,15.598130,8.682792,18.158367,2.902716,-1.611103,-5.780025,-1.848542,0.379448,2.939972,4.453438,0.088854,-0.423067,-0.429717,-0.344469,0.093132,-0.503709,-0.123891,0.090306,0.187368,0.178001,-0.028735,0.209578,-0.117389,0.116769,0.109975,0.219354,0.013675,0.152800
2.563328,-2.404746,0.904072,-0.146403,0.075905,0.902276,0.398374,4.575695,0.257132,1.356363,-0.677652,-0.718898,0.426941,-0.536885,-0.955880,-0.300525,-0.219210,-0.064901,0.148319,-0.173428,0.451011,-0.069081,1.012428,-0.283472,2.016551,1.074791,0.105066,0.005283,0.255671,-0.393845,-0.638065,-0.244443,-0.010582,0.062016,-14.558625,7.352887,2.605876,-2.282800,-0.117629,17.498989,-16.479139,-1.268178,-0.608681,-0.805391,0.579780,10.407026,1.456163,12.192403,-2.637155,0.717742,-8.112532,-2.802407,1.100845,-2.604577,-1.732603,0.233475,-0.376955,-0.434492,-0.191671,0.089766,-0.599844,-0.135178,0.059447,0.186406,0.178527,-0.017240,0.212500,-0.136046,0.067807,0.104787,0.218529,0.030030,0.158670
2.481806,-2.342211,0.897046,-0.134571,0.062026,0.897804,0.414718,4.905558,1.076300,1.136617,-0.553051,-1.684948,-1.737788,-0.796651,-0.764076,-0.186468,-0.269126,-0.056233,0.476319,-0.431364,0.456617,-0.041087,1.018900,-0.328033,2.173475,1.058948,0.304781,-0.043877,0.139445,-0.545716,-0.687520,-0.263299,-0.033832,0.080351,-12.988277,9.590219,5.702848,-2.495806,0.433363,16.400015,-12.896811,0.280330,1.399702,0.323597,-2.228017,7.846231,-0.792133,9.985741,-2.458025,-5.811342,-7.593514,-2.472784,-0.942796,-1.162472,0.916746,0.384159,-0.302973,-0.397198,-0.057903,0.081999,-0.634596,-0.139496,0.039236,0.190625,0.181210,-0.016549,0.216515,-0.142632,0.031574,0.108993,0.224118,0.031937,0.166114
2.407288,-2.273512,0.895434,-0.130227,0.059912,0.879657,0.453492,4.776776,1.034385,1.341669,0.544963,-0.564818,-4.241883,-1.047171,-0.582027,-0.013961,-0.228672,-0.025627,0.756278,-0.678995,0.380843,0.030599,1.010233,-0.393202,2.286149,0.963168,0.413830,-0.027790,-0.079289,-0.612537,-0.744201,-0.294791,-0.075060,0.128597,-12.526000,9.102413,8.625340,2.022742,1.530300,13.997915,-12.381559,-3.788736,3.584333,-0.433347,-3.258445,5.633698,-4.788998,5.452452,0.804346,-10.936670,-3.341071,-2.834008,-1.574584,-2.061384,2.412313,0.501273,-0.221146,-0.328604,0.095751,0.029756,-0.648862,-0.142195,0.042996,0.194888,0.183126,-0.030874,0.221736,-0.148624,0.027599,0.114552,0.233764,0.014424,0.175736
2.339419,-2.201307,0.902110,-0.136874,0.066600,0.863170,0.481422,4.527681,0.971765,1.793445,0.735567,0.859975,-3.197859,-1.245223,-0.410689,0.191454,-0.080739,-0.029788,0.951555,-0.862154,0.206724,0.080036,1.032880,-0.549249,2.314338,0.805975,0.508886,-0.026819,-0.255464,-0.623651,-0.800180,-0.329081,-0.089321,0.187281,-9.902615,8.566913,10.270795,7.396644,-0.208057,9.763857,-9.157970,-8.705921,2.471843,1.132368,-7.802373,1.409442,-7.859648,4.752782,0.048540,-8.808747,-0.555679,-2.798958,-1.714529,-0.713053,2.934206,0.569300,-0.147069,-0.276458,0.209609,-0.060774,-0.631292,-0.139554,0.056862,0.199534,0.180611,-0.057382,0.227319,-0.150966,0.035257,0.121206,0.240747,-0.020014,0.185851
2.266580,-2.128234,0.914609,-0.136680,0.064109,0.855960,0.494510,4.567828,1.294412,2.112592,0.007952,-0.148608,-1.510868,-1.379819,-0.198105,0.376380,0.058782,-0.052879,1.113641,-0.956990,0.077713,0.104165,1.131404,-0.740339,2.235992,0.598245,0.651942,-0.012419,-0.287291,-0.558219,-0.852612,-0.355647,-0.003953,0.218170,-6.729806,10.629230,9.246300,6.976039,-1.154529,8.104332,-4.741758,-6.450545,1.206456,4.926200,-9.554501,-3.917285,-10.386491,7.152790,0.720006,-1.591359,3.271580,-2.621603,-1.328289,4.268396,1.544469,0.616074,-0.056225,-0.234015,0.235287,-0.126954,-0.605665,-0.135713,0.075797,0.208262,0.168849,-0.092298,0.232606,-0.159730,0.050695,0.133930,0.237092,-0.066649,0.194960
2.190752,-2.055305,0.934121,-0.133264,0.067593,0.853836,0.498635,4.522868,1.479802,2.444807,0.539408,-0.129189,-0.394823,-1.471572,-0.003225,0.539869,0.167583,-0.104830,1.149000,-0.977644,0.022863,0.098322,1.245430,-0.941209,2.087732,0.387876,0.734471,0.015358,-0.306858,-0.395587,-0.835033,-0.385376,0.096054,0.257306,-4.587639,9.743974,8.174439,5.440033,-2.597574,1.767937,-1.032725,-2.742498,-0.292139,5.701289,-10.043484,-7.413020,-10.518482,4.126482,1.388862,-0.978347,8.131617,0.878945,-1.486475,5.000335,1.956763,0.639473,0.022129,-0.193077,0.212241,-0.147806,-0.592349,-0.124440,0.100635,0.214395,0.145508,-0.129180,0.232275,-0.159226,0.079753,0.143078,0.217274,-0.119704,0.193646
2.111649,-1.984229,0.954268,-0.125921,0.073844,0.852238,0.502376,4.519344,1.738403,2.416742,0.964057,-0.327044,-0.269444,-1.504774,0.150920,0.678066,0.183232,-0.164153,1.149000,-0.955381,-0.001382,0.082970,1.321190,-1.150506,1.891505,0.214060,0.747074,0.050252,-0.326941,-0.121417,-0.787442,-0.396820,0.125912,0.261792,-1.660115,7.707250,6.909840,0.782471,-2.966126,0.000000,1.113148,-1.212256,-0.767614,3.787986,-10.464860,-9.811338,-8.690776,0.630133,1.744712,-1.004146,13.708457,2.379519,-0.572158,1.492916,0.224320,0.650245,0.092335,-0.159460,0.180524,-0.150743,-0.588235,-0.107345,0.123515,0.215843,0.117591,-0.155368,0.228894,-0.147113,0.110901,0.145191,0.188103,-0.160216,0.187219
2.031314,-1.912979,0.972207,-0.117356,0.080424,0.853212,0.501786,4.614527,1.810265,2.249344,0.978537,-0.400589,0.246896,-1.485454,0.268749,0.770804,0.130841,-0.211945,1.149000,-0.918921,-0.031117,0.049790,1.396546,-1.322012,1.655320,0.100137,0.729437,0.108345,-0.347229,0.155075,-0.761280,-0.397604,0.110306,0.181934,0.966006,5.891476,4.636918,-2.619536,-2.389593,0.000000,1.822988,-1.486789,-1.658993,3.767822,-8.575318,-11.809261,-5.696166,-0.881863,2.904663,-1.014395,13.824624,1.308134,-0.039201,-0.780327,-3.992908,0.651122,0.164189,-0.148488,0.142339,-0.147438,-0.584121,-0.092285,0.141247,0.215563,0.097072,-0.168599,0.226893,-0.133349,0.137730,0.144615,0.165443,-0.182316,0.183654
1.952283,-1.841448,0.983876,-0.113442,0.080724,0.858533,0.493493,4.730135,1.648390,1.911901,0.074241,-0.306358,1.013781,-1.433554,0.385936,0.821169,0.062667,-0.210041,1.149000,-0.886977,-0.089643,0.014110,1.459546,-1.461217,1.387472,0.053688,0.706079,0.191505,-0.326508,0.187246,-0.756990,-0.405431,0.065636,0.147378,2.595019,5.859337,2.518229,-3.408723,0.095213,-0.000000,1.597196,-2.926275,-1.784028,3.149980,-6.960245,-13.392405,-2.322450,-1.167894,4.157994,1.036023,1.608567,0.214482,-0.391384,-2.233497,-1.727806,0.639004,0.246311,-0.162257,0.110403,-0.150675,-0.577612,-0.084436,0.154317,0.215772,0.088724,-0.173777,0.226887,-0.125179,0.159924,0.144773,0.156192,-0.191976,0.183886
1.873972,-1.773867,0.990908,-0.110558,0.079660,0.864150,0.484434,4.657311,1.607815,1.611687,-0.102313,-0.289734,1.064621,-1.345822,0.481440,0.844875,0.025718,-0.196019,1.149000,-0.845538,-0.136824,-0.028193,1.513654,-1.571609,1.095380,0.072040,0.674047,0.288585,-0.268175,0.144031,-0.795001,-0.416184,0.034693,0.187166,4.386586,4.775188,1.185288,-1.847455,0.701070,0.000000,2.071979,-2.359074,-2.115130,2.705403,-5.519606,-14.604576,0.917615,-1.601606,4.853988,2.916672,-2.160792,-1.900568,-0.537614,-1.547154,1.989393,0.616079,0.309951,-0.207204,0.078605,-0.146613,-0.571495,-0.084970,0.163187,0.216400,0.094882,-0.172065,0.230285,-0.124459,0.177061,0.145828,0.164356,-0.189450,0.190242
1.795555,-1.704784,0.994282,-0.108015,0.075268,0.869647,0.475797,4.812682,1.462080,1.425865,-0.398805,-0.421068,0.979573,-1.238703,0.543483,0.843719,0.031601,-0.140276,1.149000,-0.775190,-0.159042,0.007646,1.537004,-1.614151,0.819908,0.124772,0.660643,0.378303,-0.187102,0.196006,-0.878757,-0.396398,0.031476,0.180176,5.355964,3.102169,-0.057780,0.294174,2.787165,-0.000000,3.517411,-1.110870,1.791961,1.167522,-2.127068,-13.773600,2.636606,-0.670161,4.485885,4.053644,2.598780,-4.187785,0.989282,-0.160849,-0.349456,0.588775,0.344285,-0.272486,0.038244,-0.165155,-0.569260,-0.092691,0.167538,0.218812,0.110043,-0.162173,0.236382,-0.132609,0.187709,0.150023,0.183569,-0.172391,0.201427
1.716233,-1.635957,0.996730,-0.104628,0.062678,0.876832,0.465070,4.895568,1.362555,1.328377,-1.120754,-0.874453,1.159816,-1.124327,0.589948,0.803825,0.057145,-0.040472,1.149000,-0.665001,-0.161044,0.099993,1.490095,-1.566157,0.602221,0.226700,0.652863,0.436093,-0.132993,0.194696,-0.945113,-0.326133,0.033399,0.177822,5.718778,2.323248,-1.994700,1.277207,4.990206,-0.000000,5.509420,-0.100105,4.617339,-2.345485,2.399696,-10.884372,5.096383,-0.389038,2.889511,2.705466,-0.065523,-3.317799,3.513231,0.096182,-0.117715,0.551952,0.367250,-0.345969,-0.006999,-0.202399,-0.575743,-0.109145,0.162957,0.220754,0.129469,-0.140690,0.239648,-0.151095,0.184291,0.153544,0.204842,-0.136207,0.207538
1.636029,-1.566644,0.994532,-0.100272,0.044332,0.891948,0.438645,5.091354,1.056220,1.033074,-1.814959,-1.184749,2.849590,-1.023758,0.618382,0.710534,0.062854,0.097150,1.144968,-0.498071,-0.142942,0.159327,1.400484,-1.454615,0.475464,0.377572,0.640059,0.433722,-0.112241,0.180194,-0.983703,-0.215958,0.048630,0.196484,5.028463,1.421674,-4.664545,0.285450,6.881091,-0.201582,8.346513,0.905111,2.966674,-4.480543,5.577108,-6.337835,7.543612,-0.640171,-0.118554,1.037578,-0.725097,-1.929491,5.508765,0.761513,0.933094,0.508357,0.388907,-0.407299,-0.068980,-0.223427,-0.586585,-0.131345,0.145145,0.219797,0.147614,-0.107483,0.239752,-0.175204,0.160531,0.152180,0.218988,-0.082403,0.207987
1.555496,-1.498911,0.989481,-0.095110,0.023397,0.909321,0.404403,5.160900,0.712821,0.777195,-2.089879,-1.361008,3.622975,-0.940688,0.594833,0.600667,0.058282,0.219367,1.087440,-0.267021,-0.115912,0.116534,1.319135,-1.279807,0.444937,0.588833,0.606045,0.366782,-0.113628,0.189267,-0.999615,-0.104844,0.074654,0.190620,4.153479,-1.177461,-5.493376,-0.228645,6.110842,-2.876408,11.552508,1.351478,-2.139620,-4.067443,8.740358,-1.526371,10.563031,-1.700696,-3.346976,-0.069322,0.453652,-0.795617,5.555696,1.301209,-0.293213,0.475237,0.386514,-0.457304,-0.168496,-0.202005,-0.585073,-0.153688,0.111059,0.214743,0.160834,-0.064283,0.238441,-0.195329,0.114192,0.144114,0.219673,-0.017266,0.205891
1.473675,-1.434760,0.981805,-0.091630,0.006414,0.922894,0.373939,5.155094,0.540002,0.552743,-1.720015,-1.065365,3.132775,-0.868567,0.509196,0.508277,0.049027,0.223989,0.899285,-0.036472,-0.102554,-0.061470,1.243208,-1.083024,0.477534,0.869640,0.464205,0.290380,-0.128573,0.173584,-0.970623,-0.008483,0.080943,0.127870,3.606077,-4.281804,-4.619484,-0.462746,0.231125,-9.407746,11.527467,0.667898,-8.900217,-3.796366,9.839161,1.629850,14.040336,-7.092039,-3.820124,-0.747271,-0.784131,1.449593,4.818063,0.314460,-3.137477,0.458916,0.350483,-0.502466,-0.269606,-0.132466,-0.563463,-0.165730,0.071395,0.203770,0.163471,-0.013881,0.233898,-0.195783,0.067896,0.127502,0.200045,0.050287,0.198162
1.392080,-1.373658,0.970264,-0.083355,-0.000539,0.932441,0.351576,5.107351,0.409089,0.242709,-0.502139,-1.119581,2.283140,-0.787290,0.415002,0.421874,0.024428,0.081505,0.619410,0.136660,-0.104985,-0.274725,1.130360,-0.915522,0.495129,1.204732,0.217857,0.267008,0.002651,0.072770,-0.889680,0.083189,0.094616,-0.023360,4.063819,-4.709726,-4.320131,-1.229922,-7.124224,-13.993767,8.656588,-0.121547,-10.662765,-5.642395,8.375103,0.879755,16.754618,-12.317354,-1.168586,6.561218,-5.040697,4.047172,4.583595,0.683645,-7.561489,0.439524,0.311668,-0.544502,-0.324387,-0.058942,-0.550116,-0.170649,0.038313,0.193729,0.149591,0.036281,0.225657,-0.191629,0.044222,0.114627,0.156007,0.106609,0.183884
1.310303,-1.315346,0.955927,-0.076374,0.008746,0.943894,0.321176,5.068837,0.194287,0.049377,0.896966,-0.456381,3.254155,-0.760409,0.305541,0.308271,-0.045613,-0.071377,0.301174,0.292546,-0.088811,-0.383385,0.962356,-0.830373,0.656068,1.535887,-0.008031,0.223989,-0.111937,-0.064167,-0.810741,0.162087,0.134283,-0.098590,1.344092,-5.473024,-5.680182,-3.502081,-7.644113,-15.911790,7.794266,0.808722,-5.433001,-8.400177,4.257455,8.046959,16.557762,-11.294432,-2.150934,-5.729393,-6.846837,3.946974,3.944883,1.983336,-3.761533,0.450101,0.269631,-0.550644,-0.365740,-0.025172,-0.546956,-0.169436,0.006860,0.189731,0.123333,0.075323,0.218933,-0.184988,0.023740,0.110956,0.101166,0.139017,0.172201
1.236444,-1.258293,0.943695,-0.075430,0.028464,0.952124,0.294891,4.696379,-0.268268,0.146319,1.752378,0.491367,2.833037,-0.753310,0.096733,0.197452,-0.108072,-0.138031,-0.024242,0.441085,-0.067746,-0.360345,0.763103,-0.775138,0.855397,1.832601,-0.115524,0.152676,-0.286950,-0.120462,-0.732666,0.233739,0.108735,-0.088232,0.354935,-10.440412,-5.540922,-3.122936,-3.332689,-16.270790,7.426972,1.053256,1.152032,-9.962672,2.761778,9.966455,14.835700,-5.374646,-3.565648,-8.750669,-2.814783,3.903718,3.582632,-1.277399,0.517902,0.472539,0.159224,-0.551209,-0.413457,-0.038318,-0.542067,-0.160174,-0.028959,0.188661,0.092742,0.098802,0.213463,-0.173390,-0.007472,0.110585,0.050566,0.147563,0.162711
1.167406,-1.199863,0.939627,-0.082651,0.046873,0.959289,0.265961,4.421852,-0.716526,0.652728,1.400229,1.273892,3.024573,-0.650530,-0.224405,0.069810,-0.174624,-0.068636,-0.310457,0.547523,-0.109748,-0.285561,0.615105,-0.710873,0.833675,2.050547,-0.106495,0.065949,-0.394790,-0.109023,-0.690124,0.319771,0.109302,0.004163,5.139017,-16.056906,-6.382142,-3.327571,3.469748,-14.310785,5.321921,-2.100098,3.739190,-7.399907,3.213249,-1.086086,10.897291,0.451474,-4.336359,-5.392009,0.571969,2.127098,4.301598,0.028387,4.619739,0.426012,-0.024537,-0.574030,-0.449799,-0.094497,-0.534316,-0.141782,-0.059871,0.187029,0.065275,0.107568,0.211590,-0.151113,-0.039126,0.108195,0.010422,0.139682,0.159705
1.096664,-1.134816,0.938026,-0.084196,0.049436,0.964324,0.246060,4.589958,-1.138912,0.854688,0.067778,0.280328,2.054765,-0.489279,-0.524959,-0.076824,-0.168249,0.039568,-0.541345,0.638238,-0.166335,-0.227449,0.569253,-0.666414,0.769027,2.170504,-0.114646,0.018024,-0.480367,-0.115185,-0.655626,0.367268,0.058436,0.085766,8.062530,-15.027701,-7.331696,0.318706,5.410230,-11.544368,4.535747,-2.829371,2.905582,-2.292564,2.222929,-3.232419,5.997858,-0.407592,-2.396267,-4.278833,-0.308095,1.724908,2.374815,-2.543308,4.080153,0.303210,-0.186621,-0.588961,-0.485151,-0.144879,-0.500233,-0.129981,-0.072918,0.186617,0.051131,0.108771,0.210320,-0.137428,-0.050653,0.107997,-0.007609,0.130781,0.157430
1.022599,-1.071346,0.940437,-0.082324,0.051313,0.969769,0.223913,4.611094,-1.191475,1.057282,0.063847,-0.075647,2.295306,-0.310750,-0.767094,-0.248658,-0.144253,0.033908,-0.761685,0.715182,-0.221237,-0.159077,0.584401,-0.672892,0.669191,2.225182,-0.228236,-0.020209,-0.515546,-0.167547,-0.625533,0.368394,-0.020431,0.125429,8.926445,-12.106779,-8.591689,1.199833,-0.282998,-11.017002,3.847200,-2.745115,3.418631,0.757381,-0.323883,-4.991813,2.733900,-5.679465,-1.911674,-1.758956,-2.618123,1.504646,0.056337,-3.943367,1.983171,0.171603,-0.295928,-0.568503,-0.515409,-0.191921,-0.450044,-0.129907,-0.067075,0.188504,0.046909,0.109695,0.208616,-0.139757,-0.036496,0.113004,-0.011286,0.128693,0.153984
0.944279,-1.008618,0.948015,-0.079751,0.054170,0.974082,0.204618,4.694166,-1.232881,1.326824,0.189287,-0.133547,2.003568,-0.103762,-0.967044,-0.435593,-0.107780,-0.063881,-0.938601,0.764322,-0.277694,-0.074124,0.676705,-0.718493,0.491686,2.205865,-0.392851,-0.051687,-0.474609,-0.210242,-0.619290,0.356150,-0.065986,0.092190,10.349392,-9.997454,-9.346745,1.823661,-4.889447,-8.845802,2.456997,-2.822825,4.247644,4.615183,-2.280078,-8.875216,-0.965845,-8.230766,-1.573869,2.046832,-2.134751,0.312167,-0.612200,-2.277762,-1.661948,0.048605,-0.367940,-0.522309,-0.533613,-0.238200,-0.386302,-0.137724,-0.047542,0.193883,0.050106,0.109441,0.208014,-0.150584,-0.005820,0.124412,-0.006569,0.130767,0.152647
0.862412,-0.943496,0.962156,-0.071456,0.051661,0.976747,0.195422,4.844908,-1.345499,1.604361,-0.143177,-0.841610,0.975542,0.109311,-1.109255,-0.598317,-0.043980,-0.175084,-1.039103,0.811031,-0.304475,-0.020896,0.802332,-0.767133,0.295281,2.120798,-0.551444,-0.086923,-0.344479,-0.267086,-0.627497,0.359246,-0.111034,0.021653,10.653676,-7.110564,-8.136189,3.189956,-5.560194,-5.025125,2.335447,-1.339057,2.661411,6.281363,-2.431966,-9.820251,-4.253351,-7.929636,-1.761804,6.506497,-2.842208,-0.410346,0.154778,-2.252380,-3.526881,-0.051463,-0.405472,-0.471742,-0.544467,-0.257650,-0.316591,-0.144355,-0.019423,0.201625,0.058560,0.105048,0.208539,-0.156159,0.033205,0.139792,0.003919,0.131675,0.153425
0.781105,-0.876515,0.980626,-0.063874,0.040365,0.979450,0.186997,4.827907,-1.542839,1.705082,-1.016250,-0.966082,0.844515,0.279160,-1.185673,-0.748661,0.031076,-0.272079,-1.088525,0.870431,-0.351672,-0.038586,0.948130,-0.819251,0.137641,1.981931,-0.716820,-0.101447,-0.124265,-0.336989,-0.642188,0.336870,-0.140660,-0.038393,8.492427,-3.820893,-7.517199,3.752826,-4.849742,-2.471100,2.969983,-2.359867,-0.884499,7.289917,-2.605901,-7.882010,-6.943373,-8.268825,-0.726195,11.010720,-3.495118,-0.734564,-1.118807,-1.481285,-3.002280,-0.116221,-0.415347,-0.441343,-0.547827,-0.259918,-0.237688,-0.147381,0.015982,0.212142,0.073514,0.098465,0.208962,-0.155065,0.078562,0.159634,0.024256,0.134403,0.154059
0.698867,-0.808941,1.000589,-0.055400,0.028869,0.981227,0.182460,4.892821,-1.626242,1.653809,-0.996243,-1.062051,0.446353,0.405582,-1.195910,-0.879160,0.088163,-0.331222,-1.123569,0.940977,-0.396537,-0.094997,1.102885,-0.883238,0.037717,1.783196,-0.884878,-0.127428,0.100286,-0.340421,-0.667748,0.293117,-0.102087,-0.103006,6.321116,-0.511843,-6.524949,2.854348,-2.957131,-1.752165,3.527286,-2.243248,-2.820578,7.737750,-3.199395,-4.996198,-9.936757,-8.402872,-1.299045,11.227559,-0.171615,-1.278018,-2.187619,1.928625,-3.230646,-0.159090,-0.405723,-0.440523,-0.541265,-0.241929,-0.158942,-0.137766,0.058219,0.224946,0.094491,0.086223,0.209819,-0.132906,0.128473,0.182838,0.055114,0.133762,0.155766
0.615265,-0.740561,1.018516,-0.044930,0.024258,0.981267,0.185765,5.026614,-1.618237,1.442422,-0.245938,-1.127844,-0.317407,0.514878,-1.163146,-0.972184,0.113483,-0.316472,-1.185666,1.038608,-0.381196,-0.124476,1.249244,-0.960161,-0.022461,1.545212,-1.072975,-0.165532,0.215434,-0.319816,-0.695409,0.218873,-0.003578,-0.069983,5.464784,1.638178,-4.651198,1.266001,0.737515,-3.104862,4.881572,0.767054,-1.473930,7.317935,-3.846141,-3.008915,-11.899199,-9.404869,-1.905236,5.757378,1.030239,-1.383047,-3.712224,4.925477,1.651174,-0.198283,-0.386591,-0.451828,-0.524629,-0.208519,-0.076785,-0.111397,0.099238,0.241221,0.119070,0.065824,0.210852,-0.085188,0.171084,0.211499,0.095796,0.123885,0.157754
0.532632,-0.673268,1.030882,-0.031730,0.030003,0.982329,0.181995,5.001015,-1.621178,1.065572,0.777365,-1.184789,0.451894,0.623667,-1.109094,-1.043890,0.124413,-0.278430,-1.266873,1.118111,-0.305215,-0.101793,1.344480,-0.989761,-0.020518,1.289457,-1.264180,-0.230960,0.144920,-0.259599,-0.701920,0.183356,0.021762,0.042607,5.439455,2.702621,-3.585295,0.546510,1.902062,-4.060342,3.975172,3.799045,1.134150,4.761806,-1.479991,0.097133,-12.787734,-9.560222,-3.271364,-3.525684,3.010866,-0.325511,-1.775852,1.266999,5.629498,-0.242941,-0.361012,-0.463034,-0.504166,-0.180691,-0.017183,-0.070086,0.126366,0.258832,0.135545,0.034058,0.211110,-0.017160,0.186802,0.242138,0.130144,0.096479,0.158133
0.452353,-0.606937,1.037023,-0.022962,0.038613,0.982453,0.181020,4.902283,-1.633740,0.710007,0.986972,-0.702722,0.153898,0.705820,-1.050721,-1.088225,0.120703,-0.245249,-1.340852,1.144142,-0.198691,-0.070268,1.398243,-0.997371,-0.005439,1.036363,-1.397484,-0.228210,0.155144,-0.193927,-0.678162,0.153764,0.003413,0.131447,4.107635,2.918612,-2.216792,-0.185509,1.659078,-3.698969,1.301507,5.326192,1.576216,2.688131,-0.380507,0.753979,-12.654678,-6.665238,0.137497,0.511171,3.283592,1.187860,-1.479585,-0.917451,4.441998,-0.281005,-0.335627,-0.471140,-0.491698,-0.154038,0.005329,-0.031358,0.141093,0.272182,0.142056,-0.003806,0.209442,0.037242,0.185511,0.264881,0.154812,0.056183,0.154937
0.372870,-0.539316,1.039730,-0.015043,0.048546,0.982162,0.181040,4.902905,-1.712252,0.523058,1.113053,-0.602648,0.045310,0.765403,-0.980307,-1.110665,0.101797,-0.226000,-1.316796,1.142151,-0.143739,-0.049663,1.433601,-0.995823,0.051772,0.809987,-1.399288,-0.224977,0.172340,-0.181720,-0.654977,0.110163,-0.055463,0.171718,2.979160,3.520717,-1.121981,-0.945307,0.962460,1.202812,-0.099513,2.747633,1.030257,1.767936,0.077388,2.860538,-11.318823,-0.090166,0.161643,0.859843,0.610332,1.159243,-2.180076,-2.943802,2.013509,-0.313783,-0.307373,-0.481020,-0.483776,-0.143032,0.010883,0.001053,0.144826,0.272424,0.140352,-0.039702,0.207911,0.077718,0.173182,0.265296,0.169597,0.012632,0.151892
0.292089,-0.471537,1.040435,-0.014918,0.060001,0.978237,0.198066,5.025663,-1.522287,0.474675,1.166600,0.135137,-1.717383,0.791703,-0.914129,-1.069904,0.034163,-0.204811,-1.245021,1.112461,-0.133783,-0.050778,1.445122,-0.981153,0.148321,0.604789,-1.394973,-0.203450,0.175489,-0.163640,-0.615864,0.049956,-0.070632,0.187862,1.314997,3.308899,2.038074,-3.381691,1.059412,3.588732,-1.484508,0.497794,-0.055749,0.576052,0.733509,4.827462,-10.259912,0.215748,1.076371,0.157444,0.904038,1.955695,-3.010313,-0.758463,0.807241,-0.328137,-0.292765,-0.485892,-0.484330,-0.139069,-0.001365,0.030031,0.143789,0.272386,0.131190,-0.074494,0.205621,0.110570,0.157747,0.265252,0.172849,-0.034396,0.147406
0.211756,-0.402389,1.037606,-0.017237,0.072351,0.969780,0.232369,5.139594,-1.246291,0.372250,1.249585,0.325138,-3.509461,0.784374,-0.853960,-0.974394,-0.070050,-0.184936,-1.156797,1.013720,-0.128850,-0.081727,1.425198,-0.932673,0.291224,0.453879,-1.377336,-0.149991,0.168790,-0.120136,-0.582739,0.025556,-0.084757,0.177732,-0.366450,3.008429,4.775500,-5.210661,0.993789,4.411225,-4.937057,0.246646,-1.547415,-0.996218,2.424031,7.145161,-7.545465,0.881840,2.672939,-0.334948,2.175202,1.656251,-1.220007,-0.706260,-0.506504,-0.320813,-0.289332,-0.493381,-0.497306,-0.126366,-0.054543,0.050446,0.143374,0.271596,0.117376,-0.097343,0.203741,0.131908,0.149537,0.263961,0.164455,-0.067003,0.143780
0.133807,-0.331836,1.029619,-0.020271,0.085488,0.956376,0.278615,5.191392,-0.898640,0.188900,1.362057,0.365599,-4.788191,0.722167,-0.811299,-0.841750,-0.187051,-0.151696,-0.991862,0.896527,-0.082189,-0.106933,1.405385,-0.851362,0.503051,0.395968,-1.224949,-0.096112,0.151159,-0.115991,-0.564206,0.006981,-0.096238,0.131582,-3.110342,2.133082,6.632181,-5.850049,1.661971,8.246724,-5.859642,2.333057,-1.260331,-0.990627,4.065524,10.591325,-2.895581,7.619343,2.693932,-0.881562,0.207240,0.926644,-0.928740,-0.574048,-2.307512,-0.280719,-0.294474,-0.512316,-0.503649,-0.102598,-0.117609,0.052422,0.148098,0.256881,0.110982,-0.106611,0.202789,0.132036,0.156204,0.238764,0.159738,-0.081150,0.141906
0.057547,-0.261834,1.017621,-0.014866,0.096696,0.942469,0.319657,5.184862,-0.514585,-0.046047,1.409263,-0.475508,-4.240798,0.615258,-0.768032,-0.718561,-0.261449,-0.121451,-0.695452,0.759814,0.024913,-0.092068,1.342896,-0.788791,0.793030,0.424617,-0.971245,-0.042399,0.102780,-0.112565,-0.540338,-0.037948,-0.076057,0.104599,-5.345460,2.163324,6.159448,-3.719905,1.512276,14.820512,-6.835642,5.355095,0.743254,-3.124498,3.128576,14.498968,1.432476,12.685224,2.685660,-2.418970,0.171306,1.193362,-2.246483,1.009030,-1.349156,-0.226205,-0.288378,-0.546106,-0.505647,-0.074461,-0.199039,0.032496,0.155989,0.233211,0.114365,-0.108696,0.201891,0.104436,0.172475,0.197361,0.163002,-0.085535,0.140002
-0.017799,-0.193388,1.002511,-0.006498,0.106801,0.932400,0.345226,5.132297,-0.244993,-0.273413,1.338255,-0.678818,-2.626078,0.482780,-0.703716,-0.630943,-0.249717,-0.093004,-0.317964,0.600568,0.159396,-0.021125,1.228074,-0.733721,1.123105,0.459724,-0.673608,0.008880,0.028481,-0.104372,-0.517439,-0.114930,-0.036807,0.147449,-6.623888,3.215813,4.380897,0.586603,1.422324,18.874401,-7.962301,6.724130,3.547144,-5.741081,2.753500,16.503757,1.755327,14.881832,2.563928,-3.714915,0.409660,1.144965,-3.849094,1.962538,2.142482,-0.179103,-0.258326,-0.593941,-0.493566,-0.052463,-0.306858,0.001790,0.157984,0.209952,0.120208,-0.112737,0.201836,0.059049,0.179375,0.155214,0.169867,-0.093489,0.139421
-0.092476,-0.123877,0.983217,-0.002125,0.112283,0.924087,0.365309,5.165083,-0.136284,-0.505361,0.735558,-0.424305,-2.085429,0.334722,-0.636222,-0.564327,-0.191229,-0.076174,0.014912,0.395142,0.257779,0.012862,1.135752,-0.669144,1.454857,0.497278,-0.391475,0.083579,-0.062394,-0.025638,-0.526644,-0.209647,0.009380,0.168425,-7.402891,3.374682,3.330825,2.924404,0.841485,16.643803,-10.271325,4.919158,1.699351,-4.616102,3.228808,16.587553,1.877711,14.106642,3.734977,-4.543751,3.936676,-0.460252,-4.735866,2.309345,1.048813,-0.127113,-0.219018,-0.640985,-0.440163,-0.023037,-0.425831,-0.033981,0.155602,0.195097,0.129894,-0.115810,0.204585,0.004072,0.179029,0.126282,0.182811,-0.100081,0.143884
-0.161960,-0.056857,0.960893,-0.009749,0.115742,0.912474,0.392300,4.916895,0.038059,-0.606349,0.085240,0.546376,-2.961344,0.115905,-0.653384,-0.447860,-0.180749,-0.010801,0.274181,0.149898,0.308649,0.019944,1.069014,-0.561026,1.766148,0.692044,-0.125714,0.118531,-0.129820,-0.149358,-0.559002,-0.288279,0.023806,-0.071757,-10.940845,-0.858100,5.823315,0.524005,3.268687,12.963428,-12.262203,2.543528,0.354108,-3.336897,5.405924,15.564600,9.738315,13.288038,1.747576,-3.371340,-6.185989,-1.617888,-3.931557,0.721296,-12.009115,-0.016036,-0.232156,-0.647306,-0.342930,-0.000530,-0.536266,-0.090010,0.131533,0.188109,0.156855,-0.092042,0.208907,-0.074742,0.152992,0.110400,0.210778,-0.069223,0.151428
-0.225378,0.003994,0.945143,-0.025875,0.119059,0.900423,0.417605,4.445049,0.357321,-0.213564,-0.273418,1.341690,-2.904217,-0.187009,-0.659250,-0.324646,-0.172453,0.016091,0.527544,-0.141773,0.330356,0.026983,1.002571,-0.482452,2.048187,0.868952,0.158624,0.111512,-0.185291,-0.328223,-0.604016,-0.338368,0.000559,-0.061270,-15.145725,-0.293258,6.160721,0.414793,1.344563,12.668175,-14.583518,1.085308,0.351958,-3.322159,3.928690,14.101942,8.845402,14.216922,-0.350957,-2.773514,-8.943236,-2.250705,-2.504477,-1.162377,0.524366,0.138495,-0.241174,-0.623395,-0.192298,0.011709,-0.629323,-0.132439,0.087844,0.188506,0.176357,-0.062465,0.213495,-0.135544,0.094203,0.106762,0.229736,-0.030803,0.159825
-0.293525,0.068902,0.940840,-0.042804,0.117189,0.881342,0.455709,4.593234,0.926856,0.481717,-0.697331,1.033490,-4.404307,-0.505791,-0.543015,-0.161599,-0.179404,0.068655,0.771784,-0.409981,0.330249,0.067751,0.908829,-0.432956,2.218668,0.829536,0.416636,0.069392,-0.251224,-0.426699,-0.669674,-0.358776,-0.046648,-0.101120,-15.939062,5.811721,8.152361,-0.347556,2.628201,12.211999,-13.410414,-0.005318,2.038384,-4.687109,2.474805,8.524061,-1.970828,12.900607,-2.105994,-3.296674,-4.923846,-3.282917,-1.020381,-2.360344,-1.992513,0.312839,-0.190905,-0.579588,-0.018672,0.006758,-0.678342,-0.143259,0.067457,0.195990,0.178310,-0.065427,0.218648,-0.156257,0.055545,0.115856,0.236117,-0.034090,0.169571
-0.365674,0.138810,0.944203,-0.053531,0.117030,0.859295,0.495025,4.713739,1.452531,0.964748,-0.179146,0.527403,-4.603243,-0.765074,-0.369832,0.029625,-0.142907,0.087074,0.952411,-0.621078,0.293481,0.169350,0.817164,-0.404401,2.295930,0.711181,0.547599,0.032442,-0.358035,-0.485095,-0.728858,-0.379965,-0.042487,-0.047978,-12.964178,8.659163,9.561188,1.824861,0.920944,9.031332,-10.554851,-1.838392,5.079953,-4.583218,1.427760,3.863064,-5.917734,6.548154,-1.847481,-5.340559,-2.919763,-2.959167,-1.059463,0.208053,2.657094,0.448482,-0.107770,-0.517286,0.142248,-0.034203,-0.681779,-0.140509,0.071007,0.202246,0.173676,-0.083332,0.223735,-0.158684,0.050230,0.124979,0.237320,-0.057505,0.178849
-0.435200,0.211618,0.953637,-0.067055,0.117478,0.843043,0.520559,4.587831,1.599491,1.397500,-0.341876,0.943120,-3.165332,-0.996487,-0.214403,0.232744,-0.055891,0.078134,1.050511,-0.756807,0.208802,0.268033,0.803386,-0.436436,2.301726,0.575767,0.584351,-0.024837,-0.433838,-0.481928,-0.770634,-0.421301,0.017867,0.035832,-11.570634,7.771424,10.155943,4.350802,-0.446979,4.905039,-6.786473,-4.233955,4.934177,-0.688933,-1.601759,0.289829,-6.770720,1.837587,-2.863930,-3.790143,0.158347,-2.088804,-2.066819,3.017732,4.190512,0.540836,-0.039221,-0.434039,0.238000,-0.105157,-0.658253,-0.128529,0.082323,0.203851,0.164978,-0.106877,0.228597,-0.147772,0.058068,0.127866,0.233823,-0.090109,0.187227
-0.505549,0.289738,0.969519,-0.071571,0.113299,0.838881,0.527560,4.727125,1.629913,1.804885,-0.497618,0.104805,-0.887440,-1.163409,-0.013887,0.399776,0.016649,0.023967,1.126543,-0.819786,0.119661,0.289802,0.841957,-0.497818,2.220136,0.368950,0.614530,-0.061858,-0.435423,-0.393523,-0.806267,-0.470564,0.094422,0.127221,-8.346089,10.025842,8.351612,3.626985,-2.708366,3.801579,-3.148951,-4.457072,1.088437,1.928580,-3.069120,-4.079526,-10.340810,1.508961,-1.851061,-0.079260,4.420238,-1.781645,-2.463148,3.827751,4.569450,0.599892,0.055679,-0.357029,0.262669,-0.158829,-0.640114,-0.109451,0.102119,0.205480,0.142794,-0.141228,0.233524,-0.133453,0.078845,0.130550,0.215471,-0.140266,0.195454
-0.577128,0.369971,0.990246,-0.068178,0.112812,0.835584,0.533314,4.780691,1.737347,2.025507,0.214623,-0.359302,-0.623742,-1.264152,0.153700,0.560720,0.102516,-0.044453,1.149000,-0.823075,0.087763,0.258857,0.928341,-0.629645,2.082018,0.193083,0.621766,-0.056684,-0.435983,-0.195773,-0.812970,-0.509243,0.195298,0.157718,-5.037158,8.379322,8.047212,4.293376,-3.420973,1.122845,-0.164426,-1.594910,-1.547249,4.319182,-6.591315,-6.905900,-8.793394,0.361804,0.258676,-0.027980,9.887521,-0.335171,-1.933942,5.043789,1.524857,0.621625,0.124669,-0.306824,0.236111,-0.169076,-0.638226,-0.090711,0.119939,0.205963,0.116279,-0.167367,0.235825,-0.119063,0.101438,0.131223,0.188223,-0.180458,0.198610
-0.648139,0.450102,1.009612,-0.062549,0.116733,0.832824,0.537462,4.777403,1.770898,1.907116,0.690472,-0.294199,-0.407667,-1.318618,0.260207,0.701053,0.137399,-0.102311,1.149000,-0.810279,0.088700,0.206668,1.008498,-0.811947,1.901430,0.114525,0.618134,-0.020263,-0.456623,0.034407,-0.792555,-0.507631,0.261434,0.161907,-2.723320,5.325373,7.016639,1.744142,-2.892929,0.000000,0.639783,0.046882,-2.609437,4.007837,-9.115111,-9.029391,-3.927870,-0.181636,1.821047,-1.032009,11.508987,1.020756,0.080615,3.306786,0.209459,0.631514,0.164876,-0.266617,0.203610,-0.154338,-0.639230,-0.081669,0.130419,0.205986,0.101264,-0.176466,0.234155,-0.112157,0.116710,0.131054,0.171018,-0.194669,0.194972
-0.717505,0.527780,1.026461,-0.061866,0.119608,0.833837,0.535333,4.668947,1.713285,1.757570,0.249889,0.118520,0.258026,-1.347716,0.340963,0.803583,0.080881,-0.120552,1.149000,-0.813415,0.061506,0.182500,1.062105,-0.993532,1.678506,0.121101,0.596306,0.047154,-0.457601,0.110664,-0.760803,-0.495414,0.261607,0.181188,-1.454883,4.037805,5.126485,-2.825885,-0.912051,-0.000000,-0.156775,-1.359738,-1.208421,2.680393,-9.079253,-11.146212,0.328787,-1.091404,3.370844,-0.048913,3.812845,1.587610,0.610864,0.008662,0.964069,0.636148,0.215278,-0.223920,0.189043,-0.159141,-0.634133,-0.082161,0.137251,0.205368,0.100076,-0.175677,0.231160,-0.112767,0.128874,0.129703,0.168577,-0.193266,0.189560
-0.788871,0.602570,1.038494,-0.064988,0.121343,0.840715,0.523690,4.672548,1.701853,1.532760,-0.176325,0.450325,1.309099,-1.343105,0.406316,0.860870,-0.026236,-0.099478,1.149000,-0.839879,0.011010,0.194832,1.098184,-1.171628,1.408092,0.182425,0.575007,0.152541,-0.394844,0.090299,-0.745221,-0.482367,0.217306,0.217275,0.230524,3.267625,2.864350,-5.355874,1.053711,0.000000,-1.323205,-2.524772,0.616606,1.803911,-8.904804,-13.520685,3.066200,-1.064952,5.269365,3.137883,-1.018240,0.779084,0.652317,-2.215075,1.804346,0.627908,0.274934,-0.198366,0.192413,-0.185008,-0.622362,-0.091096,0.143089,0.205997,0.109474,-0.168573,0.229387,-0.122276,0.142342,0.130106,0.178316,-0.181939,0.186791
-0.860660,0.679069,1.045069,-0.069075,0.119371,0.848815,0.510385,4.857556,1.489505,1.344616,-0.558636,0.350064,1.474074,-1.286461,0.461964,0.894958,-0.118501,-0.039373,1.149000,-0.849671,-0.067497,0.237238,1.106391,-1.316326,1.101721,0.259228,0.545376,0.259312,-0.285499,0.097229,-0.750212,-0.444773,0.166446,0.250262,2.832200,2.782406,1.704397,-4.613232,3.005237,-0.000000,-0.489594,-3.925337,2.120307,0.410365,-7.234901,-15.318538,3.840131,-1.481517,5.338569,5.467241,0.346472,-0.249524,1.879714,-2.542979,1.649338,0.608108,0.326608,-0.211399,0.191656,-0.231366,-0.610992,-0.101894,0.147185,0.207151,0.122200,-0.155982,0.228056,-0.133625,0.154609,0.131850,0.191837,-0.161764,0.185051
-0.930367,0.759689,1.045971,-0.074824,0.103436,0.857689,0.498068,5.088274,1.091594,1.147529,-1.830460,-0.250833,1.306086,-1.189181,0.522266,0.906054,-0.147142,0.055822,1.149000,-0.806612,-0.156011,0.241707,1.073145,-1.375795,0.817079,0.349700,0.526943,0.324526,-0.187051,0.071519,-0.756801,-0.368805,0.125155,0.261800,4.864025,3.015093,0.554801,-1.432040,4.759784,-0.000000,2.152926,-4.425695,0.223448,-1.662301,-2.973455,-14.232107,4.523610,-0.921654,3.260710,4.922411,-1.285474,-0.329478,3.798392,-2.064580,0.576892,0.580079,0.366187,-0.261379,0.170217,-0.268008,-0.613303,-0.115076,0.144345,0.208353,0.134766,-0.136947,0.225401,-0.148099,0.155761,0.134114,0.203531,-0.131208,0.181008
-1.000909,0.840983,1.042289,-0.077445,0.082887,0.866317,0.486443,5.228768,0.920227,0.899495,-2.065975,-0.748059,1.224486,-1.074490,0.574218,0.895442,-0.126155,0.123259,1.149000,-0.705510,-0.194957,0.182719,1.019442,-1.365705,0.565124,0.454863,0.517911,0.336072,-0.126778,0.055594,-0.762444,-0.270425,0.107120,0.261800,5.734515,2.597616,-0.530574,1.049318,3.371818,0.000000,5.055109,-1.947343,-2.949416,-2.685140,0.504516,-12.597770,5.258162,-0.451606,0.577261,3.013651,-0.796262,-0.282122,4.919017,-0.901709,0.000000,0.545794,0.390597,-0.328537,0.128667,-0.264706,-0.634800,-0.129263,0.133024,0.208285,0.145219,-0.112862,0.222334,-0.163347,0.142966,0.134314,0.210080,-0.093100,0.176131
-1.074797,0.921192,1.034960,-0.076745,0.060263,0.874199,0.475662,5.347489,0.928196,0.639817,-2.080552,-1.128807,1.127726,-0.959708,0.613319,0.869375,-0.087347,0.162911,1.149000,-0.575977,-0.179537,0.115193,0.938725,-1.304688,0.372848,0.577819,0.522124,0.287166,-0.088513,0.049570,-0.772876,-0.172022,0.102060,0.261800,5.739111,1.955055,-1.303385,1.940387,1.982632,0.000000,6.476655,0.771011,-3.376278,-4.035851,3.050838,-9.613772,6.147797,0.210636,-2.445302,1.913235,-0.301195,-0.521644,4.920159,-0.253000,0.000000,0.505415,0.404860,-0.395791,0.082893,-0.237938,-0.663357,-0.142537,0.111790,0.206742,0.153249,-0.085331,0.220329,-0.176059,0.114620,0.131905,0.210973,-0.051167,0.173074
-1.155279,0.997271,1.023934,-0.067340,0.044321,0.884414,0.459688,5.445386,1.105618,0.304947,-1.157672,-1.562742,1.795850,-0.850887,0.630319,0.815750,-0.071628,0.153705,1.149000,-0.413800,-0.082858,0.040432,0.853936,-1.188923,0.267570,0.740356,0.544989,0.206205,-0.058314,0.037835,-0.791281,-0.092540,0.107355,0.261800,5.441076,0.849997,-2.681214,0.785994,-0.460330,-0.000000,8.108866,4.833968,-3.738072,-4.239443,5.788255,-5.263923,8.126869,1.143249,-4.048041,1.509951,-0.586780,-0.920242,3.974061,0.264741,0.000000,0.461840,0.414296,-0.452501,0.018150,-0.171083,-0.692552,-0.154900,0.079443,0.205552,0.160110,-0.052498,0.220013,-0.185538,0.071282,0.129876,0.207077,-0.004459,0.172911
-1.233451,1.071988,1.008526,-0.058808,0.028790,0.896143,0.438908,5.402459,0.797620,-0.064992,-1.201040,-1.459473,2.286078,-0.763423,0.612559,0.729138,-0.069053,0.120167,1.147210,-0.274657,-0.000594,-0.068579,0.750792,-1.037624,0.267168,0.946483,0.568848,0.138176,-0.065308,0.005460,-0.813324,-0.023677,0.108731,0.215649,4.373192,-0.888003,-4.330604,0.128737,-1.676871,-0.089484,6.957134,4.113199,-5.450555,-5.157233,7.564940,-0.020073,10.306351,1.192951,-3.401418,-0.349704,-1.618731,-1.102119,3.443192,0.068767,-2.307545,0.426405,0.410314,-0.497804,-0.036325,-0.097142,-0.707932,-0.163295,0.040044,0.205302,0.161955,-0.013472,0.220601,-0.187868,0.021271,0.129303,0.193335,0.046576,0.174321
-1.307958,1.146084,0.991945,-0.052392,0.019358,0.905702,0.420219,5.293936,0.457121,-0.237923,-0.713704,-0.993973,2.038479,-0.678061,0.557369,0.621055,-0.071112,0.045501,1.046641,-0.190094,0.035041,-0.175806,0.646392,-0.851237,0.300603,1.199792,0.493481,0.128535,-0.070204,-0.050589,-0.766501,0.064648,0.099342,0.142023,4.268075,-2.759494,-5.404141,-0.102958,-3.733316,-5.028456,4.228127,1.781765,-5.361320,-5.219961,9.319361,1.671737,12.665432,-3.768339,-0.482092,-0.244806,-2.802454,2.341149,4.416237,-0.469401,-3.681322,0.394711,0.389059,-0.543703,-0.058633,-0.048160,-0.715311,-0.165587,0.005049,0.200812,0.150881,0.025468,0.215971,-0.182289,-0.013955,0.122760,0.159392,0.090314,0.166425
-1.379746,1.218975,0.974882,-0.050481,0.017277,0.910826,0.409327,5.170034,0.270013,-0.303632,-0.190162,-0.265718,1.177404,-0.603424,0.450911,0.540238,-0.043145,-0.055126,0.854498,-0.102879,0.121538,-0.233124,0.600283,-0.619488,0.320088,1.483776,0.361104,0.091239,0.062295,-0.118962,-0.693431,0.140643,0.140259,0.036607,3.731873,-5.322892,-4.040845,1.398340,-5.031340,-9.607138,4.360745,4.324829,-2.865934,-2.305462,11.587479,0.974231,14.199203,-6.618845,-1.864781,6.624969,-3.418652,3.653499,3.799752,2.045814,-5.270779,0.369338,0.331543,-0.596141,-0.102579,0.012917,-0.705186,-0.157113,-0.027569,0.193977,0.130883,0.059543,0.210456,-0.166681,-0.040062,0.113450,0.115184,0.119566,0.156762
-1.448799,1.289600,0.958830,-0.050308,0.028765,0.920603,0.386176,4.998173,-0.018562,-0.229902,0.948578,0.465109,2.545157,-0.605802,0.293400,0.415864,-0.103262,-0.132956,0.627720,0.009464,0.148894,-0.247741,0.582063,-0.471403,0.525059,1.752074,0.224937,0.020899,-0.129746,-0.177424,-0.666394,0.198290,0.237440,-0.010559,-0.118926,-7.875587,-6.218719,-3.005835,-3.891515,-11.338942,5.617162,1.367821,-0.730810,-0.911002,7.404249,10.248584,13.414913,-6.808381,-3.517020,-9.602052,-2.923086,1.351853,2.882349,4.859074,-2.358328,0.394627,0.258889,-0.602491,-0.167034,0.031290,-0.688436,-0.141106,-0.051990,0.188706,0.105902,0.087498,0.208833,-0.140816,-0.053965,0.106680,0.070141,0.137063,0.154090
-1.512542,1.354871,0.946731,-0.052984,0.040588,0.931259,0.358194,4.591877,-0.298158,-0.007110,0.882581,0.738895,3.012554,-0.594499,0.069841,0.278102,-0.157838,-0.153065,0.302486,0.200236,0.136402,-0.201678,0.541991,-0.469990,0.700987,1.982795,0.071618,-0.019488,-0.296312,-0.206705,-0.631705,0.220007,0.253734,0.032625,0.565185,-11.177948,-6.888099,-2.728787,-1.005415,-16.261665,9.538590,-0.624628,2.303118,-2.003603,0.070632,8.796351,11.536050,-7.665915,-2.019328,-8.328300,-1.464077,1.734443,1.085819,0.814700,2.159221,0.409111,0.139421,-0.609582,-0.268888,0.011119,-0.658312,-0.129329,-0.065449,0.185942,0.083091,0.105530,0.206809,-0.127756,-0.054239,0.104676,0.036608,0.142996,0.150526
-1.572522,1.425844,0.943241,-0.057018,0.047194,0.942409,0.326172,4.528028,-0.926957,0.505032,0.326033,0.701303,3.391699,-0.449183,-0.207356,0.138169,-0.204211,-0.111172,-0.023673,0.381632,0.058803,-0.146753,0.580119,-0.462443,0.626244,2.128953,-0.043622,-0.037830,-0.363398,-0.197300,-0.645610,0.269340,0.261800,0.067616,7.265798,-13.859811,-6.996673,-2.318650,2.094624,-16.307985,9.069798,-3.879928,2.746258,1.906381,0.377324,-3.737114,7.307885,-5.762032,-0.917104,-3.354292,0.470262,-0.695262,2.466646,0.403287,1.749538,0.332361,-0.017968,-0.644629,-0.376414,-0.044759,-0.599480,-0.123812,-0.071460,0.185703,0.062574,0.113641,0.208158,-0.125837,-0.051513,0.106140,0.008119,0.141207,0.153323
-1.640883,1.496693,0.940235,-0.056174,0.049990,0.954015,0.290174,4.782789,-1.025993,0.571942,0.099716,0.124562,3.792988,-0.278874,-0.447223,-0.033076,-0.243489,-0.078142,-0.241534,0.547502,-0.049789,-0.070937,0.680594,-0.456327,0.560837,2.185746,-0.034415,-0.057942,-0.430137,-0.222694,-0.672836,0.288644,0.226586,0.108892,8.515418,-11.993389,-8.562225,-1.963916,1.651481,-10.893017,8.293540,-5.429613,3.790819,5.023760,0.305831,-3.270367,2.839672,0.460350,-1.005615,-3.336956,-1.269665,-1.361303,0.965231,-1.760713,2.063803,0.226433,-0.147373,-0.647604,-0.469565,-0.122043,-0.504057,-0.117252,-0.078051,0.185637,0.053121,0.117002,0.210076,-0.117689,-0.057706,0.106151,-0.004430,0.141403,0.156928
-1.705121,1.568630,0.944203,-0.058235,0.048019,0.963346,0.257424,4.501100,-1.480137,0.917736,-0.426782,0.235660,3.386182,-0.128486,-0.685323,-0.216382,-0.213803,-0.116011,-0.422537,0.672712,-0.158147,-0.001322,0.771867,-0.493747,0.506576,2.183247,-0.130482,-0.039931,-0.464355,-0.266928,-0.674410,0.284122,0.115281,0.116069,7.519432,-11.904963,-9.165309,1.484307,-1.893428,-9.050149,6.260476,-5.417892,3.480721,4.563669,-1.870998,-2.713052,-0.124962,-4.803346,0.900563,-1.710925,-2.211730,-0.078703,-0.226107,-5.565249,0.358876,0.114681,-0.262894,-0.610505,-0.518597,-0.195621,-0.408304,-0.125035,-0.069760,0.186524,0.053597,0.117327,0.210118,-0.129662,-0.044115,0.108722,-0.002948,0.143767,0.156865
-1.775507,1.641638,0.953768,-0.052903,0.044794,0.969559,0.234839,4.697313,-1.584148,1.168414,-0.307853,-0.542020,2.343590,0.071026,-0.871764,-0.389233,-0.154548,-0.207178,-0.556427,0.774145,-0.222103,0.071353,0.906270,-0.554983,0.363003,2.101920,-0.268906,-0.037479,-0.427554,-0.288095,-0.686005,0.277627,0.058213,0.097484,9.975601,-9.322057,-8.642574,2.962751,-4.558337,-6.694494,5.071651,-3.197827,3.633785,6.720138,-3.061794,-7.178620,-4.066377,-6.921159,0.122601,1.840085,-1.058329,-0.579759,-0.324737,-2.853370,-0.929273,-0.007294,-0.336080,-0.559028,-0.538799,-0.243750,-0.304481,-0.137583,-0.045749,0.189531,0.062737,0.113788,0.210773,-0.144830,-0.011007,0.115553,0.008975,0.146196,0.157937
-1.848679,1.716396,0.965580,-0.047928,0.033891,0.972902,0.223641,4.826269,-1.725179,1.198887,-1.005181,-0.724088,1.133163,0.255656,-1.010615,-0.552436,-0.058572,-0.293701,-0.621539,0.835074,-0.225276,0.083623,1.075611,-0.646827,0.209474,1.955031,-0.393791,-0.013643,-0.306670,-0.314161,-0.706611,0.285562,0.007276,0.037113,9.231496,-6.942588,-8.160102,4.798784,-4.326182,-3.255595,3.046464,-0.158628,0.613488,8.467052,-4.592242,-7.676497,-7.344459,-6.244283,1.191801,6.044177,-1.303301,-1.030277,0.396759,-2.546884,-3.018522,-0.105537,-0.374413,-0.503564,-0.537048,-0.240481,-0.220739,-0.149007,-0.012891,0.194103,0.077119,0.104245,0.212193,-0.156708,0.030313,0.124775,0.028172,0.144981,0.160452
-1.921109,1.792567,0.979714,-0.044622,0.019332,0.975923,0.212627,4.786271,-1.938866,1.204998,-1.402950,-0.647399,1.081283,0.398352,-1.083555,-0.702127,0.040446,-0.346699,-0.652977,0.887905,-0.234359,0.039772,1.230744,-0.720633,0.090845,1.750783,-0.500980,0.001764,-0.121975,-0.314882,-0.704990,0.307492,-0.042231,-0.020049,7.134776,-3.646969,-7.484565,4.950888,-2.649867,-1.571939,2.641524,-0.454148,-2.192584,7.756643,-3.690284,-5.931410,-10.212392,-5.359421,0.770347,9.234769,-0.036039,0.081039,1.096484,-2.475340,-2.858111,-0.171944,-0.381190,-0.471605,-0.525068,-0.217966,-0.151527,-0.150646,0.028623,0.199330,0.094746,0.085221,0.212361,-0.153359,0.079637,0.135123,0.054288,0.134465,0.160686
-1.995615,1.867473,0.994372,-0.036405,0.009632,0.979761,0.196596,4.812573,-2.013997,1.106745,-0.848163,-1.014316,1.610413,0.513280,-1.078171,-0.856759,0.118946,-0.379011,-0.690256,0.926067,-0.231081,-0.006031,1.397431,-0.837788,0.020569,1.494678,-0.587627,-0.028593,0.023023,-0.289585,-0.702964,0.313178,-0.047360,-0.013872,5.746413,0.269194,-7.731613,3.925030,-1.615637,-1.863915,1.908136,0.163901,-2.290107,8.334348,-5.857749,-3.513822,-12.805255,-4.332346,-1.517844,7.249862,1.264841,0.101280,0.284315,-0.256455,0.308821,-0.222750,-0.358449,-0.476791,-0.499839,-0.188084,-0.095333,-0.133356,0.073589,0.204015,0.112706,0.058129,0.212309,-0.121232,0.128554,0.144315,0.085710,0.115821,0.160587
-2.073300,1.939986,1.005041,-0.023131,0.012089,0.984711,0.172228,4.850940,-2.081377,0.808681,0.396763,-1.260397,2.497673,0.617187,-1.022495,-0.999587,0.170700,-0.399296,-0.708718,0.986757,-0.231151,-0.007308,1.519504,-0.942446,0.016301,1.208177,-0.686022,-0.123650,0.009817,-0.240690,-0.715970,0.326173,-0.064842,0.075062,5.195368,2.783776,-7.141374,2.587666,-1.014204,-0.923105,3.034470,-0.003510,-0.063882,6.103674,-5.232888,-0.213394,-14.325014,-4.919775,-4.752863,-0.660266,2.444715,-0.650283,0.649721,-0.874083,4.446703,-0.270455,-0.317621,-0.497793,-0.471182,-0.179219,-0.041993,-0.093829,0.110941,0.209960,0.123343,0.024965,0.213329,-0.056794,0.160171,0.155765,0.112991,0.088478,0.162425
-2.151051,2.010179,1.012154,-0.004537,0.022000,0.989028,0.146009,4.729078,-2.218064,0.522592,1.215323,-1.658978,2.695009,0.715715,-0.925469,-1.120071,0.204505,-0.416862,-0.763034,1.054459,-0.226998,0.032954,1.617718,-1.019792,0.044182,0.900365,-0.759640,-0.245660,-0.023843,-0.189226,-0.734407,0.343845,-0.052724,0.209726,4.926404,4.851343,-6.024222,1.690295,-0.878300,-2.715794,3.385127,0.207670,2.013095,4.910664,-3.867287,1.394031,-15.390603,-3.680881,-6.100497,-1.683012,2.573227,-0.921856,0.883597,0.605892,6.733208,-0.322767,-0.258321,-0.522329,-0.438307,-0.186573,0.006065,-0.043434,0.127825,0.215419,0.123991,-0.011713,0.214788,0.015511,0.156748,0.166213,0.132072,0.053135,0.165173
-2.221370,2.089951,1.009680,0.005079,0.026584,0.990135,0.137478,4.469454,-2.882626,0.019834,0.580892,-0.871940,0.875732,0.789989,-0.857631,-1.180582,0.233820,-0.386900,-0.810331,1.117540,-0.210129,0.057466,1.675710,-1.048084,0.090412,0.641885,-0.817168,-0.349489,-0.021610,-0.124902,-0.736380,0.334053,-0.045290,0.261800,3.713661,3.391867,-3.025572,1.465723,1.498093,-2.364880,3.154036,0.843414,1.225603,2.899643,-1.414641,2.311522,-12.924015,-2.876427,-5.191444,0.111636,3.216195,-0.098653,-0.489571,0.371713,2.603709,-0.365718,-0.212779,-0.527313,-0.413739,-0.187903,0.040248,-0.002278,0.126004,0.220498,0.117823,-0.043432,0.214772,0.066266,0.131394,0.175722,0.142827,0.016936,0.165146
-2.293736,2.168903,1.004721,0.010082,0.033525,0.988476,0.147276,4.610156,-2.733599,-0.105273,0.757586,-0.407274,-0.984776,0.845112,-0.802648,-1.160464,0.217257,-0.341983,-0.868101,1.149000,-0.190404,0.094232,1.655291,-1.021125,0.185026,0.447105,-0.872718,-0.401979,-0.041195,-0.126832,-0.725307,0.284039,-0.033460,0.261800,2.756161,2.749183,1.005902,-0.828138,2.245854,-2.888504,1.572997,0.986282,1.838337,-1.020952,1.347974,4.730682,-9.739022,-2.777472,-2.624499,-0.979218,-0.096502,0.553654,-2.500709,0.591497,0.000000,-0.399392,-0.188304,-0.516881,-0.413018,-0.198440,0.051180,0.026010,0.119240,0.225169,0.110168,-0.069574,0.213407,0.096031,0.106727,0.184269,0.148857,-0.018095,0.162561
-2.365593,2.245791,0.997230,0.011878,0.037900,0.983650,0.175658,4.698331,-2.387234,-0.234545,0.461756,-0.158126,-2.874404,0.849012,-0.767101,-1.069303,0.159862,-0.307532,-0.927957,1.149000,-0.164141,0.065743,1.591758,-0.960435,0.370357,0.356499,-0.888743,-0.446564,-0.042561,-0.125227,-0.684819,0.250331,-0.047957,0.227107,0.194991,1.777329,4.558052,-2.869740,1.722524,-2.992770,0.000000,1.313154,-1.424455,-3.176665,3.034502,9.266558,-4.530270,-0.801280,-2.229236,-0.068298,0.080244,2.024390,-1.685431,-0.724874,-1.734633,-0.407005,-0.188974,-0.509997,-0.434251,-0.185147,0.043021,0.037139,0.111912,0.226990,0.102789,-0.083831,0.210411,0.105584,0.089541,0.187658,0.146458,-0.039491,0.156939
-2.435633,2.324021,0.987645,0.012421,0.043396,0.976065,0.212744,4.809820,-2.135201,-0.316203,0.562701,-0.059859,-3.774599,0.807640,-0.741990,-0.903694,0.085577,-0.285995,-0.888336,1.149000,-0.120769,-0.025887,1.440022,-0.825801,0.613690,0.351507,-0.914620,-0.471850,-0.031837,-0.106688,-0.626309,0.186464,-0.076549,0.201853,-2.068590,1.255565,8.280457,-3.714276,1.076875,1.981028,-0.000000,2.168562,-4.581536,-7.586829,6.731720,12.166682,-0.249581,-1.293850,-1.264289,0.536180,0.926951,2.925547,-3.193315,-1.429596,-1.262719,-0.392553,-0.204268,-0.511788,-0.480746,-0.144672,0.018840,0.038863,0.109207,0.229247,0.101845,-0.092434,0.206247,0.107523,0.084553,0.191695,0.146784,-0.054563,0.148989
-2.503448,2.400787,0.973649,0.013119,0.042782,0.966386,0.253170,4.834828,-1.739369,-0.564553,-0.013966,-0.225758,-4.144335,0.747462,-0.712332,-0.737018,0.026210,-0.233715,-0.710048,1.141557,-0.053654,-0.071496,1.268603,-0.718245,0.883115,0.408423,-0.839912,-0.447463,-0.068117,-0.116989,-0.570972,0.074206,-0.090588,0.191532,-3.008910,1.482863,8.333810,-2.968338,2.613973,8.914416,-0.372143,3.355791,-2.280429,-8.570931,5.377785,13.471228,2.845754,3.735391,1.219316,-1.814013,-0.515028,2.766803,-5.612895,-0.701925,-0.516032,-0.368834,-0.213029,-0.525707,-0.524113,-0.109771,-0.018574,0.028118,0.113294,0.223610,0.109242,-0.098934,0.202780,0.096060,0.094213,0.181752,0.155029,-0.067986,0.142134
-2.574667,2.476855,0.953730,0.021304,0.045838,0.958989,0.278898,5.030452,-1.397288,-0.938216,0.459669,-0.797570,-2.640515,0.671515,-0.683668,-0.639591,0.005729,-0.187428,-0.504843,1.010526,0.017374,-0.023115,1.227540,-0.657655,1.150838,0.477726,-0.611284,-0.403080,-0.132682,0.055513,-0.568772,0.035258,-0.076914,0.165566,-3.797307,1.433224,4.871342,-1.024041,2.314347,10.260242,-6.551579,3.551354,2.419036,-2.053165,3.029503,13.386147,3.465154,11.431410,2.219169,-3.228222,8.625085,0.110002,-1.947432,0.683666,-1.298309,-0.340112,-0.209087,-0.551860,-0.538188,-0.103252,-0.095667,0.003462,0.115446,0.208614,0.118012,-0.094525,0.202839,0.063956,0.102805,0.154642,0.163224,-0.062888,0.142117
-2.639478,2.553057,0.932685,0.022442,0.050048,0.954407,0.293427,4.807660,-1.441526,-0.966098,0.386436,-0.051212,-1.508192,0.538908,-0.707431,-0.562301,0.016934,-0.153376,-0.243364,0.815657,0.063666,-0.001330,1.168301,-0.603247,1.433603,0.597594,-0.350527,-0.331778,-0.190183,0.249160,-0.608462,0.010876,-0.060707,0.023655,-6.630384,-1.188171,3.864511,0.560212,1.702587,13.073936,-9.743410,2.314600,1.089254,-2.961949,2.720405,14.138253,5.993429,13.037853,3.565091,-2.875066,9.682333,-1.984465,-1.219061,0.810395,-7.095553,-0.282092,-0.225771,-0.578003,-0.536708,-0.093683,-0.215716,-0.033602,0.111565,0.195312,0.132873,-0.078910,0.205450,0.014436,0.106042,0.129023,0.176634,-0.041580,0.146937
