2.876998,-2.570354,1.019131,-0.020315,-0.040165,-0.420651,0.906105,-3.024569,-0.347500,0.420582,0.495907,1.906679,1.628698,-0.409329,0.213408,0.449640,-0.019007,-0.045557,0.591426,0.276039,-0.174175,0.000201,0.792069,-1.004526,0.345485,0.520992,0.092457,-0.093894,0.010150,-0.160173,-0.372902,-0.217954,0.018734,0.144406,-5.001974,-5.092529,-3.177795,-1.563166,-1.027957,-8.275752,1.057764,-0.878351,-5.208334,-4.483058,3.966113,8.570202,0.037760,-6.202199,1.493054,-4.169197,0.533437,2.586196,1.351308,1.553571,-3.811746,0.274875,0.194716,-0.691327,-0.354967,-0.203342,-0.580883,-0.077167,0.113641,0.186092,0.120030,-0.123357,0.197295,-0.066030,0.111877,0.104820,0.165138,-0.113625,0.129451
2.836159,-2.529863,1.015424,-0.009397,-0.028522,-0.417272,0.908285,-2.872154,-0.230969,-0.012484,0.525492,1.521889,0.357527,-0.502080,0.103713,0.417811,-0.039992,-0.060348,0.429690,0.333302,-0.169886,-0.031946,0.725378,-0.925709,0.584439,0.536213,-0.039996,-0.088744,-0.144053,-0.146008,-0.335468,-0.163840,-0.005722,0.097925,-4.637529,-5.484787,-1.591466,-1.049272,-0.739559,-8.086798,2.863144,0.214470,-1.607362,-3.334558,3.940854,11.947688,0.761064,-6.622677,0.257522,-7.710126,0.708255,1.871669,2.705729,-1.222812,-2.324084,0.335064,0.133716,-0.664478,-0.372945,-0.194080,-0.579342,-0.066445,0.120589,0.185700,0.115759,-0.119351,0.194433,-0.045585,0.121841,0.106356,0.156601,-0.107360,0.124287
2.793916,-2.488842,1.005628,-0.001575,-0.021921,-0.416969,0.908655,-2.949857,-0.270357,-0.364563,0.443881,0.925434,0.015668,-0.570350,-0.007459,0.346648,-0.045627,-0.060763,0.303988,0.360754,-0.161368,-0.020379,0.645521,-0.849906,0.824876,0.591634,-0.111839,0.003451,-0.279956,-0.177816,-0.310140,-0.065226,-0.056264,0.079100,-3.413520,-5.558598,-3.558108,-0.281746,-0.020721,-6.285090,1.372584,0.425894,0.578369,-3.992853,3.790181,12.021847,2.771037,-3.592156,4.609743,-6.795181,-1.590423,1.266436,4.930672,-2.527070,-0.941209,0.370510,0.073646,-0.640063,-0.373852,-0.196627,-0.589432,-0.071329,0.129129,0.186473,0.114144,-0.106403,0.191706,-0.049144,0.138396,0.108024,0.148677,-0.087738,0.119655
2.755095,-2.449351,0.990777,0.004516,-0.017017,-0.411962,0.911031,-2.783789,-0.168986,-0.663276,0.370901,0.702050,0.535290,-0.612096,-0.102589,0.257156,-0.036031,-0.056904,0.167223,0.398554,-0.144400,0.016740,0.601940,-0.791182,1.036918,0.676847,-0.170721,0.034166,-0.358808,-0.294021,-0.320623,0.062302,-0.111855,0.114495,-2.087306,-4.756459,-4.474618,0.479807,0.192936,-6.838264,1.890017,0.848413,1.855961,-2.179038,2.936180,10.602089,4.260668,-2.944070,1.535770,-3.942596,-5.810234,-0.524192,6.376420,-2.779560,1.769749,0.383953,0.024664,-0.623906,-0.385285,-0.199953,-0.585702,-0.078575,0.129109,0.187648,0.114709,-0.085839,0.191114,-0.054686,0.143442,0.110472,0.141527,-0.056987,0.119137
2.719388,-2.410907,0.970963,0.008803,-0.014448,-0.408576,0.912568,-2.641420,-0.078338,-0.938419,0.295769,0.410614,0.359502,-0.618812,-0.200642,0.157507,-0.000658,-0.044388,0.032819,0.451212,-0.121553,0.067618,0.584276,-0.752196,1.205371,0.764242,-0.204300,0.048775,-0.363757,-0.378675,-0.365298,0.208851,-0.154259,0.124096,-0.335804,-4.902689,-4.982465,1.768649,0.625802,-6.720156,2.632898,1.142317,2.543871,-0.883174,1.949299,8.422643,4.369746,-1.678977,0.730433,-0.247457,-4.232708,-2.233709,7.327427,-2.120211,0.480009,0.369724,-0.024371,-0.622770,-0.407182,-0.202665,-0.569425,-0.087656,0.125371,0.188501,0.113139,-0.062338,0.193551,-0.063897,0.144057,0.112221,0.130398,-0.022004,0.124215
2.684872,-2.374274,0.951961,0.011395,-0.012433,-0.403845,0.914672,-2.528895,-0.070087,-0.914184,0.165810,0.294207,0.509358,-0.586322,-0.298580,0.046636,0.050489,-0.041991,-0.136539,0.523743,-0.105156,0.071923,0.562881,-0.716458,1.327065,0.840360,-0.208187,0.045038,-0.331106,-0.418560,-0.417447,0.359538,-0.199451,0.096236,1.624496,-4.896869,-5.543529,2.557366,0.119833,-8.467904,3.626553,0.819875,0.215286,-1.069779,1.786920,6.084708,3.805881,-0.194341,-0.186857,1.632575,-1.994251,-2.607474,7.534369,-2.259565,-1.392953,0.329406,-0.067981,-0.635089,-0.437583,-0.195317,-0.545491,-0.096346,0.118386,0.188547,0.107377,-0.041546,0.198448,-0.073876,0.139260,0.112444,0.113411,0.008221,0.133493
2.650575,-2.336526,0.940228,0.013649,-0.010066,-0.390393,0.920492,-2.553435,0.060032,-0.568859,0.139537,0.323885,1.457697,-0.530897,-0.396098,-0.089972,0.068776,-0.057621,-0.334756,0.603199,-0.113265,0.042526,0.570505,-0.690233,1.393623,0.900240,-0.190697,-0.012715,-0.288742,-0.408934,-0.449824,0.491897,-0.206070,0.053122,2.771269,-4.875932,-6.830430,0.914334,-0.781488,-9.910876,3.972815,-0.405444,-1.469866,0.381218,1.311209,3.327884,2.994016,0.874502,-2.887638,2.118206,0.481328,-1.618845,6.617974,-0.330965,-2.155721,0.286856,-0.104200,-0.644946,-0.473366,-0.191403,-0.507016,-0.100061,0.107049,0.187684,0.099158,-0.027504,0.203860,-0.076663,0.125787,0.111305,0.093699,0.027862,0.143552
2.621405,-2.301366,0.936347,0.013921,-0.012592,-0.375763,0.926526,-2.273375,0.238954,-0.173352,0.138197,-0.204330,1.582758,-0.411707,-0.457258,-0.247716,0.057384,-0.083047,-0.515122,0.695355,-0.148002,0.020835,0.608667,-0.701030,1.397531,0.910963,-0.168348,-0.091967,-0.286197,-0.352568,-0.452690,0.545426,-0.248289,0.036666,5.959517,-3.058005,-7.887181,-0.569607,-1.271284,-9.018280,4.607761,-1.736875,-1.084569,1.908105,-0.539828,0.195443,0.536129,1.117438,-3.962598,0.127242,2.818253,-0.143296,2.676416,-2.110933,-0.822804,0.225192,-0.118424,-0.667630,-0.511422,-0.202863,-0.448668,-0.096607,0.098751,0.187149,0.094730,-0.024540,0.206058,-0.069793,0.112402,0.110814,0.085469,0.031877,0.147206
2.592673,-2.262836,0.942449,0.017625,-0.021340,-0.360830,0.932221,-2.350439,0.473010,0.346455,0.682920,-0.660790,1.597919,-0.263733,-0.497312,-0.412193,-0.018879,-0.121082,-0.646761,0.797531,-0.197882,0.018248,0.625587,-0.728199,1.323067,0.885708,-0.161084,-0.192831,-0.248793,-0.267404,-0.451888,0.531189,-0.260315,0.042100,7.398678,-2.002681,-8.223825,-3.813143,-1.901771,-6.581944,5.108815,-2.493991,-0.129352,0.845987,-1.358436,-3.723211,-1.262762,0.363227,-5.043195,1.870192,4.258247,0.040088,-0.711843,-0.601329,0.271716,0.167475,-0.131278,-0.682144,-0.541938,-0.227520,-0.385928,-0.086960,0.093536,0.187828,0.095316,-0.027446,0.205449,-0.054694,0.101146,0.112773,0.088588,0.028707,0.146003
2.566166,-2.225005,0.956677,0.019311,-0.033628,-0.357381,0.933153,-2.213051,0.567428,0.788042,0.597978,-1.081323,0.369171,-0.085499,-0.495668,-0.562332,-0.110139,-0.136161,-0.729384,0.888730,-0.263075,0.037155,0.668085,-0.784317,1.187795,0.797381,-0.218476,-0.288004,-0.229809,-0.149869,-0.451030,0.481154,-0.261121,0.035651,8.911725,0.082219,-7.506984,-4.562994,-0.753961,-4.131152,4.559964,-3.259625,0.945390,2.124904,-2.805910,-6.763610,-4.416342,-2.869632,-4.758666,0.949197,5.876716,0.042931,-2.501751,-0.040292,-0.322464,0.095536,-0.130892,-0.697368,-0.559361,-0.264166,-0.315740,-0.067621,0.097576,0.190618,0.096799,-0.037927,0.203516,-0.027359,0.099207,0.119144,0.098400,0.016925,0.142517
2.534395,-2.184835,0.976887,0.011319,-0.039866,-0.366144,0.929635,-2.460173,0.440246,1.154284,-0.552352,-0.889100,-0.907507,0.067006,-0.468748,-0.675600,-0.169925,-0.114917,-0.797044,0.966888,-0.358612,0.048206,0.741721,-0.825743,1.032253,0.625844,-0.312893,-0.353669,-0.208346,0.033213,-0.440254,0.420855,-0.252579,0.032005,7.625236,1.345974,-5.663376,-2.989277,1.062199,-3.383027,3.907892,-4.776857,0.552530,3.681804,-2.071310,-7.777080,-8.576838,-4.720817,-3.283262,1.073152,9.154106,0.538766,-3.014964,0.427097,-0.182290,0.025611,-0.118299,-0.708338,-0.560415,-0.308734,-0.237413,-0.038918,0.106760,0.194685,0.092896,-0.058141,0.201083,0.008088,0.099888,0.127786,0.107038,-0.007475,0.138114
2.504685,-2.140300,0.997001,0.019343,-0.043587,-0.373818,0.926275,-2.543864,0.645334,1.135353,0.851414,-0.073923,-0.867131,0.170399,-0.437798,-0.747042,-0.241579,-0.121719,-0.893246,1.031864,-0.425376,0.112212,0.810572,-0.816669,0.867331,0.397908,-0.428389,-0.451894,-0.165896,0.255748,-0.392123,0.372820,-0.198196,0.071330,5.169669,1.547509,-3.572120,-3.582729,-0.340074,-4.810100,3.248788,-3.338206,3.200290,3.442538,0.453695,-8.246100,-11.396788,-5.774813,-4.911252,2.122524,11.126774,2.406545,-2.401744,2.719138,1.966239,-0.016526,-0.110360,-0.709022,-0.546551,-0.352044,-0.166956,-0.001963,0.106289,0.201627,0.076434,-0.083600,0.197844,0.049154,0.083582,0.141596,0.101408,-0.041161,0.132212
2.474837,-2.096983,1.016855,0.012181,-0.049712,-0.382924,0.922361,-2.498137,0.537727,1.172023,-0.478198,-0.846590,-0.959469,0.266291,-0.362125,-0.780854,-0.246917,-0.056846,-0.991505,1.093729,-0.470911,0.317138,0.863104,-0.772998,0.695532,0.187872,-0.567434,-0.555263,-0.110781,0.289777,-0.308679,0.366971,-0.174016,0.136904,4.794572,3.783632,-1.690590,-0.266870,3.243638,-4.912927,3.093260,-2.276769,10.246298,2.626587,2.183586,-8.589959,-10.501790,-6.952239,-5.168420,2.755735,1.701406,4.172209,-0.292453,1.208998,3.278721,-0.074219,-0.065327,-0.720613,-0.502670,-0.426638,-0.104031,0.029950,0.094928,0.211191,0.050008,-0.100473,0.194932,0.079866,0.055011,0.159740,0.078902,-0.065968,0.126326
2.441774,-2.051769,1.033260,0.003173,-0.039266,-0.410419,0.911046,-2.725724,0.294367,1.000088,-1.373389,0.586897,-2.918909,0.291422,-0.371233,-0.758050,-0.227986,0.025798,-1.098535,1.078710,-0.461596,0.489835,0.933801,-0.752831,0.547693,0.148704,-0.752258,-0.547683,-0.059715,0.181210,-0.235008,0.411101,-0.156241,0.119051,1.256543,-0.455365,1.140211,0.946515,4.132181,-5.351494,-0.750942,0.465786,8.634851,3.534866,1.008321,-7.391957,-1.958414,-9.241228,0.378980,2.553315,-5.428312,3.683537,2.206505,0.888753,-0.892666,-0.096021,-0.066922,-0.718144,-0.462439,-0.467909,-0.096726,0.046978,0.093568,0.220506,0.037864,-0.099785,0.194436,0.102082,0.051560,0.176561,0.062852,-0.064282,0.124813
2.406242,-2.006583,1.040313,-0.001732,-0.025831,-0.450413,0.892445,-2.852710,-0.078756,0.490910,-1.203932,0.982366,-4.366873,0.274561,-0.447135,-0.703209,-0.228490,0.076416,-1.163005,1.023170,-0.437316,0.474845,1.007423,-0.764338,0.444595,0.239164,-0.897632,-0.474431,-0.034134,0.123602,-0.210568,0.441378,-0.117253,0.134377,-0.843060,-3.795135,2.742045,-0.025177,2.530919,-3.223501,-2.777032,1.213970,-0.749469,3.681075,-0.575337,-5.154909,4.522972,-7.268694,3.662620,1.279045,-2.880427,1.222035,1.513861,1.949395,0.766288,-0.086882,-0.113101,-0.702995,-0.462043,-0.451069,-0.107088,0.049751,0.104013,0.228091,0.043430,-0.093912,0.195010,0.114681,0.071751,0.189678,0.062789,-0.054189,0.125876
2.370216,-1.957213,1.039954,-0.000115,-0.011779,-0.505714,0.862621,-3.033519,-0.365892,0.048350,-0.740780,1.335403,-6.252771,0.219187,-0.550929,-0.620383,-0.272402,0.096007,-1.159854,0.906056,-0.445765,0.358302,1.112552,-0.793824,0.378511,0.391194,-0.976941,-0.345187,-0.018323,0.037309,-0.215613,0.465949,-0.075614,0.139031,-2.768676,-5.189691,4.141300,-2.195636,0.979563,0.157555,-5.855689,-0.422426,-5.827187,5.256466,-1.474320,-3.304209,7.601520,-3.965419,6.462189,0.790548,-4.314636,-0.252259,1.228555,2.081976,0.232707,-0.044315,-0.181134,-0.673319,-0.469098,-0.409532,-0.130811,0.039702,0.123696,0.232578,0.056372,-0.084016,0.196046,0.112662,0.111556,0.197059,0.068551,-0.039595,0.128144
2.334694,-1.908240,1.035920,0.002647,0.000196,-0.563773,0.825926,-2.926763,-0.762800,-0.208248,-0.534732,1.228558,-6.843235,0.149158,-0.635767,-0.522663,-0.325628,0.071706,-1.070747,0.776275,-0.511839,0.207045,1.219748,-0.812413,0.334320,0.549458,-0.967038,-0.223059,-0.025972,-0.042685,-0.222304,0.460483,-0.061099,0.120683,-3.501437,-4.241873,4.886003,-2.661279,-1.215070,4.455338,-6.489047,-3.303704,-7.562836,5.359815,-0.929457,-2.209530,7.913177,0.495106,6.106386,-0.382468,-3.999696,-0.334566,-0.273283,0.725768,-0.917376,0.006931,-0.234851,-0.638493,-0.469158,-0.367482,-0.159013,0.017335,0.140797,0.231511,0.069749,-0.074129,0.195964,0.090138,0.149981,0.194799,0.075201,-0.028244,0.128162
2.299505,-1.860319,1.028436,0.005698,0.010863,-0.622007,0.782916,-2.721949,-1.170302,-0.445312,-0.416556,1.147043,-7.218312,0.063240,-0.705400,-0.400907,-0.359123,0.048925,-0.932611,0.630948,-0.574602,0.104388,1.317944,-0.814289,0.326638,0.730646,-0.911763,-0.104969,-0.055290,-0.125745,-0.210845,0.457909,-0.057797,0.048680,-4.295931,-3.481662,6.087799,-1.674755,-1.139015,6.906793,-7.266336,-3.138182,-5.132860,4.909773,-0.093779,-0.384092,9.059420,2.763752,5.904508,-1.465912,-4.152984,0.572975,-0.128720,0.165094,-3.600172,0.057349,-0.273828,-0.603265,-0.457091,-0.336108,-0.202636,-0.016896,0.151346,0.227347,0.081412,-0.061257,0.195641,0.047852,0.181584,0.187029,0.078205,-0.015719,0.127464
2.264858,-1.813428,1.018128,0.012701,0.014011,-0.667491,0.744377,-2.497510,-1.467577,-0.609957,0.384486,0.785852,-5.945260,-0.051170,-0.757804,-0.291643,-0.361173,0.002294,-0.733653,0.506702,-0.504613,0.055646,1.391484,-0.821762,0.434756,0.935580,-0.771534,-0.064746,-0.170493,-0.217417,-0.178309,0.432616,-0.037779,-0.020115,-5.720489,-2.620184,5.463208,-0.102511,-2.331551,9.947895,-6.212291,3.499483,-2.437083,3.676992,-0.373653,5.405886,10.246703,7.011456,2.011137,-5.760141,-4.583643,1.626765,-1.264667,1.000886,-3.439726,0.109355,-0.299751,-0.570954,-0.445644,-0.289872,-0.261033,-0.058885,0.141356,0.216351,0.092633,-0.047135,0.194113,-0.007823,0.182438,0.166981,0.080720,-0.005564,0.124384
2.233424,-1.768550,1.003444,0.016108,0.011867,-0.708863,0.705062,-2.204777,-1.588312,-0.812743,0.477969,0.150550,-5.699574,-0.136622,-0.783777,-0.187026,-0.309469,-0.048866,-0.473846,0.376742,-0.366927,0.052866,1.420016,-0.867800,0.512681,1.126925,-0.593071,-0.003721,-0.288950,-0.270388,-0.134290,0.399683,-0.006813,-0.048969,-4.272580,-1.298655,5.230831,2.585198,-2.558042,12.990335,-6.498022,6.884278,-0.138993,1.426611,-2.301890,3.896236,9.567267,8.923143,3.051278,-5.922818,-2.648525,2.200953,-1.646639,1.548294,-1.442713,0.131311,-0.312419,-0.556593,-0.423910,-0.247855,-0.331111,-0.099826,0.118431,0.204559,0.101272,-0.033631,0.192313,-0.066509,0.163546,0.144668,0.082718,0.001799,0.120670
2.201316,-1.728082,0.986161,0.019638,0.006622,-0.739381,0.672969,-1.830241,-1.802915,-0.904379,0.695646,-0.073195,-4.419850,-0.194101,-0.777596,-0.108312,-0.259893,-0.131178,-0.174416,0.261604,-0.280105,0.065485,1.418430,-0.924904,0.570505,1.291802,-0.375749,0.021576,-0.399018,-0.309571,-0.106469,0.344047,0.029346,-0.049206,-2.873945,0.309039,3.935696,2.478811,-4.115556,14.971512,-5.756906,4.341122,0.630950,-0.079275,-2.855190,2.891200,8.243855,10.866129,1.264814,-5.503403,-1.959149,1.391077,-2.781815,1.807939,-0.011885,0.144511,-0.311559,-0.556321,-0.394647,-0.228172,-0.388451,-0.129488,0.081071,0.193645,0.110112,-0.020360,0.190253,-0.111002,0.118967,0.123257,0.089265,0.009117,0.116573
2.170022,-1.684535,0.966578,0.026880,0.002806,-0.765040,0.643415,-1.832511,-1.944825,-1.003712,0.824089,0.286950,-3.901298,-0.267553,-0.772133,-0.040088,-0.210880,-0.238058,0.115107,0.156902,-0.209401,0.093488,1.402207,-0.982893,0.631431,1.421932,-0.140212,0.020405,-0.477786,-0.319393,-0.105292,0.271726,0.069650,-0.035718,-3.672628,0.273154,3.411193,2.450640,-5.344030,14.476135,-5.235095,3.535211,1.400128,-0.811144,-2.899459,3.046307,6.506482,11.776845,-0.058541,-3.938427,-0.491111,0.058858,-3.616004,2.015208,0.674406,0.165065,-0.311558,-0.551288,-0.360535,-0.219188,-0.438540,-0.144566,0.037955,0.186996,0.119030,-0.006699,0.188430,-0.134645,0.061232,0.108945,0.099439,0.019292,0.113111
2.138368,-1.642816,0.951677,0.034526,0.001450,-0.777716,0.627666,-1.663033,-2.018315,-0.756264,0.637378,0.481250,-2.011409,-0.371901,-0.733100,-0.005351,-0.153959,-0.362787,0.407405,0.091775,-0.158257,0.118150,1.370416,-1.037280,0.718572,1.498597,0.076450,-0.005506,-0.485868,-0.316613,-0.138752,0.178279,0.057848,0.001852,-5.217407,1.951622,1.736871,2.846081,-6.236444,14.614904,-3.256334,2.557197,1.233081,-1.589568,-2.719383,4.357041,3.833226,10.833111,-1.295551,-0.404115,0.139025,-1.673017,-4.672352,-0.590090,1.878508,0.204863,-0.295224,-0.552640,-0.334362,-0.214614,-0.474630,-0.146399,0.001806,0.186051,0.128859,0.005811,0.187297,-0.138252,0.009405,0.104761,0.114775,0.032430,0.110973
2.105951,-1.609000,0.944153,0.037880,-0.003858,-0.781840,0.622315,-1.264586,-1.977960,-0.340804,0.653914,-0.084262,-0.653155,-0.427587,-0.620564,0.008742,-0.104432,-0.509936,0.643162,0.080596,-0.156663,0.106718,1.329774,-1.106374,0.754783,1.488219,0.209102,-0.030427,-0.456613,-0.296713,-0.177030,0.068818,-0.014960,0.015551,-2.784303,5.626811,0.704642,2.476349,-7.357462,11.787859,-0.558931,0.079669,-0.571599,-2.032078,-3.454667,1.810556,-0.518858,6.632583,-1.246031,1.462771,0.994981,-1.913892,-5.473080,-3.640427,0.684966,0.242172,-0.241088,-0.582278,-0.327140,-0.211569,-0.491860,-0.144449,-0.011800,0.188008,0.140361,0.008340,0.187273,-0.135577,-0.014167,0.106473,0.136370,0.037642,0.110737
2.071024,-1.575852,0.940931,0.036658,-0.010944,-0.789754,0.612229,-1.164418,-2.111884,-0.081870,0.535357,-0.567124,-1.253937,-0.436232,-0.477370,0.050742,-0.043767,-0.642891,0.766329,0.128384,-0.162315,0.057551,1.306114,-1.195153,0.738857,1.422918,0.237063,-0.083061,-0.428711,-0.310471,-0.185520,-0.054916,-0.082820,0.022018,-0.432211,7.159704,2.100016,3.033247,-6.647716,6.158374,2.389384,-0.282604,-2.458308,-1.183005,-4.438945,-0.796270,-3.265070,1.398049,-2.631727,1.395079,-0.687886,-0.424484,-6.186669,-3.393001,0.323369,0.256298,-0.168824,-0.623924,-0.344129,-0.195947,-0.485901,-0.139756,-0.005909,0.188626,0.153389,-0.001251,0.188169,-0.127520,-0.010957,0.107651,0.162308,0.027741,0.111932
2.034754,-1.543102,0.943941,0.031812,-0.020106,-0.802314,0.595715,-1.048765,-2.194626,0.276833,0.502873,-0.998585,-2.041096,-0.407114,-0.330649,0.107834,0.022602,-0.747599,0.803309,0.170475,-0.165702,-0.014325,1.295397,-1.282793,0.674996,1.318342,0.198036,-0.131005,-0.370882,-0.327065,-0.162018,-0.155536,-0.146469,0.051617,1.455896,7.336038,2.854560,3.318422,-5.235425,1.848983,2.104525,-0.169314,-3.593801,-0.535858,-4.382014,-3.193045,-5.228787,-1.951366,-2.397171,2.891484,-0.829735,1.175102,-5.031032,-3.182412,1.479921,0.241869,-0.092879,-0.666250,-0.358672,-0.170643,-0.478883,-0.133927,0.011996,0.187916,0.161852,-0.022259,0.189447,-0.118571,0.008383,0.107396,0.182260,0.001748,0.113688
1.995012,-1.510984,0.952684,0.024709,-0.029471,-0.822433,0.567560,-0.800177,-2.387232,0.615943,0.411054,-1.234421,-3.423102,-0.331829,-0.206651,0.180561,0.111529,-0.807201,0.826755,0.192193,-0.145198,-0.075878,1.257933,-1.359746,0.553205,1.185745,0.166643,-0.147894,-0.292777,-0.326418,-0.115368,-0.244946,-0.210364,0.104727,3.764238,6.199930,3.636369,4.446378,-2.980083,1.172305,1.085941,1.025156,-3.077654,-1.873234,-3.847667,-6.089582,-6.629840,-1.569645,-0.844457,3.905252,0.032395,2.332457,-4.470491,-3.194741,2.655517,0.183311,-0.032718,-0.705879,-0.362782,-0.142344,-0.486760,-0.128391,0.032278,0.187438,0.163935,-0.051884,0.191105,-0.112464,0.029116,0.107010,0.193647,-0.037372,0.116012
1.952517,-1.477250,0.965487,0.017461,-0.036716,-0.846573,0.530717,-0.585233,-2.586881,0.857249,0.214476,-1.161522,-4.369382,-0.239941,-0.142054,0.252971,0.203534,-0.806475,0.862419,0.188382,-0.120247,-0.085782,1.181769,-1.420264,0.400378,1.059839,0.164673,-0.134104,-0.143090,-0.322970,-0.040737,-0.335475,-0.261632,0.128689,4.594377,3.229817,3.620524,4.600226,0.036308,1.783182,-0.190554,1.247565,-0.495215,-3.808148,-3.025909,-7.641340,-6.295350,-0.098498,0.689480,7.484335,0.172366,3.731570,-4.526428,-2.563420,1.198077,0.103938,-0.011039,-0.727886,-0.354974,-0.132897,-0.511481,-0.124503,0.048959,0.187296,0.159677,-0.084075,0.193664,-0.111855,0.045840,0.106286,0.195044,-0.082693,0.119640
1.912476,-1.441929,0.978462,0.012509,-0.046920,-0.869008,0.492410,-0.467097,-2.551980,0.903970,0.575045,-1.106764,-4.410685,-0.145962,-0.121537,0.311864,0.260112,-0.795336,0.905171,0.149435,-0.109074,-0.060259,1.074263,-1.482945,0.223893,0.945331,0.168358,-0.077331,0.089572,-0.307369,0.054215,-0.418747,-0.261800,0.159214,4.698986,1.025892,2.944643,2.828916,0.556937,2.137639,-1.947347,0.558655,1.276171,-5.375312,-3.134010,-8.824250,-5.725358,0.184281,2.838669,11.633085,0.780081,4.747600,-4.163623,-0.008404,1.526276,0.030700,-0.013593,-0.733680,-0.327213,-0.142009,-0.554229,-0.123245,0.065701,0.187121,0.148900,-0.115227,0.197381,-0.118075,0.065381,0.105234,0.185031,-0.127830,0.124800
1.868814,-1.401903,0.992578,0.007451,-0.045309,-0.896512,0.440633,-0.228596,-2.877293,0.968618,-0.488992,-0.645741,-5.832072,-0.086620,-0.161426,0.391164,0.314914,-0.750377,0.938404,0.067049,-0.175779,-0.031012,0.962466,-1.511655,0.135878,0.868831,0.196154,0.005492,0.186807,-0.298978,0.155093,-0.485490,-0.131411,0.177640,2.967098,-1.994484,3.964980,2.740098,2.247959,1.661608,-4.119304,-3.335232,1.462325,-5.589850,-1.435513,-4.400725,-3.824994,1.389793,4.141123,4.861785,0.419540,5.043898,-3.337140,6.519432,0.921266,-0.020387,-0.056268,-0.721735,-0.272009,-0.185578,-0.603359,-0.126530,0.077674,0.187916,0.136702,-0.138570,0.201913,-0.129465,0.080083,0.105954,0.169268,-0.161717,0.130247
1.827214,-1.357266,1.008838,0.016352,-0.052895,-0.924699,0.376652,-0.061977,-2.941849,1.144629,0.938124,0.202347,-7.022263,-0.070357,-0.254295,0.490135,0.273493,-0.753654,0.930364,-0.064406,-0.251095,-0.034956,0.836912,-1.559894,0.191875,0.798711,0.182304,0.138344,0.092499,-0.242482,0.273367,-0.548521,0.153058,0.203427,0.813159,-4.643441,4.948545,-2.071038,-0.163859,-0.401981,-6.572742,-3.765801,-0.197201,-6.277711,-2.411942,2.799819,-3.506021,-0.692486,6.642632,-4.715427,2.824810,5.913684,-3.151574,14.223459,1.289347,-0.015751,-0.122367,-0.700453,-0.178153,-0.225647,-0.653560,-0.129739,0.096751,0.189472,0.121232,-0.160109,0.208145,-0.138361,0.106491,0.108459,0.145844,-0.192594,0.136933
1.786522,-1.309052,1.016569,0.027680,-0.053497,-0.951086,0.302997,0.253479,-3.075083,0.761703,0.406660,0.558204,-7.876448,-0.090448,-0.351685,0.597413,0.269174,-0.736515,0.900036,-0.235659,-0.216065,-0.091525,0.706859,-1.594836,0.361635,0.744443,0.170853,0.268546,-0.109491,-0.175202,0.423504,-0.609483,0.257894,0.240742,-1.004552,-4.869470,5.363897,-0.215954,0.856927,-1.516421,-8.562685,1.751488,-2.828447,-6.502652,-1.747098,8.487989,-2.713418,-0.572577,6.510086,-10.099494,3.363971,7.506889,-3.048101,5.241797,1.865784,-0.000549,-0.191640,-0.667145,-0.043332,-0.200185,-0.698660,-0.132197,0.114114,0.192758,0.103860,-0.179097,0.217215,-0.144523,0.130112,0.113232,0.119572,-0.222600,0.149444
1.745996,-1.257779,1.013953,0.036801,-0.043372,-0.972988,0.223739,0.700433,-3.186267,0.228617,-0.640573,0.623889,-8.287919,-0.093407,-0.432232,0.702366,0.295578,-0.622446,0.841854,-0.474486,-0.182403,-0.127684,0.612335,-1.582475,0.495179,0.714525,0.092396,0.461521,-0.224302,-0.124153,0.607128,-0.657456,0.190407,0.261800,-0.147946,-4.027371,5.247677,1.320195,5.703467,-2.909086,-11.941320,1.683107,-1.807959,-4.726191,0.618029,6.677217,-1.495877,-3.922857,9.648777,-5.740571,2.552450,9.181195,-2.398651,-3.374350,1.052889,-0.003971,-0.251830,-0.628264,0.129962,-0.178932,-0.698156,-0.133749,0.138120,0.199809,0.086907,-0.193714,0.229550,-0.149368,0.168274,0.125116,0.093647,-0.248162,0.168539
1.706998,-1.200811,1.004645,0.045339,-0.024896,-0.987996,0.145560,1.071852,-3.309659,-0.171517,-1.474479,0.770975,-8.046300,-0.121180,-0.480135,0.781438,0.312001,-0.401880,0.771681,-0.835819,-0.199334,-0.100478,0.526451,-1.492672,0.642612,0.685044,-0.014413,0.740289,-0.275822,-0.088599,0.783594,-0.651343,0.118211,0.261800,-1.388686,-2.395156,3.953576,0.821131,11.028306,-3.508640,-18.066675,-0.846551,1.360292,-4.294223,4.490179,7.371671,-1.474036,-5.340449,13.938371,-2.575965,1.777727,8.823274,0.305650,-3.609787,0.000000,0.007194,-0.289561,-0.599328,0.353629,-0.200477,-0.606032,-0.134728,0.167272,0.216995,0.067326,-0.202535,0.240871,-0.154453,0.217110,0.154871,0.062595,-0.263621,0.186296
1.669877,-1.153423,0.990224,0.056691,-0.042970,-0.991514,0.108809,1.351708,-2.766324,-0.315094,2.072489,0.831028,-3.661500,-0.191041,-0.503421,0.755592,0.160266,-0.399062,0.734801,-1.242916,-0.287283,-0.143454,0.425263,-1.318189,0.812413,0.786789,-0.172366,1.085647,-0.327983,-0.312967,0.932570,-0.558092,0.121325,0.261800,-3.493025,-1.164320,-1.292291,-7.586727,0.140868,-1.843995,-20.354843,-4.397483,-2.148780,-5.059400,8.724132,8.490035,5.087209,-7.897655,17.267891,-2.608039,-11.218419,7.448790,4.662552,0.155698,-0.000000,0.076531,-0.278416,-0.608966,0.538799,-0.245340,-0.402636,-0.156207,0.175356,0.247510,0.070068,-0.196137,0.247991,-0.186694,0.240949,0.208776,0.057825,-0.259137,0.196870
1.633913,-1.103568,0.972016,0.071324,-0.056780,-0.991936,0.088048,1.416160,-2.851542,-0.373382,1.601374,1.240533,-2.072341,-0.297302,-0.521726,0.729187,0.067037,-0.358142,0.680149,-1.434265,-0.304836,-0.114999,0.349526,-1.188809,0.948610,0.858113,-0.357042,1.228378,-0.354986,-0.474750,1.054860,-0.484790,0.114943,0.243390,-5.313052,-0.915236,-1.320231,-4.661450,2.046049,-2.732595,-9.567460,-0.877609,1.422755,-3.786814,6.469007,6.809822,3.566243,-9.233784,7.136590,-1.350194,-8.089148,6.114524,3.665123,-0.319095,-0.920522,0.150195,-0.271870,-0.599305,0.592468,-0.267145,-0.276867,-0.164827,0.174277,0.264367,0.070323,-0.191348,0.255887,-0.198250,0.245226,0.240252,0.052008,-0.256336,0.209267
1.600203,-1.050442,0.952911,0.083654,-0.054661,-0.992943,0.063867,1.438969,-2.930998,-0.384408,0.021636,1.081729,-2.497969,-0.432564,-0.555764,0.725630,0.070403,-0.265371,0.618099,-1.502540,-0.263611,-0.107112,0.304643,-1.092715,1.086582,0.922154,-0.492128,1.241441,-0.389130,-0.530519,1.163638,-0.444205,0.113689,0.188114,-6.763109,-1.701917,-0.177854,0.168293,4.638542,-3.102495,-3.413746,2.061247,0.394349,-2.244152,4.804713,6.898637,3.202028,-6.754293,0.653107,-1.707171,-2.788452,5.438872,2.029261,-0.062682,-2.763759,0.205695,-0.289095,-0.564087,0.613506,-0.248750,-0.224008,-0.170334,0.169295,0.269216,0.073079,-0.187449,0.265006,-0.204334,0.241443,0.249954,0.051495,-0.255149,0.223981
1.566211,-1.001313,0.937279,0.093425,-0.054591,-0.992984,0.047689,1.545442,-2.665988,-0.194697,0.161414,0.868419,-1.668078,-0.582352,-0.568468,0.707485,0.053411,-0.195799,0.592974,-1.582026,-0.227218,-0.124934,0.270930,-1.017450,1.222650,0.968703,-0.513506,1.251540,-0.429688,-0.562340,1.260546,-0.404072,0.141870,0.157302,-7.489383,-0.635153,-0.907259,-0.849570,3.478577,-1.256273,-3.974291,1.819612,-0.891122,-1.685675,3.763244,6.803384,2.327465,-1.068900,0.504967,-2.027923,-1.591071,4.845433,2.006629,1.409009,-1.540621,0.272050,-0.291658,-0.526135,0.629229,-0.226595,-0.164476,-0.177649,0.161933,0.270784,0.073538,-0.183928,0.273630,-0.214642,0.232811,0.252345,0.048143,-0.253317,0.237959
1.529746,-0.955587,0.925164,0.101167,-0.056139,-0.992602,0.036807,1.707100,-2.450256,0.021980,0.276894,0.695599,-1.114834,-0.734250,-0.531826,0.682293,-0.015045,-0.125036,0.626537,-1.669586,-0.215983,-0.142620,0.292040,-0.959942,1.344096,0.959965,-0.436630,1.276466,-0.450436,-0.618615,1.238232,-0.365995,0.183056,0.118350,-7.594913,1.832057,-1.259584,-3.422810,3.538172,1.678157,-4.377998,0.561791,-0.884276,1.055486,2.875391,6.072316,-0.436936,3.843785,1.246301,-1.037371,-2.813713,-1.115709,1.903856,2.059321,-1.947599,0.361612,-0.262968,-0.485554,0.634053,-0.215306,-0.115320,-0.180481,0.159731,0.270824,0.069584,-0.182682,0.270006,-0.220171,0.228790,0.251129,0.041365,-0.249582,0.231793
1.490221,-0.910662,0.914819,0.107322,-0.058970,-0.992118,0.026582,1.889554,-2.370131,0.175282,0.394895,0.544192,-1.027824,-0.875341,-0.475217,0.668397,-0.112918,-0.049382,0.669983,-1.727358,-0.206236,-0.151434,0.342185,-0.915332,1.425207,0.914394,-0.395446,1.303792,-0.443269,-0.647163,1.170681,-0.325420,0.186073,0.071874,-7.054564,2.830454,-0.694838,-4.893671,3.782701,2.172300,-2.888577,0.487347,-0.440684,2.507269,2.230474,4.055521,-2.278548,2.059219,1.366292,0.358341,-1.427414,-3.377544,2.028730,0.150845,-2.323786,0.451139,-0.218570,-0.427919,0.634141,-0.204438,-0.093714,-0.175850,0.165693,0.272364,0.061080,-0.182650,0.261623,-0.214725,0.235418,0.253405,0.030076,-0.244807,0.217949
1.447010,-0.864185,0.908989,0.108647,-0.064790,-0.991860,0.014531,2.071199,-2.373617,0.478891,0.698870,0.047851,-1.148933,-0.996509,-0.389079,0.664307,-0.200191,0.024148,0.695952,-1.793210,-0.165466,-0.145030,0.391870,-0.851616,1.463547,0.842945,-0.412992,1.363984,-0.430274,-0.664263,1.139825,-0.245660,0.205905,0.040342,-6.058397,4.306904,-0.204484,-4.363626,3.676466,1.298428,-3.292608,2.038501,0.320183,2.484268,3.185810,1.917018,-3.572441,-0.877307,3.009610,0.649734,-0.855000,-1.542817,3.988021,0.991618,-1.576615,0.526114,-0.157145,-0.365141,0.634450,-0.179159,-0.066975,-0.165222,0.177633,0.278450,0.043340,-0.181219,0.255970,-0.200760,0.250264,0.264521,0.004612,-0.235864,0.208574
1.401446,-0.817338,0.909024,0.109931,-0.068915,-0.991529,-0.006003,2.214986,-2.258040,0.819663,0.615716,-0.014219,-2.002665,-1.094664,-0.277904,0.682836,-0.271724,0.102103,0.701034,-1.816637,-0.123323,-0.121607,0.445189,-0.780749,1.450450,0.722605,-0.473789,1.400000,-0.405345,-0.629682,1.110737,-0.190697,0.190604,0.024244,-4.907750,5.558773,0.926445,-3.576677,3.897749,0.254115,-1.171359,2.107114,1.171131,2.665949,3.543374,-0.654831,-6.016979,-3.039871,1.800801,1.246485,1.729072,-1.454408,2.748157,-0.765045,-0.804884,0.582187,-0.081407,-0.304408,0.633837,-0.157652,-0.069423,-0.141659,0.197335,0.283198,0.019323,-0.180677,0.251448,-0.167812,0.274565,0.274045,-0.026652,-0.226436,0.201203
1.351044,-0.766477,0.915859,0.107867,-0.073973,-0.990915,-0.031299,2.499041,-2.265884,1.247131,0.770085,-0.385208,-2.432407,-1.155149,-0.124984,0.706105,-0.328451,0.168494,0.740639,-1.810204,-0.095088,-0.072381,0.483004,-0.787812,1.392575,0.532341,-0.456550,1.400000,-0.402828,-0.529961,1.085884,-0.175362,0.141918,0.043335,-3.024246,7.645972,1.163451,-2.836347,3.319544,1.980238,0.321621,1.411781,2.461319,1.890717,-0.353157,-2.893750,-9.513188,0.861974,0.000000,0.125852,4.986006,-1.242650,0.766733,-2.434306,0.954522,0.618298,0.020256,-0.261166,0.632109,-0.152628,-0.086043,-0.102545,0.220246,0.282803,-0.014424,-0.179670,0.248544,-0.114142,0.300900,0.273173,-0.067029,-0.215213,0.196567
1.299974,-0.716547,0.926044,0.097493,-0.077652,-0.990070,-0.065008,2.663509,-2.006104,1.376079,0.750147,-1.270425,-3.217013,-1.178231,0.054640,0.725509,-0.364590,0.213046,0.817599,-1.764704,-0.075835,0.000469,0.520312,-0.786122,1.320406,0.324872,-0.403694,1.400000,-0.396818,-0.364736,1.007772,-0.161469,0.091406,0.079845,-1.154100,8.981242,0.970218,-1.806936,2.227611,3.848039,2.274997,0.962633,3.642494,1.865408,0.084503,-3.608487,-10.373485,2.642793,-0.000000,0.300485,8.261269,-3.905602,0.694677,-2.525624,1.825490,0.628648,0.136848,-0.239904,0.628566,-0.160245,-0.126874,-0.057500,0.236138,0.281678,-0.046476,-0.172117,0.240573,-0.053921,0.317360,0.270612,-0.100894,-0.195665,0.183860
1.248308,-0.666621,0.937401,0.085743,-0.082137,-0.987339,-0.105182,2.865515,-1.752604,1.394509,0.903261,-1.425260,-3.860387,-1.173169,0.215719,0.773661,-0.365847,0.221990,0.886990,-1.688170,-0.049373,0.080562,0.570881,-0.816958,1.232796,0.149900,-0.361599,1.400000,-0.380424,-0.152513,0.902394,-0.164427,0.057816,0.132486,0.253075,8.053913,2.407605,-0.062866,0.447232,3.469553,3.826700,1.323099,4.004646,2.528480,-1.541818,-4.380487,-8.748602,2.104760,-0.000000,0.819682,10.611149,-5.268894,-0.147941,-1.679486,2.632089,0.617263,0.234287,-0.239822,0.618272,-0.167669,-0.187994,-0.017600,0.242460,0.280876,-0.068243,-0.163373,0.230972,-0.001314,0.321982,0.268907,-0.119486,-0.178525,0.168708
1.195101,-0.614660,0.947202,0.077342,-0.083405,-0.982940,-0.144539,3.135722,-1.593699,1.301831,0.551263,-1.094789,-3.858710,-1.146989,0.331642,0.839707,-0.316473,0.217637,0.919684,-1.592669,-0.008767,0.144898,0.645557,-0.889693,1.133963,0.032791,-0.350635,1.400000,-0.347985,0.074469,0.779453,-0.178096,0.025675,0.160477,1.309012,5.796151,3.302280,2.468722,-0.217659,1.634686,4.775077,2.030327,3.216779,3.733780,-3.636731,-4.941632,-5.855432,0.548196,0.000000,1.621970,11.349126,-6.147040,-0.683452,-1.607046,1.399532,0.600207,0.292070,-0.262191,0.595913,-0.165885,-0.262682,0.010303,0.242894,0.280681,-0.077185,-0.158289,0.221011,0.035429,0.320113,0.268926,-0.121870,-0.170324,0.153257
1.142698,-0.563334,0.951484,0.072779,-0.079863,-0.976807,-0.184859,3.273528,-1.353826,0.973708,0.044176,-0.760400,-4.048998,-1.116016,0.400394,0.925589,-0.258428,0.200005,0.902330,-1.471972,0.022256,0.150844,0.725645,-1.013565,1.041050,-0.000156,-0.377518,1.400000,-0.292673,0.229987,0.675334,-0.191669,-0.004096,0.220888,1.548651,3.437627,4.294088,2.902252,-0.881598,-0.867700,6.034866,1.551130,0.297311,4.004387,-6.193586,-4.645667,-1.647358,-1.344135,0.000000,2.765575,7.775855,-5.205955,-0.678614,-1.488550,3.020535,0.587576,0.317745,-0.287386,0.556556,-0.154021,-0.348969,0.019632,0.242282,0.281170,-0.073282,-0.159253,0.213570,0.048129,0.318551,0.271003,-0.111114,-0.172527,0.141982
1.092973,-0.509568,0.952286,0.077302,-0.071295,-0.972465,-0.207974,3.292042,-1.391033,0.798504,-0.740125,0.142954,-2.431718,-1.089318,0.429828,0.963202,-0.234209,0.223251,0.838184,-1.388512,0.012250,0.158895,0.752698,-1.116192,0.953835,0.048505,-0.412823,1.400000,-0.246775,0.202350,0.618771,-0.161348,-0.014627,0.261800,1.334906,1.471679,1.880665,1.210954,1.162296,-3.207287,4.173000,-0.500293,0.402558,1.352662,-5.131351,-4.360727,2.433049,-1.765264,0.000000,2.294926,-1.381835,-2.828133,1.516012,-0.526532,2.045619,0.579141,0.327873,-0.305077,0.527075,-0.162217,-0.397651,0.009562,0.242835,0.281863,-0.060185,-0.160431,0.208970,0.035316,0.320277,0.273392,-0.093124,-0.173653,0.134994
1.044659,-0.453980,0.950948,0.087583,-0.060143,-0.970799,-0.215087,3.299667,-1.473153,0.712161,-1.236771,0.729278,-0.873871,-1.054275,0.427150,0.940714,-0.237156,0.276710,0.755111,-1.339382,-0.031296,0.157988,0.736026,-1.190238,0.882242,0.126617,-0.446510,1.400000,-0.237959,0.180591,0.580101,-0.109914,-0.013919,0.261800,1.752150,-0.133891,-1.124423,-0.147348,2.672926,-4.153662,2.456488,-2.177326,-0.045341,-0.833583,-3.702297,-3.579682,3.905624,-1.684373,-0.000000,0.440810,-1.087940,-1.933485,2.571721,0.035385,0.000000,0.571319,0.327014,-0.326305,0.513377,-0.183017,-0.418775,-0.007777,0.242842,0.282579,-0.044104,-0.159680,0.205410,0.012822,0.321923,0.275214,-0.073192,-0.171311,0.129576
0.991699,-0.401483,0.950945,0.098434,-0.053736,-0.969766,-0.216740,3.423553,-1.221955,0.829277,-0.832904,0.914320,-0.299073,-0.984623,0.394571,0.883002,-0.256826,0.301941,0.667188,-1.275398,-0.079221,0.160850,0.688871,-1.242909,0.788171,0.233628,-0.472645,1.400000,-0.208542,0.192624,0.551442,-0.057155,-0.008662,0.261800,3.482621,-1.628955,-2.885566,-0.983503,1.261563,-4.396144,3.199213,-2.396222,0.143084,-2.357780,-2.633569,-4.703515,5.350542,-1.306712,-0.000000,1.470831,0.601651,-1.432995,2.637946,0.262845,0.000000,0.557942,0.314016,-0.366146,0.500013,-0.206919,-0.441232,-0.032420,0.240745,0.283171,-0.024807,-0.157993,0.202800,-0.019742,0.321577,0.277027,-0.050895,-0.168123,0.125670
0.939619,-0.344770,0.947332,0.108027,-0.039258,-0.969501,-0.216462,3.506259,-1.451381,0.673795,-1.606519,0.611333,-0.171965,-0.895911,0.321275,0.804575,-0.248627,0.314122,0.574874,-1.191271,-0.146357,0.053616,0.648828,-1.280611,0.717674,0.418106,-0.460461,1.372830,-0.181906,0.170595,0.509905,-0.001080,-0.006129,0.184113,4.435569,-3.664806,-3.921376,0.409947,0.609049,-4.615712,4.206322,-3.356826,-5.361710,-2.002165,-1.885119,-3.524869,9.223893,0.609173,-1.358480,1.331782,-1.101439,-2.076828,2.803779,0.126662,-3.884373,0.541013,0.271599,-0.425174,0.476655,-0.209881,-0.477794,-0.075371,0.230633,0.280363,0.006819,-0.153333,0.199806,-0.077194,0.312267,0.272317,-0.015305,-0.162726,0.121355
0.888122,-0.290931,0.939918,0.111501,-0.023304,-0.969152,-0.218562,3.475130,-1.326334,0.421981,-1.594070,-0.023183,-0.404888,-0.838993,0.212800,0.728804,-0.227683,0.278478,0.485011,-0.958308,-0.164212,-0.091385,0.636001,-1.301233,0.783521,0.697402,-0.438701,1.191360,-0.241376,0.076776,0.442922,0.048820,0.109273,0.103577,2.845940,-5.423746,-3.788532,1.047194,-1.782171,-4.493166,11.648171,-0.892739,-7.250033,-0.641309,-1.031069,3.292344,13.964793,1.087993,-9.073533,-2.973485,-4.690949,-3.349144,2.494993,5.770068,-4.026763,0.529557,0.205298,-0.469158,0.385601,-0.178185,-0.577623,-0.128633,0.201215,0.263096,0.051801,-0.137602,0.196114,-0.146075,0.278224,0.240786,0.034080,-0.144884,0.116332
0.839154,-0.241705,0.927646,0.112093,-0.021188,-0.968250,-0.222439,3.332060,-1.143829,0.134479,-0.172149,0.003997,-0.431448,-0.813057,0.077277,0.647760,-0.207414,0.147573,0.385006,-0.723690,-0.149238,-0.228753,0.638138,-1.332927,0.941418,1.026949,-0.443731,1.029942,-0.419822,-0.035651,0.355936,0.056515,0.166083,0.012495,1.296782,-6.776143,-4.052183,1.013464,-6.545268,-5.000262,11.730872,0.748707,-6.868409,0.106844,-1.584712,7.894849,16.477367,-0.251472,-8.070911,-8.922293,-5.621353,-4.349296,0.384717,2.840516,-4.554136,0.521944,0.123419,-0.492044,0.273043,-0.131713,-0.653249,-0.177892,0.150246,0.249096,0.098516,-0.105723,0.192404,-0.210421,0.216878,0.213963,0.086563,-0.112060,0.111476
0.792780,-0.193161,0.918712,0.113999,-0.030356,-0.967739,-0.222629,3.162303,-1.170558,0.311799,0.854859,0.390198,0.042710,-0.758512,-0.087627,0.547946,-0.202031,0.019275,0.268673,-0.469928,-0.167813,-0.265594,0.621145,-1.354038,0.984124,1.328202,-0.450969,0.874813,-0.490651,-0.133924,0.266340,0.069335,0.125100,-0.074175,2.727233,-8.245185,-4.990732,0.269136,-6.414884,-5.816624,12.688115,-0.928768,-1.842034,-0.849654,-1.055529,2.135304,15.062637,-0.361929,-7.756412,-3.541460,-4.913639,-4.479814,0.641003,-2.049167,-4.333472,0.492686,0.027711,-0.518693,0.133939,-0.132967,-0.703821,-0.204611,0.093644,0.236790,0.127340,-0.062145,0.189407,-0.246014,0.148606,0.192099,0.119304,-0.064936,0.107799
0.746896,-0.142122,0.912096,0.119319,-0.034107,-0.969440,-0.211627,3.130999,-1.362559,0.474679,0.133461,0.621086,1.112514,-0.672377,-0.287957,0.425769,-0.191179,-0.001357,0.110537,-0.188801,-0.209023,-0.228434,0.631398,-1.330336,0.982527,1.561938,-0.433519,0.701479,-0.576127,-0.200827,0.168218,0.081265,0.099968,-0.120498,4.306739,-10.016500,-6.108855,0.542569,-1.031628,-7.906783,14.056340,-2.060487,1.857975,0.512627,1.185061,-0.079838,11.686802,0.872509,-8.666715,-4.273791,-3.345192,-4.906094,0.596505,-1.256565,-2.316133,0.429693,-0.086482,-0.545904,-0.044619,-0.163850,-0.714528,-0.208834,0.046141,0.223530,0.137792,-0.020079,0.187124,-0.250333,0.090859,0.168663,0.130150,-0.017056,0.105486
0.702132,-0.087223,0.908916,0.124875,-0.031343,-0.970732,-0.202739,3.083914,-1.617042,0.666480,-0.478154,0.506333,0.835120,-0.571012,-0.495895,0.307825,-0.147612,0.038178,-0.053992,0.074468,-0.257590,-0.172899,0.666467,-1.293080,0.960421,1.728655,-0.390296,0.530944,-0.664477,-0.244960,0.083788,0.056479,0.059608,-0.120578,5.068285,-10.396933,-5.897177,2.178383,1.976757,-8.226460,13.163433,-2.428337,2.776756,1.753485,1.862817,-1.105329,8.335857,2.161168,-8.526774,-4.417497,-2.206622,-4.221515,-1.239298,-2.018022,-0.004021,0.334517,-0.199647,-0.559649,-0.214791,-0.201208,-0.669608,-0.200144,0.011382,0.211242,0.140594,0.012771,0.185956,-0.235798,0.048320,0.147237,0.133997,0.021197,0.104607
0.656270,-0.033699,0.908282,0.130066,-0.028902,-0.971678,-0.195163,3.044086,-1.581079,0.809312,-0.424356,0.470791,0.711627,-0.448455,-0.701254,0.179363,-0.083994,0.045023,-0.220412,0.293778,-0.294731,-0.120824,0.739877,-1.262439,0.884467,1.846687,-0.344579,0.391909,-0.724171,-0.284522,0.003166,-0.000856,0.018050,-0.081748,6.127845,-10.267915,-6.423129,3.180880,0.342235,-8.321020,10.965510,-1.857067,2.603773,3.670480,1.532033,-3.797676,5.901585,2.285839,-6.951723,-2.984722,-1.978094,-4.031086,-2.866749,-2.077896,1.941490,0.216002,-0.295187,-0.551856,-0.347906,-0.228168,-0.584464,-0.187560,-0.012485,0.202506,0.141430,0.039658,0.185768,-0.216027,0.019521,0.132524,0.137007,0.054548,0.105201
0.608493,0.019651,0.910008,0.134851,-0.029407,-0.972659,-0.186773,3.059747,-1.589296,0.970433,-0.144197,0.484777,0.830706,-0.319578,-0.899616,0.031859,-0.024701,-0.009030,-0.377001,0.471866,-0.324554,-0.075548,0.883422,-1.246821,0.773265,1.915192,-0.340683,0.295017,-0.738848,-0.322292,-0.094861,-0.068209,-0.015938,-0.085692,6.443830,-9.918118,-7.375156,2.964680,-2.702659,-7.829441,8.904417,-1.491161,2.263777,7.177250,0.780925,-5.560124,3.425239,0.194808,-4.844587,-0.733850,-1.888490,-4.901331,-3.367647,-1.699379,-0.197188,0.101918,-0.366732,-0.514960,-0.442265,-0.242866,-0.468222,-0.177616,-0.022203,0.198494,0.140936,0.062227,0.186928,-0.200676,0.009844,0.126567,0.138036,0.085801,0.108391
0.557478,0.076480,0.916198,0.133799,-0.028743,-0.974141,-0.179781,3.184095,-1.737565,1.232263,-0.138924,-0.120755,0.705001,-0.165836,-1.058366,-0.127734,0.038331,-0.085192,-0.494736,0.617367,-0.354952,-0.041537,1.043117,-1.241926,0.621280,1.914734,-0.366383,0.225104,-0.688040,-0.356090,-0.187024,-0.116221,-0.045306,-0.129947,7.687128,-7.937521,-7.979653,3.151597,-3.808071,-5.886753,7.275055,-1.519905,1.700569,7.984737,0.244736,-7.599226,-0.022902,-1.284992,-3.495677,2.540433,-1.689903,-4.608167,-2.400600,-1.468423,-2.212767,0.000447,-0.407025,-0.471630,-0.491225,-0.251280,-0.346660,-0.171879,-0.016958,0.197236,0.141579,0.073752,0.189137,-0.190573,0.018823,0.125803,0.139704,0.105248,0.113395
0.503644,0.136161,0.927105,0.131149,-0.025854,-0.975440,-0.175068,3.288563,-1.857128,1.477760,-0.300355,-0.321507,0.452438,-0.010773,-1.179139,-0.288421,0.114720,-0.135536,-0.573107,0.744864,-0.362768,-0.016352,1.213952,-1.224101,0.450607,1.855965,-0.400655,0.159160,-0.569601,-0.387944,-0.270117,-0.144636,-0.089973,-0.148169,7.753150,-6.038654,-8.034389,3.819452,-2.517219,-3.918536,6.374847,-0.390785,1.259237,8.541747,0.891239,-8.533682,-2.938420,-1.713596,-3.297210,5.921910,-1.592713,-4.154659,-1.420760,-2.233329,-0.911106,-0.080393,-0.425115,-0.430250,-0.505318,-0.245008,-0.230466,-0.166878,-0.001355,0.196963,0.145174,0.075074,0.191814,-0.180132,0.039584,0.127102,0.145513,0.113199,0.119159
0.448288,0.196634,0.939784,0.128395,-0.020744,-0.976129,-0.173943,3.356236,-1.886072,1.543804,-0.468225,-0.371449,0.062069,0.127643,-1.262912,-0.436941,0.187098,-0.148706,-0.638304,0.854821,-0.357056,-0.000691,1.371953,-1.219396,0.297338,1.746738,-0.447861,0.078577,-0.399703,-0.390230,-0.342038,-0.172319,-0.111871,-0.140970,6.920764,-4.188605,-7.425983,3.618893,-0.658479,-3.259862,5.497834,0.285587,0.783077,7.900085,0.235263,-7.663424,-5.461362,-2.360302,-4.029121,8.494896,-0.114316,-3.596062,-1.384133,-1.094933,0.359976,-0.136150,-0.429856,-0.398726,-0.493245,-0.231815,-0.133575,-0.158184,0.022985,0.197584,0.153138,0.067119,0.194880,-0.162767,0.069641,0.130246,0.158450,0.110407,0.125380
0.391979,0.258217,0.951297,0.124474,-0.012122,-0.976575,-0.175102,3.456950,-1.929520,1.437299,-0.756816,-0.554088,-0.208333,0.254633,-1.298873,-0.565585,0.260614,-0.144883,-0.693748,0.957962,-0.337344,0.009931,1.511735,-1.195010,0.158801,1.595382,-0.548389,0.040657,-0.196954,-0.359594,-0.419976,-0.171167,-0.156473,-0.030492,6.349510,-1.798086,-6.432177,3.675811,0.191125,-2.772181,5.157059,0.985602,0.531097,6.989100,1.219320,-6.926858,-7.567821,-5.026446,-1.896021,10.137450,1.531784,-3.896895,0.057601,-2.230072,5.523870,-0.179671,-0.421471,-0.387848,-0.466263,-0.215419,-0.054001,-0.147749,0.056636,0.202389,0.160246,0.051701,0.198113,-0.143892,0.110357,0.140490,0.171545,0.098974,0.132008
0.333213,0.319685,0.959746,0.123579,-0.006889,-0.973846,-0.190536,3.667749,-1.768768,1.295004,-0.301332,-0.157580,-1.621678,0.365333,-1.307006,-0.646472,0.289124,-0.095240,-0.761408,1.055073,-0.311542,0.022717,1.598111,-1.129768,0.048838,1.403336,-0.643811,0.004985,0.000722,-0.275745,-0.481982,-0.137805,-0.094470,0.004113,5.534999,-0.406616,-4.044374,1.425488,2.482187,-3.383039,4.855550,1.290126,0.639306,4.318784,3.262090,-5.498164,-9.602286,-4.771058,-1.783566,9.883838,4.192463,-3.100275,1.668104,3.100128,1.730272,-0.209988,-0.414593,-0.379652,-0.439024,-0.204924,0.005220,-0.127505,0.091475,0.207893,0.164063,0.027211,0.200394,-0.111254,0.148712,0.151395,0.180459,0.076131,0.136595
0.273758,0.380333,0.964521,0.120091,-0.002865,-0.970034,-0.211195,3.806274,-1.552524,1.091498,-0.059407,-0.367508,-2.137165,0.463568,-1.276621,-0.704614,0.285097,-0.029391,-0.820764,1.107943,-0.284114,0.047849,1.642230,-1.099487,-0.000208,1.203519,-0.748670,-0.035481,0.085208,-0.209210,-0.528196,-0.132765,-0.027500,0.066391,4.911786,1.519225,-2.907103,-0.201349,3.292408,-2.967792,2.643493,1.371412,1.256584,2.205953,1.514055,-2.452294,-9.990826,-5.242943,-2.023311,4.224295,3.326738,-2.310698,0.251979,3.348500,3.113901,-0.235598,-0.403059,-0.384397,-0.420476,-0.203607,0.034450,-0.097910,0.120727,0.214876,0.166741,-0.001062,0.202799,-0.065490,0.176734,0.164434,0.191562,0.047034,0.141131
0.213862,0.438534,0.966781,0.117263,-0.004732,-0.965748,-0.231424,3.863395,-1.261342,0.966175,0.494620,-0.165158,-2.028097,0.518195,-1.223380,-0.724856,0.229183,0.009342,-0.907945,1.123742,-0.310899,0.076147,1.605830,-1.015909,0.070742,1.014594,-0.855510,-0.025728,0.026386,-0.161630,-0.541290,-0.104895,-0.002431,0.146321,2.731324,2.662060,-1.012082,-2.795697,1.936659,-4.359031,0.789969,-1.339254,1.414885,-1.820014,4.178878,3.547502,-9.446248,-5.342015,0.487654,-2.941130,2.379011,-0.654710,1.393492,1.253456,3.996524,-0.244707,-0.395070,-0.397757,-0.422727,-0.223174,0.040757,-0.067719,0.143554,0.223392,0.161610,-0.029762,0.202995,-0.021198,0.195191,0.179785,0.192952,0.014791,0.141636
0.153618,0.496540,0.966752,0.118577,-0.009520,-0.959284,-0.256170,3.951366,-1.031819,0.898330,0.723408,0.339473,-2.472739,0.527159,-1.173935,-0.697717,0.142588,0.022681,-0.976348,1.076430,-0.331187,0.072563,1.488678,-0.909941,0.198376,0.872261,-0.952326,0.010294,0.005258,-0.133027,-0.505751,-0.094899,-0.020459,0.162346,0.448204,2.472265,1.356933,-4.329742,0.666975,-3.420134,-2.365600,-1.014434,-0.179168,-5.857592,5.298408,6.381728,-7.116662,-4.840833,1.801094,-1.056387,1.430159,1.776961,0.499798,-0.901386,0.801229,-0.235764,-0.394949,-0.410119,-0.456670,-0.238209,0.005441,-0.042778,0.158253,0.232269,0.153068,-0.054892,0.200825,0.012700,0.206218,0.195476,0.189001,-0.016932,0.137578
0.091686,0.555188,0.965554,0.116637,-0.017456,-0.951738,-0.283347,4.098630,-0.775049,0.889890,1.146880,0.134614,-2.696522,0.510780,-1.113485,-0.649777,0.041212,0.005564,-0.907629,0.985654,-0.323514,0.038050,1.335237,-0.806531,0.366870,0.795193,-0.924448,0.039591,0.009953,-0.146271,-0.437579,-0.097702,-0.088330,0.147752,-0.818957,3.022480,2.397026,-5.068811,-0.855884,3.435904,-4.538795,0.383657,-1.725691,-7.672036,5.170502,8.424674,-3.853391,1.393929,1.464827,0.234760,-0.662212,3.408573,-0.140148,-3.393538,-0.729702,-0.215917,-0.392471,-0.430902,-0.500970,-0.238304,-0.069744,-0.034085,0.162624,0.230266,0.144363,-0.072447,0.197408,0.022531,0.207906,0.191841,0.181712,-0.041980,0.131007
0.030638,0.613287,0.961355,0.105936,-0.030962,-0.942656,-0.314990,4.130290,-0.488440,0.708690,1.998644,-0.518426,-3.094821,0.462512,-1.040306,-0.596292,-0.091677,-0.035219,-0.698204,0.838819,-0.290913,-0.002580,1.149768,-0.723835,0.602405,0.777014,-0.776727,0.092931,-0.009018,-0.160386,-0.387389,-0.091852,-0.113638,0.136126,-2.413373,3.658951,2.674245,-6.644461,-2.039147,10.471260,-7.341771,1.630050,-2.031495,-9.273467,4.134787,11.776738,-0.908990,7.386050,2.667040,-0.948577,-0.705737,2.509528,0.292526,-1.265438,-0.581305,-0.174479,-0.386158,-0.462522,-0.531067,-0.229070,-0.198103,-0.044992,0.162117,0.218871,0.139220,-0.078870,0.195057,0.003953,0.207469,0.171123,0.175111,-0.051862,0.126394
-0.029022,0.671008,0.952623,0.092884,-0.043387,-0.935176,-0.339023,4.141230,-0.304168,0.419020,1.874609,-0.802658,-2.331737,0.360397,-0.952744,-0.557200,-0.180316,-0.082405,-0.505308,0.662640,-0.197204,-0.016710,0.961196,-0.662651,0.902083,0.775043,-0.651266,0.147341,-0.051468,-0.174134,-0.327067,-0.113667,-0.101436,0.125522,-5.105788,4.378120,1.954580,-4.431963,-2.359268,9.644806,-8.808931,4.685460,-0.706507,-9.428598,3.059224,14.983939,-0.098511,6.273066,2.720476,-2.122468,-0.687396,3.016099,-1.090756,0.610097,-0.530177,-0.120137,-0.363977,-0.509975,-0.517379,-0.199475,-0.355305,-0.058006,0.160537,0.210804,0.136456,-0.085759,0.193078,-0.017246,0.205891,0.155904,0.171075,-0.063274,0.122168
-0.086639,0.729591,0.937120,0.083151,-0.056232,-0.927658,-0.359687,4.173880,-0.237784,0.049198,1.739534,-0.492112,-2.013227,0.216940,-0.889517,-0.512525,-0.162650,-0.139172,-0.339083,0.453533,-0.033166,-0.035010,0.793977,-0.583906,1.223367,0.808237,-0.547204,0.186744,-0.125268,-0.083904,-0.244486,-0.136931,-0.041949,0.121197,-7.172824,3.161348,2.233766,0.883324,-2.838365,8.311250,-10.455387,8.201922,-0.914984,-8.360939,3.937226,16.064205,1.659673,5.203099,1.970175,-3.690010,4.511492,4.129029,-1.163224,2.974375,-0.216288,-0.067707,-0.338512,-0.551763,-0.442650,-0.123053,-0.514490,-0.074398,0.155384,0.205157,0.135132,-0.089974,0.190919,-0.041863,0.200354,0.144730,0.166229,-0.071811,0.117195
-0.138551,0.786841,0.917529,0.085333,-0.062611,-0.915292,-0.388636,3.980310,-0.148338,-0.160520,0.760506,0.386405,-3.072456,0.039961,-0.905303,-0.420515,-0.087756,-0.093206,-0.191457,0.220073,0.105071,0.005772,0.664793,-0.488234,1.539921,0.982792,-0.481840,0.192695,-0.204107,-0.240120,-0.147348,-0.178956,0.006854,0.076722,-8.848958,-0.789327,4.600478,3.744680,2.298312,7.381315,-11.672956,6.911825,2.039123,-6.459219,4.783590,15.827667,8.727737,3.268191,0.297517,-3.941943,-7.810805,4.856888,-2.101249,2.440153,-2.223741,-0.013911,-0.342145,-0.555160,-0.312293,-0.065908,-0.634943,-0.105306,0.135470,0.201690,0.146589,-0.077058,0.189741,-0.083644,0.182009,0.137681,0.172877,-0.061688,0.113550
-0.191637,0.840808,0.903189,0.091112,-0.062615,-0.900835,-0.419851,3.840199,0.286155,0.107506,0.049122,0.473211,-3.425961,-0.166271,-0.873294,-0.312404,-0.038762,-0.051688,-0.004682,-0.034571,0.162357,0.044927,0.585114,-0.386555,1.811076,1.083111,-0.406124,0.179319,-0.255751,-0.369626,-0.082978,-0.228049,0.011267,0.135764,-10.311581,1.600478,5.405550,2.449714,2.075893,9.338757,-12.732242,2.864328,1.957744,-3.983925,5.083953,13.557764,5.015961,3.785768,-0.668784,-2.582188,-6.475269,3.218527,-2.454629,0.220641,2.952129,0.063586,-0.330788,-0.563652,-0.148762,-0.044868,-0.707526,-0.121852,0.117015,0.197687,0.154604,-0.071007,0.190233,-0.106687,0.160496,0.129778,0.180639,-0.059471,0.113282
-0.248931,0.893897,0.892456,0.095078,-0.065098,-0.880553,-0.459726,3.840239,0.830288,0.322158,0.422351,0.399932,-4.439250,-0.398360,-0.791833,-0.181652,-0.058481,-0.013447,0.199500,-0.314518,0.189348,0.090335,0.571399,-0.335565,2.008870,1.094004,-0.302800,0.144990,-0.304063,-0.458957,-0.077588,-0.254408,-0.006029,0.118319,-11.604470,4.073010,6.537609,-0.985960,1.912063,10.209064,-13.997344,1.349541,2.270398,-0.685771,2.549536,9.889693,0.544678,5.166217,-1.716444,-2.415618,-4.466578,0.269508,-1.317940,-0.864800,-0.872258,0.182028,-0.306558,-0.556063,0.028457,-0.042835,-0.726000,-0.126311,0.104491,0.192859,0.157402,-0.071083,0.190994,-0.113080,0.140400,0.120280,0.185214,-0.060716,0.114500
-0.309517,0.949187,0.884366,0.095592,-0.063244,-0.861836,-0.494066,3.907820,1.217740,0.478456,0.165041,-0.109019,-3.900256,-0.626841,-0.671471,-0.037793,-0.069349,0.018420,0.407192,-0.554553,0.188570,0.156415,0.635469,-0.309007,2.142005,1.074444,-0.227305,0.102649,-0.359951,-0.556934,-0.130264,-0.274354,-0.031022,0.128960,-11.424038,6.018126,7.192947,-0.543397,1.593341,10.384617,-12.001719,-0.038899,3.303972,3.203526,1.327900,6.656766,-0.978031,3.774757,-2.117076,-2.794379,-4.898839,-2.633842,-0.997307,-1.249670,0.532045,0.307483,-0.262624,-0.528597,0.159949,-0.066817,-0.702281,-0.125125,0.097625,0.189825,0.160461,-0.069608,0.192266,-0.110968,0.126383,0.114295,0.191825,-0.056911,0.117517
-0.367195,1.008827,0.880674,0.096618,-0.063550,-0.842280,-0.526489,3.881780,1.287386,0.719351,0.331121,0.046056,-3.770217,-0.840952,-0.543090,0.133007,-0.040784,0.031494,0.576698,-0.757142,0.161887,0.222178,0.754640,-0.322594,2.211343,1.030658,-0.174431,0.086044,-0.418842,-0.647162,-0.214973,-0.301620,-0.041675,0.150091,-10.705556,6.419049,8.540021,1.428243,0.653701,8.475293,-10.129447,-1.334174,3.288166,5.958540,-0.679369,3.466874,-2.189273,2.643674,-0.830252,-2.944588,-4.511415,-4.235419,-1.363278,-0.532632,1.056550,0.414518,-0.213961,-0.478252,0.247065,-0.110072,-0.660429,-0.122693,0.097102,0.188376,0.164131,-0.069345,0.194860,-0.108029,0.120602,0.111143,0.200700,-0.053290,0.123187
-0.426670,1.071566,0.881430,0.097416,-0.065492,-0.826500,-0.550562,3.920515,1.536059,0.977245,0.409192,0.140580,-2.855116,-1.029849,-0.400287,0.306870,0.013117,0.010345,0.703788,-0.917988,0.113925,0.276675,0.884201,-0.395786,2.210506,0.946584,-0.131093,0.094911,-0.451406,-0.697984,-0.284130,-0.343529,-0.024367,0.170226,-9.444873,7.140167,8.693114,2.695080,-1.057478,6.354514,-8.042347,-2.398099,2.724865,6.478017,-3.659624,-0.041845,-4.203722,2.166946,0.443357,-1.628171,-2.541069,-3.457847,-2.095454,0.865382,1.006736,0.500868,-0.159112,-0.414952,0.298431,-0.161040,-0.614351,-0.117916,0.103686,0.187778,0.165048,-0.078660,0.198380,-0.103804,0.123417,0.109395,0.207648,-0.062927,0.130043
-0.488484,1.138353,0.888177,0.094648,-0.065549,-0.819642,-0.561188,4.042078,1.674735,1.294128,0.292435,-0.238241,-1.240154,-1.176922,-0.226337,0.462475,0.063028,-0.042257,0.792841,-1.008865,0.059128,0.304726,1.018201,-0.512708,2.137534,0.803396,-0.082417,0.120589,-0.461631,-0.675752,-0.325699,-0.384749,0.010784,0.199795,-7.353648,8.697456,7.780269,2.495513,-2.630066,4.452652,-4.543802,-2.739846,1.402546,6.700008,-5.846070,-3.648592,-7.159379,2.433784,1.283887,-0.511250,1.111588,-2.078438,-2.061014,1.757562,1.478474,0.569722,-0.084959,-0.349968,0.302602,-0.203523,-0.583373,-0.107812,0.117348,0.187643,0.157715,-0.100650,0.201501,-0.095222,0.133732,0.108237,0.205685,-0.090541,0.135706
-0.552646,1.207411,0.900426,0.090802,-0.059452,-0.819670,-0.562460,4.139714,1.746070,1.550253,-0.273079,-0.667736,-0.126926,-1.269119,-0.036590,0.590879,0.130256,-0.093867,0.869119,-1.028429,0.024563,0.308868,1.148170,-0.633931,2.011917,0.613548,0.001978,0.145453,-0.470419,-0.550616,-0.354997,-0.422793,0.068138,0.261800,-4.609847,9.487350,6.420182,3.361393,-2.580486,3.813893,-0.978231,-1.728223,0.207077,6.498483,-6.061177,-6.280845,-9.492390,4.219726,1.243230,-0.439425,6.256807,-1.464918,-1.902207,2.867728,3.100234,0.610141,0.000227,-0.305833,0.270362,-0.224430,-0.573208,-0.093291,0.132072,0.187757,0.140149,-0.129537,0.204307,-0.084569,0.143844,0.107025,0.191710,-0.128907,0.140484
-0.613625,1.280942,0.915749,0.088138,-0.038780,-0.825282,-0.556451,4.320527,1.406373,1.659872,-1.629644,-1.391836,0.659249,-1.309074,0.175611,0.688250,0.149124,-0.083479,0.940560,-0.991942,-0.038133,0.296764,1.264892,-0.745519,1.849363,0.392833,0.104542,0.143121,-0.472226,-0.317711,-0.368378,-0.446024,0.101365,0.261800,-1.997754,10.610080,4.868592,0.943434,0.519374,3.572077,1.824378,-3.134823,-0.605161,5.836075,-5.579396,-8.127703,-11.035770,5.128196,-0.116594,-0.090346,11.645226,-0.669043,-1.161546,1.661347,0.000000,0.630364,0.112041,-0.277083,0.211489,-0.244988,-0.573448,-0.073015,0.144332,0.188322,0.110305,-0.158419,0.205938,-0.069488,0.150847,0.106607,0.161926,-0.169780,0.143180
-0.681939,1.349504,0.930747,0.078511,-0.039435,-0.825748,-0.557155,4.255892,1.858171,1.554295,0.596419,-0.765462,0.020558,-1.299133,0.313535,0.773301,0.135839,-0.140825,0.982080,-0.921890,-0.025846,0.304329,1.340961,-0.857641,1.638737,0.235037,0.157101,0.157899,-0.457141,-0.038811,-0.406695,-0.463385,0.118596,0.261800,0.497084,6.896195,4.252511,-0.664265,-2.867314,2.075959,3.502599,0.614339,0.378215,3.803445,-5.606065,-10.531298,-7.889803,2.627972,0.738902,0.754245,13.944990,-1.915848,-0.868076,0.861511,0.000000,0.628556,0.189332,-0.269725,0.159168,-0.243384,-0.578176,-0.055664,0.153829,0.189414,0.088091,-0.173959,0.208384,-0.055524,0.160164,0.107609,0.139852,-0.193254,0.147714
-0.754537,1.414658,0.940217,0.067070,-0.057120,-0.821712,-0.563052,4.202568,2.224498,1.184627,2.161558,0.036547,-0.537890,-1.260066,0.394312,0.841848,0.122540,-0.232419,0.986340,-0.835338,0.040155,0.347941,1.365372,-0.970539,1.381738,0.125816,0.137278,0.201705,-0.384907,0.239596,-0.457020,-0.479920,0.142029,0.214407,1.953338,4.038844,3.427364,-0.664962,-4.579693,0.212997,4.327563,3.300046,2.180620,1.220568,-5.644936,-12.849956,-5.461024,-0.991130,2.190287,3.611719,13.920370,-2.516275,-0.826730,1.171691,-2.369671,0.618254,0.235218,-0.281360,0.122463,-0.237374,-0.585717,-0.036875,0.163721,0.190166,0.073696,-0.182709,0.211519,-0.034677,0.174758,0.108891,0.126241,-0.207353,0.153520
-0.820326,1.483401,0.946076,0.067137,-0.054488,-0.832354,-0.547459,4.345113,1.670550,1.024404,-0.380163,-0.130825,1.857187,-1.202609,0.476260,0.826242,0.096292,-0.198478,0.957009,-0.763328,0.044234,0.358166,1.348293,-1.043901,1.123992,0.140542,0.093990,0.244542,-0.309378,0.197163,-0.483683,-0.468163,0.106453,0.188295,2.872822,4.097390,-0.780303,-1.312367,1.697038,-1.466536,3.600513,0.203956,0.511237,-0.853933,-3.668063,-12.887306,0.736287,-2.164405,2.141848,3.776465,-2.121649,-1.333158,0.587858,-1.778821,-1.305558,0.594696,0.291927,-0.310988,0.094361,-0.238920,-0.594832,-0.034908,0.168235,0.190842,0.078994,-0.179784,0.212255,-0.029671,0.184253,0.110541,0.133559,-0.202675,0.155414
-0.885137,1.550160,0.949481,0.070531,-0.048030,-0.844885,-0.528098,4.327914,1.454081,0.909150,-0.911747,-0.066075,2.222013,-1.129763,0.531100,0.776965,0.068514,-0.130555,0.864029,-0.646019,0.049593,0.353419,1.288667,-1.073725,0.898951,0.210770,-0.003406,0.281507,-0.262016,0.141596,-0.503074,-0.423278,0.068920,0.226547,3.642327,2.742013,-2.463842,-1.388941,3.396173,-4.648989,5.865434,0.267941,-0.237365,-2.981344,-1.491242,-11.252062,3.511392,-4.869797,1.848235,2.368105,-2.778334,-0.969517,2.244265,-1.876656,1.912571,0.564204,0.334478,-0.350327,0.051363,-0.233513,-0.613982,-0.036269,0.171436,0.191560,0.092893,-0.168999,0.211136,-0.024950,0.192702,0.113126,0.149728,-0.184713,0.154082
-0.949835,1.617234,0.951320,0.073462,-0.034867,-0.853829,-0.514163,4.402231,1.283044,0.833597,-1.393678,-0.462089,1.527850,-1.042198,0.550498,0.725105,0.065558,-0.040380,0.722288,-0.481612,0.060340,0.347806,1.184741,-1.053260,0.733847,0.326758,-0.114165,0.269380,-0.230736,0.180447,-0.492852,-0.342753,0.051916,0.260933,4.378221,0.969898,-2.593023,-0.147766,4.508745,-7.087041,8.220367,0.537360,-0.280634,-5.196293,1.023259,-8.255170,5.799395,-5.537970,-0.606329,1.563982,1.942551,0.511102,4.026251,-0.850193,1.719284,0.531623,0.350286,-0.401674,-0.009246,-0.223632,-0.637833,-0.043162,0.168917,0.191878,0.109079,-0.150223,0.207180,-0.025583,0.193165,0.115489,0.165191,-0.154002,0.147436
-1.015748,1.684799,0.949125,0.075632,-0.012150,-0.868303,-0.490083,4.559523,1.062281,0.606830,-2.260087,-1.051435,2.595364,-0.950439,0.540110,0.645125,0.067255,0.066017,0.565320,-0.290877,0.074527,0.276790,1.068804,-0.978368,0.645802,0.519947,-0.200397,0.231640,-0.206583,0.150362,-0.461533,-0.215587,0.031939,0.258689,4.587976,-0.519420,-3.998978,0.084848,5.319878,-7.848405,9.536736,0.709351,-3.550821,-5.796841,3.744612,-4.402235,9.659473,-4.311606,-1.886999,1.207645,-1.504262,1.565921,6.358274,-0.998853,-0.112156,0.495805,0.351043,-0.456688,-0.094637,-0.187544,-0.655330,-0.064054,0.158849,0.192205,0.127447,-0.117552,0.201273,-0.044027,0.186495,0.117594,0.176944,-0.103589,0.137341
-1.080819,1.750365,0.943396,0.077852,0.010764,-0.885123,-0.458672,4.549160,0.764070,0.369309,-2.327362,-1.087043,3.336309,-0.861459,0.468370,0.533754,0.071880,0.118060,0.414976,-0.133350,0.095719,0.105725,0.940886,-0.869316,0.610782,0.780319,-0.272468,0.231067,-0.197416,0.130562,-0.429001,-0.058193,0.020352,0.184379,4.449012,-3.587002,-5.568544,0.231244,2.602117,-7.517215,7.876389,1.059592,-8.553216,-6.395913,5.452621,-1.751005,13.018572,-3.603526,-0.028650,0.458374,-0.989981,1.626630,7.869699,-0.579346,-3.715526,0.464089,0.321205,-0.513603,-0.168359,-0.112426,-0.662166,-0.096529,0.142352,0.194090,0.139701,-0.072610,0.196392,-0.080053,0.177600,0.121852,0.173513,-0.039967,0.129135
-1.145590,1.812573,0.931964,0.077664,0.027336,-0.901668,-0.424519,4.493352,0.546724,0.016636,-1.649583,-1.046750,3.584698,-0.797547,0.366660,0.402191,0.070443,0.041880,0.272318,0.008262,0.154679,-0.136063,0.795853,-0.760313,0.634108,1.082326,-0.353875,0.263615,-0.103720,0.075072,-0.398174,0.109911,0.101526,0.036387,3.195597,-5.085475,-6.578176,-0.071858,-3.808999,-7.132886,7.080556,2.948022,-12.089407,-7.251620,5.450146,1.166256,15.100372,-4.070375,1.627391,4.684791,-2.774518,1.541340,8.405230,4.058684,-7.399607,0.442052,0.279612,-0.555051,-0.218952,0.000892,-0.652270,-0.132374,0.116308,0.197928,0.137783,-0.024191,0.194095,-0.126968,0.161694,0.129787,0.145922,0.020312,0.125644
-1.212437,1.869613,0.920213,0.074962,0.030642,-0.920839,-0.381441,4.416182,0.382648,-0.038134,-0.425874,-0.754002,4.621232,-0.767947,0.274759,0.239989,-0.027424,-0.104043,0.107368,0.141347,0.134916,-0.317268,0.648996,-0.729208,0.814520,1.386372,-0.418376,0.297388,-0.304280,-0.031974,-0.381862,0.239222,0.228749,-0.071410,1.479999,-4.595030,-8.110070,-4.893352,-7.296137,-8.247535,6.654259,-0.988175,-9.060254,-7.342856,1.555227,9.020640,15.202285,-3.225064,1.688654,-10.028023,-5.352294,0.815573,6.465507,6.361167,-5.389845,0.450892,0.257270,-0.554081,-0.247924,0.044694,-0.647000,-0.162323,0.078596,0.201811,0.125287,0.017014,0.194596,-0.168999,0.127144,0.136003,0.107501,0.060673,0.127441
-1.274605,1.921343,0.910704,0.074563,0.017250,-0.935970,-0.343661,4.070884,0.057371,0.049876,1.088083,0.169351,4.118747,-0.721253,0.111228,0.087178,-0.115089,-0.239916,-0.115317,0.295999,0.119937,-0.356557,0.504963,-0.731743,0.903071,1.690316,-0.451438,0.301964,-0.401691,-0.121810,-0.374915,0.341454,0.251410,-0.126943,2.334693,-8.176580,-7.640538,-4.383263,-6.793652,-11.134237,7.732639,-0.748946,-1.964437,-7.201653,-0.126739,4.427548,15.197221,-1.653087,0.228813,-4.870520,-4.491825,0.347384,5.111598,1.133033,-2.776645,0.458032,0.179054,-0.562771,-0.297127,0.039890,-0.638182,-0.178816,0.029876,0.203539,0.104719,0.049968,0.196397,-0.198544,0.076103,0.138685,0.067084,0.083081,0.131440
-1.331229,1.977305,0.902578,0.084679,-0.001518,-0.948218,-0.306122,3.949312,-0.609398,0.204650,1.283327,1.391481,4.057141,-0.649382,-0.163160,-0.061958,-0.192251,-0.271451,-0.374984,0.426497,0.076038,-0.294819,0.417103,-0.731405,0.901013,1.934608,-0.424195,0.260170,-0.480161,-0.167456,-0.355954,0.440775,0.261800,-0.127183,3.593546,-13.719374,-7.456832,-3.858081,-1.576749,-12.983360,6.524876,-2.194960,3.086904,-4.392991,0.016895,-0.102932,12.214575,1.362167,-2.089697,-3.923546,-2.282312,0.948020,4.966068,0.519514,-0.012012,0.437908,0.022206,-0.573351,-0.354038,-0.004805,-0.621850,-0.176283,-0.015534,0.200818,0.082093,0.066867,0.198715,-0.202042,0.023700,0.133517,0.031978,0.084631,0.136223
-1.395332,2.036395,0.898509,0.088045,-0.002170,-0.959594,-0.267252,4.246429,-0.878538,0.488955,-0.278471,0.250563,4.042857,-0.523281,-0.420063,-0.220351,-0.242378,-0.192841,-0.589477,0.563266,-0.009756,-0.216462,0.402359,-0.716052,0.898078,2.063720,-0.406045,0.214630,-0.584107,-0.181351,-0.333948,0.508578,0.261800,-0.065953,6.305068,-12.845157,-7.919649,-2.506364,3.930490,-10.724613,6.838469,-4.289679,3.917816,-0.737231,0.767628,-0.146741,6.455630,0.907481,-2.277025,-5.197260,-0.694745,1.100321,3.390142,0.000000,3.061514,0.360886,-0.122966,-0.582653,-0.426200,-0.072571,-0.577358,-0.168153,-0.037768,0.198619,0.069013,0.070932,0.200615,-0.193563,-0.001916,0.129328,0.014221,0.077891,0.139938
-1.463264,2.092438,0.899263,0.087447,-0.003163,-0.966557,-0.241060,4.247716,-0.893103,0.741385,-0.071784,-0.100151,2.708391,-0.351112,-0.658732,-0.381347,-0.270217,-0.120514,-0.756069,0.687578,-0.105040,-0.105483,0.446274,-0.760902,0.838025,2.132679,-0.426241,0.177681,-0.666434,-0.218362,-0.351908,0.519573,0.239515,0.027359,8.608411,-11.933448,-8.049769,-1.391938,3.616364,-8.329635,6.215567,-4.764209,5.548981,2.195759,-2.242456,-3.002650,3.447916,-1.009799,-1.847449,-4.116360,-1.850554,-0.897999,0.549767,-1.114245,4.665587,0.246786,-0.246347,-0.571977,-0.490554,-0.151271,-0.506218,-0.162937,-0.045355,0.198562,0.062298,0.075981,0.201597,-0.187445,-0.008789,0.129320,0.006233,0.079462,0.141790
-1.531586,2.150944,0.901894,0.083908,-0.001961,-0.970153,-0.227505,4.283220,-1.117907,0.805606,-0.132188,-0.408714,1.389082,-0.149424,-0.871066,-0.540429,-0.241835,-0.138829,-0.875271,0.793425,-0.191283,-0.015720,0.544062,-0.841306,0.712296,2.139723,-0.479438,0.149667,-0.701456,-0.240945,-0.383593,0.506656,0.182079,0.013163,10.084435,-10.616715,-7.954109,1.419108,-0.915768,-5.960058,5.292351,-4.312131,4.488117,4.889415,-4.020205,-6.286441,0.352208,-2.659818,-1.400673,-1.751128,-1.129136,-1.584260,-0.645853,-2.871829,-0.709804,0.118948,-0.337084,-0.538343,-0.534641,-0.217791,-0.415848,-0.162582,-0.039920,0.200521,0.060901,0.079433,0.202063,-0.186136,0.000707,0.133238,0.004786,0.085003,0.142461
-1.602890,2.210200,0.909081,0.082029,0.002116,-0.969873,-0.229374,4.404483,-1.080980,1.024589,-0.341089,-0.266676,-0.214885,0.061141,-1.056607,-0.671557,-0.171606,-0.176345,-0.981104,0.865580,-0.216171,0.035502,0.697058,-0.929933,0.520037,2.084116,-0.566309,0.131681,-0.657412,-0.275286,-0.403448,0.483282,0.090016,-0.037675,10.528260,-9.277058,-6.556409,3.511453,-1.875801,-5.291664,3.607785,-1.244419,2.561117,7.649776,-4.431367,-9.612936,-2.780344,-4.343552,-0.899343,2.202237,-1.717041,-0.992742,-1.168702,-4.603109,-2.541895,0.004343,-0.398180,-0.481685,-0.557126,-0.238916,-0.326330,-0.166032,-0.021645,0.205003,0.065807,0.078889,0.201835,-0.188151,0.026163,0.142095,0.011401,0.090599,0.141543
-1.678228,2.269932,0.921620,0.075669,0.012525,-0.970580,-0.228237,4.571699,-1.049635,1.224998,-0.876530,-0.860536,0.039714,0.266923,-1.158563,-0.800055,-0.091114,-0.224256,-1.035046,0.930010,-0.223949,0.023404,0.861508,-0.999820,0.327788,1.959156,-0.689948,0.113525,-0.525302,-0.295785,-0.429030,0.476433,0.008351,-0.085686,10.289092,-5.097800,-6.424892,4.024567,-2.395524,-2.697132,3.221471,-0.388902,-0.604914,8.222504,-3.494351,-9.612458,-6.248000,-6.181989,-0.907787,6.605468,-1.024941,-1.279085,-0.342447,-4.083248,-2.400545,-0.080647,-0.420015,-0.441898,-0.565360,-0.230925,-0.240488,-0.167950,0.011502,0.212775,0.074575,0.072396,0.202509,-0.185144,0.069559,0.157403,0.022612,0.092929,0.142422
-1.753900,2.329829,0.937930,0.073517,0.025951,-0.973960,-0.212892,4.545351,-1.231488,1.331575,-1.363835,-0.572873,1.458807,0.416572,-1.186212,-0.926818,0.009497,-0.270989,-1.056076,0.997792,-0.227296,-0.037497,0.982809,-1.056367,0.175594,1.778083,-0.813832,0.040872,-0.327852,-0.303878,-0.446365,0.454994,-0.095291,-0.095195,7.482425,-1.382430,-6.338160,5.030584,-2.336657,-1.051487,3.389119,-0.167345,-3.045051,6.065076,-2.827328,-7.609705,-9.053662,-6.194189,-3.632655,9.872504,-0.404635,-0.866746,-1.071967,-5.182133,-0.475464,-0.142035,-0.412588,-0.437568,-0.565474,-0.204500,-0.170396,-0.155292,0.053198,0.220906,0.087739,0.060180,0.202425,-0.157729,0.120394,0.173885,0.042678,0.091986,0.141678
-1.829984,2.391682,0.952467,0.063283,0.037912,-0.976999,-0.200079,4.614192,-1.439392,1.096256,-1.031829,-1.309287,1.199749,0.547037,-1.153079,-1.055994,0.073486,-0.261720,-1.052473,1.139725,-0.268439,-0.085927,1.075805,-1.141896,0.057164,1.533051,-0.948517,0.045543,-0.100426,-0.202816,-0.430012,0.291709,-0.097920,-0.041374,6.523247,1.656625,-6.458779,3.199435,0.463420,0.180166,7.096648,-2.057138,-2.421463,4.649803,-4.276493,-5.921515,-12.251581,-6.734235,0.233556,11.371298,5.053051,0.817610,-8.164212,-0.131428,2.691094,-0.194710,-0.386926,-0.455095,-0.554571,-0.197848,-0.068368,-0.134534,0.099133,0.232526,0.115789,0.039019,0.197427,-0.121398,0.171186,0.195539,0.092216,0.082798,0.132159
-1.911106,2.455494,0.961220,0.057837,0.035751,-0.979877,-0.187662,4.886140,-1.522946,0.793521,0.257696,-0.556876,1.264432,0.626568,-1.112936,-1.161358,0.101934,-0.213751,-1.082522,1.149000,-0.317596,-0.076070,1.183566,-1.149888,0.004134,1.264630,-1.067017,0.026509,0.040970,-0.113017,-0.400885,0.250282,-0.058303,0.072021,3.976586,2.007157,-5.268216,1.422390,2.398469,-1.502475,0.463740,-2.457870,0.492828,5.388056,-0.399554,-2.651463,-13.421049,-5.925013,-0.951679,7.069819,4.489988,1.456377,-2.071374,1.980844,5.669730,-0.226973,-0.362741,-0.472839,-0.530957,-0.210560,-0.034758,-0.096451,0.136397,0.243293,0.125666,0.003669,0.195510,-0.061925,0.205216,0.214935,0.117021,0.050238,0.128511
-1.992624,2.517574,0.965476,0.052444,0.024588,-0.980597,-0.187282,4.895753,-1.410364,0.579407,1.189013,-0.318285,0.097105,0.692322,-1.061647,-1.208736,0.078959,-0.128715,-1.160334,1.149000,-0.371714,0.007648,1.256174,-1.117048,0.041249,0.990725,-1.211128,0.011839,-0.020647,-0.046149,-0.381550,0.218661,-0.035845,0.231279,3.287691,2.564436,-2.368917,-1.148728,4.251818,-3.890593,0.000000,-2.705892,4.185911,3.630377,1.641991,1.855733,-13.695239,-7.205526,-0.733524,-3.080876,3.343371,0.966720,-1.581060,1.122877,7.962910,-0.254157,-0.344165,-0.481400,-0.503614,-0.251814,-0.008322,-0.047610,0.159898,0.257480,0.124077,-0.033466,0.194291,0.009708,0.215781,0.239477,0.129907,0.011820,0.126119
-2.065964,2.587182,0.966543,0.052725,0.024782,-0.978486,-0.197918,4.711453,-1.796421,0.371177,0.011219,0.068249,-1.073397,0.749583,-0.989565,-1.195158,0.082074,-0.021109,-1.257864,1.149000,-0.359781,0.033340,1.262146,-1.030854,0.083811,0.725171,-1.363420,0.026262,-0.050738,-0.009251,-0.355792,0.169971,-0.042919,0.261800,2.863061,3.604137,0.678891,0.155726,5.380284,-4.876477,0.000000,0.596636,1.284599,0.298601,4.309663,2.128076,-13.277703,-7.614605,0.721138,-1.504528,1.844900,1.287930,-2.434505,-0.353673,1.526038,-0.296059,-0.310849,-0.492564,-0.501095,-0.256208,-0.004793,0.002034,0.167824,0.273973,0.113008,-0.070015,0.192782,0.074650,0.205494,0.267637,0.132618,-0.031621,0.122971
-2.143664,2.646900,0.964716,0.047532,0.012576,-0.975999,-0.212150,4.765824,-1.107917,0.277182,1.359353,-0.197266,-1.391979,0.774583,-0.933383,-1.146146,0.036098,0.017664,-1.287916,1.149000,-0.326338,0.093228,1.207185,-0.900529,0.184385,0.581066,-1.355062,-0.040330,-0.043314,-0.034531,-0.329969,0.124005,-0.085525,0.261800,1.249974,2.809106,2.450613,-2.298788,1.938669,-1.502599,-0.000000,1.672150,2.994385,-2.748062,6.516262,5.028714,-7.205247,0.417873,-3.329596,0.371205,-1.263973,1.291160,-2.298289,-2.130304,0.000000,-0.314340,-0.296130,-0.494791,-0.509394,-0.271665,-0.014078,0.028131,0.159605,0.271535,0.102746,-0.090832,0.191546,0.106747,0.181679,0.263499,0.129264,-0.060093,0.120243
-2.221129,2.703826,0.960649,0.034547,-0.002678,-0.970868,-0.237095,4.752265,-0.740112,0.113499,1.888233,-0.849414,-2.489667,0.770627,-0.869901,-1.058053,-0.033070,-0.024866,-1.217272,1.149000,-0.259879,0.028889,1.127732,-0.735722,0.350084,0.518299,-1.215989,-0.100639,-0.029621,-0.033480,-0.323473,0.010679,-0.150485,0.261800,-0.197809,3.174061,4.404646,-3.458399,-2.126533,3.532193,-0.000000,3.322995,-3.216954,-3.972645,8.240371,8.284963,-3.138368,6.953684,-3.015434,0.684651,0.052531,0.324794,-5.666279,-3.248021,0.000000,-0.318045,-0.284635,-0.502874,-0.539090,-0.230656,-0.037236,0.033630,0.152992,0.255900,0.102976,-0.107102,0.191407,0.112068,0.167720,0.236851,0.136832,-0.086669,0.119515
-2.296570,2.760985,0.954582,0.015568,-0.006755,-0.962382,-0.271170,4.716733,-0.469195,-0.142706,1.024070,-1.708477,-3.484368,0.734659,-0.766467,-0.924359,-0.101285,-0.076463,-1.055269,1.144569,-0.172774,-0.131754,1.007342,-0.599872,0.590510,0.502610,-1.008391,-0.148978,-0.047513,-0.037126,-0.316188,-0.124673,-0.159055,0.241267,-1.798380,5.171706,6.684698,-3.410759,-2.579858,8.100121,-0.221562,4.355224,-8.032116,-6.019517,6.792493,12.021313,-0.784479,10.379882,-2.416967,-0.894582,-0.182312,0.364245,-6.767620,-0.428502,-1.026649,-0.315442,-0.253780,-0.532530,-0.574405,-0.145033,-0.080740,0.025307,0.147659,0.235464,0.107915,-0.120952,0.192901,0.099150,0.158851,0.201491,0.147524,-0.110661,0.121785
-2.363687,2.815983,0.946731,0.003981,-0.008040,-0.953939,-0.299866,4.330191,-0.339990,-0.334441,0.477001,-1.097135,-2.962123,0.622008,-0.667240,-0.806610,-0.075182,-0.059750,-0.877298,0.984859,-0.019124,-0.159027,0.905807,-0.538580,0.909840,0.491509,-0.835027,-0.119981,-0.146719,0.003931,-0.325797,-0.182292,-0.140156,0.231973,-5.632579,4.961339,5.887484,1.305170,0.835678,8.898564,-7.985504,7.682527,-1.363677,-5.076718,3.064576,15.966467,-0.555018,8.668218,1.449849,-4.960324,2.052894,-0.480474,-2.880950,0.944985,-0.464691,-0.292915,-0.202842,-0.588388,-0.580228,-0.071496,-0.201935,0.014098,0.148537,0.220946,0.110314,-0.126621,0.194526,0.081505,0.159927,0.175571,0.152750,-0.120031,0.124612
-2.435267,2.874391,0.930546,0.000937,-0.012136,-0.946237,-0.323244,4.625292,-0.137851,-0.761863,0.461769,-0.180434,-2.447933,0.501825,-0.635455,-0.707324,-0.045644,-0.058050,-0.696545,0.740636,0.078276,-0.195345,0.808672,-0.495126,1.189926,0.572642,-0.674453,-0.057265,-0.223807,0.122557,-0.343558,-0.217800,-0.075071,0.053345,-6.009133,1.589262,4.964273,1.476899,0.084974,9.037653,-12.211118,4.869977,-1.815880,-4.856760,2.172714,14.004333,4.056625,8.028682,3.135827,-3.854395,5.931258,-0.888028,-1.775398,3.254247,-8.931414,-0.249058,-0.186389,-0.622931,-0.533823,-0.015607,-0.364028,-0.013166,0.150990,0.209416,0.123704,-0.119008,0.196132,0.044493,0.169983,0.154217,0.167488,-0.109572,0.127385
-2.499006,2.929541,0.915297,0.004537,-0.011632,-0.939954,-0.341073,4.225669,-0.085742,-0.691475,-0.189292,0.311290,-1.871819,0.314025,-0.666111,-0.617656,0.037067,-0.025385,-0.531408,0.466046,0.128015,-0.166503,0.769183,-0.438470,1.500851,0.842564,-0.571048,-0.049912,-0.308410,-0.173046,-0.363912,-0.210997,-0.078571,0.029802,-9.389997,-1.532777,4.483385,4.135555,1.633288,8.256874,-13.729496,2.486962,1.442097,-1.974454,2.832784,15.546233,13.496130,5.170256,0.367641,-4.230173,-14.780152,-1.017697,0.340162,-0.175022,-1.177168,-0.174305,-0.194550,-0.647773,-0.439958,-0.001344,-0.505378,-0.061177,0.136750,0.202887,0.151772,-0.079441,0.196735,-0.015224,0.166775,0.141903,0.191859,-0.057138,0.128706
-2.552423,2.972254,0.905482,0.019227,-0.019118,-0.925245,-0.378401,3.422444,0.339436,-0.327032,0.130082,1.647946,-3.993748,0.032404,-0.696565,-0.469447,0.070993,0.021149,-0.274374,0.171715,0.149277,-0.104774,0.645761,-0.426032,1.780329,0.951824,-0.444727,0.000845,-0.357693,-0.214337,-0.366144,-0.242885,-0.103839,0.040309,-14.081052,-1.522726,7.410472,1.696289,2.326707,12.851697,-14.716557,1.063114,3.086433,-6.171089,0.621916,13.973922,5.462992,6.316029,2.537867,-2.464125,-2.064508,-0.111596,-1.594404,-1.263383,0.525368,-0.040000,-0.219003,-0.657870,-0.281628,-0.009317,-0.645557,-0.088481,0.123649,0.196496,0.162221,-0.064045,0.197758,-0.054262,0.155742,0.129181,0.202053,-0.039029,0.130528
-2.621307,3.025944,0.906779,0.017396,-0.027970,-0.912717,-0.407263,4.289194,0.776474,0.270713,0.920408,0.171276,-3.131983,-0.177297,-0.583559,-0.352227,0.036127,0.039895,-0.007799,-0.096430,0.117144,-0.043430,0.558298,-0.453590,1.917697,0.972206,-0.316851,-0.003964,-0.430926,-0.361687,-0.360787,-0.250668,-0.164718,-0.002644,-10.485024,5.650299,5.861003,-1.743291,0.937258,13.328729,-13.407280,-1.606659,3.067209,-4.373176,-1.377871,6.868374,1.019100,6.393815,-0.240456,-3.661652,-7.367530,0.267826,-0.389141,-3.043941,-2.147664,0.087375,-0.177170,-0.677103,-0.102575,-0.042989,-0.719087,-0.099509,0.111113,0.191223,0.163842,-0.061684,0.197785,-0.070999,0.136617,0.118635,0.204210,-0.037162,0.130693
-2.693863,3.081815,0.910305,0.019848,-0.035702,-0.898510,-0.437048,4.417275,1.143395,0.419579,0.639255,0.485757,-3.299840,-0.376728,-0.455869,-0.201032,0.021008,0.055182,0.203141,-0.318635,0.078454,0.042434,0.548017,-0.487200,1.996296,0.955578,-0.215536,-0.032421,-0.541818,-0.482876,-0.381413,-0.245968,-0.198633,0.011042,-9.971557,6.384519,7.559736,-0.755969,0.764358,10.547019,-11.110223,-1.934492,4.293178,-0.514036,-1.680503,3.929973,-0.831388,5.065763,-1.422882,-5.544605,-6.059432,-1.031293,0.235006,-1.695754,0.684317,0.210442,-0.126208,-0.670010,0.041731,-0.087779,-0.730814,-0.102492,0.102275,0.188147,0.163521,-0.062149,0.198481,-0.075908,0.119072,0.112362,0.204993,-0.037146,0.132245
