-0.471021,-1.956381,0.937434,0.046300,-0.025311,0.673449,0.737348,3.392078,0.292318,0.213870,1.602211,-0.666523,-2.141804,-0.623348,-0.038491,0.072613,0.082975,0.145654,0.095346,0.021309,0.158969,0.243035,1.370970,0.838388,0.329246,-0.272692,-0.345955,-0.514305,0.707091,-0.502008,0.185280,0.043018,-0.221445,0.054637,-0.267090,0.110986,0.761243,-0.142267,-0.261097,-0.203183,-0.034596,0.028619,-2.536583,6.941326,7.185458,1.208600,-2.132274,-1.780721,2.220746,2.690641,0.165319,-7.513978,-3.846545,3.502993,-2.057335,1.503166,0.223515,5.931045,-4.970654,1.306396,1.774488,2.072355,1.181319,-1.841099,-3.382954,-4.566675,2.322678,-2.847427,-0.990426,-1.018674,1.299063,-0.014720,0.136253,-0.611731,-0.202009,-0.102879,-0.666983,-0.007105,0.191998,0.241555,0.080882,-0.203331,0.173542,0.119409,0.216221,0.094939,0.282992,-0.204156,0.081196
-0.470928,-1.886144,0.950959,0.061277,-0.018621,0.656549,0.751559,3.531735,0.498990,0.261598,1.470091,-0.530803,-2.258101,-0.631606,0.099395,0.215354,0.099624,0.090060,0.066046,0.059587,0.208405,0.246490,1.170439,0.736500,0.399605,-0.278338,-0.288162,-0.463557,0.810546,-0.603667,0.193039,0.114779,-0.181286,0.071481,-0.298171,0.036456,0.711494,-0.104825,-0.281955,-0.212717,-0.045707,0.047661,-0.412886,6.894338,7.137086,0.832453,-2.779676,-1.464997,1.913904,2.471811,0.172724,-10.026556,-5.094394,3.517917,-0.282303,2.889618,2.537401,5.172753,-5.082946,0.387975,3.588052,2.007928,0.842211,-1.554042,-3.726459,-2.487486,1.872112,-1.042915,-0.476682,-0.555548,0.952108,0.040980,0.133132,-0.648612,-0.254661,-0.139943,-0.658739,-0.038481,0.200350,0.247015,0.111615,-0.194087,0.184757,0.075714,0.246311,0.099569,0.312880,-0.168188,0.107746
-0.471413,-1.812696,0.967048,0.076314,-0.009702,0.637077,0.766952,3.668925,0.756589,0.317640,1.616732,-0.369196,-2.535779,-0.593021,0.238760,0.361937,0.092352,0.016019,0.033913,0.084687,0.262390,0.243135,0.921788,0.602111,0.466249,-0.249668,-0.223789,-0.366386,0.925513,-0.674776,0.175938,0.181358,-0.134025,0.072975,-0.326856,-0.038578,0.639713,-0.006010,-0.337584,-0.240539,-0.067577,0.063751,1.929258,6.968231,7.329124,-0.363589,-3.702050,-1.606627,1.254992,2.699254,-0.167726,-12.432507,-6.719462,3.332229,1.433527,3.218691,4.858542,5.748353,-3.555429,-0.855049,3.328969,2.363037,0.074678,-1.434238,-3.751728,-3.589063,4.940751,-2.781462,-1.391079,-1.093499,0.804501,0.090685,0.129756,-0.682955,-0.300649,-0.186597,-0.647285,-0.072407,0.204412,0.252388,0.136150,-0.177888,0.196225,0.028566,0.267782,0.106898,0.329599,-0.125040,0.130169
-0.470747,-1.740807,0.980346,0.086705,-0.001989,0.616039,0.782927,3.547159,0.868690,0.161551,1.172723,-0.184156,-2.686552,-0.534298,0.365364,0.490757,0.080672,-0.050310,0.010633,0.074385,0.332774,0.240531,0.651331,0.463420,0.548939,-0.229876,-0.140535,-0.251939,1.006455,-0.754416,0.134820,0.231089,-0.057059,0.086383,-0.350919,-0.096618,0.611558,0.027447,-0.370633,-0.259630,-0.083969,0.120457,2.936148,6.330200,6.440982,-0.583997,-3.316455,-1.164007,-0.515111,3.519186,-0.130208,-13.522849,-6.934555,4.134494,0.989606,4.162661,5.722358,4.047131,-3.982040,-2.055909,2.486536,3.848335,0.670436,-1.203158,-2.902001,-1.407731,1.672837,-1.652419,-0.954587,-0.819585,2.835314,0.137324,0.137301,-0.707441,-0.335147,-0.232501,-0.632356,-0.103572,0.200031,0.257866,0.157183,-0.161900,0.207020,-0.017399,0.279930,0.114793,0.339333,-0.084530,0.148114
-0.469583,-1.665659,0.987608,0.092584,0.001927,0.591128,0.801244,3.616778,1.066659,-0.185488,0.563498,-0.255818,-3.110330,-0.470895,0.479335,0.611186,0.088842,-0.112014,-0.002750,0.036135,0.403633,0.229645,0.415033,0.344190,0.655259,-0.209845,-0.060682,-0.142281,1.081985,-0.846081,0.085871,0.240090,0.049122,0.104203,-0.376270,-0.147993,0.562385,0.058806,-0.395276,-0.281063,-0.078583,0.142116,3.170113,5.698555,6.021468,0.408461,-3.085189,-0.669161,-1.912464,3.542984,-0.544313,-11.814918,-5.961503,5.315982,1.001529,3.992648,5.482871,3.776492,-4.583217,-2.447422,0.450055,5.309055,0.890994,-1.267565,-2.568728,-2.458661,1.567969,-1.232150,-1.071621,0.269285,1.082932,0.170609,0.159566,-0.718311,-0.363465,-0.274129,-0.611325,-0.132992,0.188421,0.266390,0.175169,-0.146942,0.217809,-0.063316,0.284783,0.128360,0.343142,-0.047562,0.165236
-0.468768,-1.592356,0.988321,0.092439,0.002498,0.567625,0.818077,3.423717,1.208363,-0.504444,-0.121001,-0.173347,-2.884568,-0.437803,0.539443,0.706335,0.114829,-0.158633,-0.005083,-0.028791,0.432496,0.209369,0.264679,0.317319,0.774527,-0.200848,-0.004886,-0.075699,1.130423,-0.934718,0.044349,0.210471,0.192144,0.133012,-0.403528,-0.194928,0.515047,0.116412,-0.432468,-0.305637,-0.105034,0.166659,1.654616,3.005410,4.757454,1.299356,-2.330982,-0.116616,-3.246295,1.443109,-1.013784,-7.517684,-1.343546,5.963414,0.449831,2.789829,3.329117,2.421904,-4.431869,-2.076145,-1.480958,7.151101,1.440454,-1.362903,-2.346743,-2.366883,2.880280,-1.859594,-1.228704,-1.322549,1.227172,0.194837,0.192064,-0.716331,-0.383566,-0.304232,-0.587049,-0.156191,0.171375,0.276237,0.188662,-0.135842,0.227029,-0.101177,0.283308,0.148332,0.341248,-0.018354,0.181281
-0.467836,-1.520417,0.984569,0.089687,0.002576,0.545943,0.833004,3.274474,1.323999,-0.707189,-0.347659,-0.040562,-2.623986,-0.417114,0.551804,0.771475,0.145751,-0.219235,-0.010946,-0.103582,0.380245,0.183427,0.184295,0.369569,0.925343,-0.195079,0.022857,-0.121957,1.143881,-0.993713,0.040054,0.181272,0.368316,0.158403,-0.443334,-0.234565,0.488066,0.225070,-0.437404,-0.315422,-0.134989,0.208342,1.034458,0.618039,3.257018,1.546115,-3.030106,-0.293151,-3.739579,-2.612546,-1.297080,-4.019201,2.612520,7.540772,0.288452,1.387129,-2.312911,0.672889,-2.949766,-0.214728,-1.459930,8.808574,1.269563,-1.990276,-1.981886,-1.349035,5.432913,-0.246826,-0.489283,-1.497750,2.084122,0.204959,0.224880,-0.710954,-0.398908,-0.330429,-0.558373,-0.174564,0.153146,0.285074,0.195027,-0.128105,0.235057,-0.133339,0.277843,0.169166,0.335345,0.001174,0.195896
-0.467497,-1.448857,0.976306,0.086428,0.001684,0.529499,0.843895,3.169443,1.442091,-0.920900,-0.398799,-0.044261,-1.961453,-0.402056,0.546150,0.795992,0.160024,-0.296461,-0.019143,-0.182080,0.264171,0.158882,0.183412,0.445370,1.081279,-0.175837,0.013122,-0.190710,1.123683,-0.991864,0.067904,0.133809,0.546745,0.158017,-0.483686,-0.272901,0.452122,0.370605,-0.435601,-0.321523,-0.150527,0.249634,0.752922,-0.282706,1.225824,0.713635,-3.861309,-0.409890,-3.924881,-5.803708,-1.227251,-0.044153,3.790072,7.796825,0.962129,-0.486736,-3.437664,-1.009875,0.092474,1.392487,-2.373150,8.921432,-0.019343,-2.017601,-1.916806,-1.797205,7.276721,0.090156,-0.305032,-0.776869,2.064634,0.195974,0.247796,-0.709324,-0.413307,-0.347316,-0.528403,-0.185637,0.139085,0.292451,0.192652,-0.126461,0.238002,-0.155533,0.272605,0.188613,0.326719,0.007006,0.205451
-0.467427,-1.378071,0.963500,0.082820,-0.008205,0.516225,0.852400,3.047906,1.516297,-1.160891,-0.872902,-0.764611,-1.497946,-0.377482,0.537818,0.785929,0.179760,-0.370395,-0.005648,-0.224577,0.130447,0.149440,0.233029,0.546473,1.148574,-0.136255,0.008106,-0.236156,1.059287,-0.964277,0.059950,0.073738,0.641102,0.129605,-0.505631,-0.331516,0.421948,0.481160,-0.437642,-0.332343,-0.142386,0.269601,1.228698,-0.416623,-0.503137,0.986820,-3.696699,0.674784,-2.124852,-6.686201,-0.472098,2.480821,5.055147,3.364763,1.979102,-0.250802,-2.272279,-3.219836,1.379339,-0.397681,-3.003592,4.717881,-1.420599,-1.097242,-2.930739,-1.508687,5.527772,-0.102059,-0.540984,0.407033,0.998334,0.164921,0.269213,-0.711581,-0.430213,-0.349152,-0.497014,-0.184687,0.128724,0.297641,0.188654,-0.133132,0.232919,-0.161925,0.268316,0.203633,0.319365,-0.001458,0.206438
-0.467800,-1.308774,0.948160,0.081392,-0.020534,0.510670,0.855669,2.916873,1.537415,-1.312393,-0.772672,-1.024660,-0.552780,-0.343340,0.520793,0.744545,0.191718,-0.438487,0.008163,-0.231856,0.008309,0.143768,0.292129,0.682321,1.148245,-0.047875,0.026390,-0.279860,0.993901,-0.889608,0.025232,0.017303,0.631861,0.067946,-0.509098,-0.412341,0.421568,0.531770,-0.433490,-0.343406,-0.114331,0.297613,1.707082,-0.851214,-2.069204,0.597913,-3.404578,0.690548,-0.363964,-6.106872,-0.283597,2.955002,6.792407,-0.016479,4.418989,0.914188,-2.185197,-3.269280,3.733478,-1.735893,-2.821709,-0.462043,-3.082925,-0.173372,-4.041244,-0.019036,2.530476,0.207625,-0.553141,1.402777,1.400614,0.124359,0.279849,-0.715579,-0.444305,-0.338289,-0.465629,-0.178680,0.126462,0.297873,0.174976,-0.146318,0.224066,-0.156420,0.266646,0.204897,0.306623,-0.024348,0.201450
-0.466410,-1.242164,0.928936,0.076906,-0.036197,0.516450,0.852088,2.809286,1.362871,-1.507063,-1.141457,-1.067773,0.813782,-0.314049,0.493678,0.668543,0.219297,-0.458195,0.032509,-0.260139,-0.072877,0.144475,0.366956,0.847152,1.064672,0.057379,0.020833,-0.326069,0.942038,-0.826544,-0.082328,-0.053401,0.548634,0.007799,-0.501451,-0.487303,0.465883,0.586784,-0.412291,-0.337721,-0.074568,0.332887,1.464567,-1.355764,-3.800081,1.378950,-0.985424,1.217266,-1.414121,-4.059317,0.035305,3.741354,8.241525,-4.178648,5.262691,-0.277826,-2.310475,-2.593182,3.153201,-5.378028,-3.535199,-4.161350,-3.007370,0.382340,-3.748120,2.215778,2.750717,1.059939,0.284238,1.988129,1.763682,0.081461,0.303964,-0.711380,-0.453764,-0.304253,-0.440527,-0.164644,0.133010,0.293994,0.155235,-0.166173,0.215006,-0.130586,0.271123,0.198800,0.293337,-0.060952,0.191189
-0.465066,-1.184222,0.911879,0.089795,-0.029151,0.534103,0.840132,2.489941,1.034707,-1.361839,1.628509,0.023076,2.011573,-0.351663,0.417014,0.562965,0.137232,-0.462230,-0.005002,-0.292260,-0.077759,0.179800,0.558095,1.044404,0.878941,0.165474,-0.126761,-0.364126,0.882179,-0.741261,-0.169755,-0.091447,0.385114,-0.034783,-0.463275,-0.513431,0.541783,0.612378,-0.393022,-0.305394,-0.038692,0.380492,-1.880717,-3.833223,-5.278937,-4.103282,-0.201740,-1.875548,-1.606080,-0.244070,1.766290,9.556933,9.862579,-9.286555,5.404778,-7.379721,-1.902828,-2.992940,4.264145,-4.371336,-1.902320,-8.176024,-2.129074,1.908831,-1.306356,3.795009,1.279681,0.963463,1.616347,1.793782,2.380231,0.055752,0.274603,-0.708923,-0.441645,-0.277973,-0.420692,-0.144960,0.163805,0.269364,0.124608,-0.173864,0.219172,-0.085035,0.286832,0.159987,0.274396,-0.094788,0.178816
-0.457308,-1.133081,0.900880,0.118978,-0.013767,0.556319,0.822292,2.393498,0.446531,-1.031097,3.525316,-0.157297,2.561544,-0.358794,0.318401,0.438263,0.023835,-0.421673,-0.100061,-0.278562,-0.026772,0.244111,0.673223,1.235977,0.651568,0.236915,-0.202172,-0.396221,0.808823,-0.619879,-0.189499,-0.080498,0.212349,-0.020197,-0.410152,-0.448452,0.613719,0.561551,-0.349758,-0.246642,0.010772,0.413920,-0.356538,-4.930627,-6.235080,-5.669835,2.027866,-4.752944,0.684912,2.549328,3.215532,5.756434,9.578658,-11.368612,3.572048,-3.770543,-1.604752,-3.667782,6.069085,-0.987215,0.547440,-8.638249,0.729283,2.656122,3.248947,3.596762,-2.541336,2.163205,2.937589,2.473230,1.671417,0.033198,0.216953,-0.712232,-0.417342,-0.255546,-0.406666,-0.111561,0.206490,0.227526,0.090842,-0.162883,0.231641,-0.018851,0.298053,0.101832,0.250133,-0.120965,0.157263
-0.447605,-1.084781,0.898780,0.141727,-0.006101,0.577904,0.803681,2.381948,0.230237,-0.593243,2.572324,-0.419637,2.671833,-0.281918,0.202666,0.316434,-0.050868,-0.329469,-0.188484,-0.283587,0.019331,0.284053,0.655377,1.387766,0.415199,0.314349,-0.267225,-0.408641,0.757479,-0.508743,-0.191680,-0.047587,0.026655,0.021565,-0.372372,-0.326159,0.735621,0.408398,-0.276984,-0.227102,0.084417,0.385072,3.843810,-5.786744,-6.091469,-3.735158,4.610199,-4.421154,-0.251265,2.305152,1.997102,-0.892311,7.589475,-11.818473,3.871671,-3.252642,-0.620975,-2.567220,5.556792,-0.109008,1.645570,-9.284708,2.088100,1.889027,6.114635,6.095116,-7.657657,3.638668,0.976983,3.682219,-1.442416,-0.004396,0.178419,-0.720534,-0.383286,-0.226231,-0.413327,-0.068583,0.236822,0.186734,0.058150,-0.147809,0.243122,0.057767,0.283765,0.057849,0.212243,-0.150268,0.131073
-0.437645,-1.039810,0.903439,0.145072,-0.020072,0.586385,0.796683,2.290015,0.187734,-0.280916,-0.425448,-1.173275,1.300521,-0.173415,0.078260,0.191529,-0.035191,-0.187212,-0.207083,-0.285732,0.040161,0.295930,0.626056,1.489909,0.198108,0.375288,-0.333674,-0.413291,0.743792,-0.445971,-0.196167,-0.018912,-0.111126,0.092482,-0.334473,-0.173923,0.866041,0.406195,-0.215795,-0.249691,0.199315,0.328995,5.425105,-6.220295,-6.245240,0.783848,7.112865,-0.929947,-0.107254,1.041519,0.593853,-1.466028,5.107156,-10.854544,3.046963,-3.322471,-0.232537,-0.684341,3.138618,-0.224372,1.433730,-6.889018,3.545837,1.894922,7.611805,6.521014,-0.110159,3.059471,-1.129421,5.744925,-2.803823,-0.062243,0.184872,-0.719678,-0.342780,-0.185888,-0.437952,-0.019028,0.248187,0.168796,0.032224,-0.144874,0.245694,0.131129,0.258859,0.050676,0.164557,-0.181104,0.098055
-0.427621,-0.996794,0.907317,0.144881,-0.025345,0.590542,0.793491,2.191849,0.125773,-0.307802,-0.253359,-0.349242,0.606576,-0.110186,-0.077982,0.075373,-0.029181,-0.124504,-0.233428,-0.278915,0.008205,0.293519,0.642540,1.562495,-0.022816,0.420082,-0.400546,-0.438043,0.761431,-0.435163,-0.195458,-0.006483,-0.188906,0.121218,-0.306210,-0.029902,0.934691,0.442943,-0.170713,-0.218910,0.247726,0.344930,3.161456,-7.812111,-5.807780,0.300498,3.135360,-1.317232,0.340876,-1.597804,-0.120533,0.824196,3.629280,-11.046222,2.239688,-3.343596,-1.237594,0.881955,0.540394,0.035442,0.621483,-3.889023,1.436793,1.413160,7.201060,3.432491,1.837419,2.254088,1.539039,2.420522,0.796745,-0.105106,0.186891,-0.711875,-0.288505,-0.153517,-0.470355,0.030669,0.253859,0.154964,0.010048,-0.140271,0.251851,0.200236,0.234536,0.061389,0.115510,-0.210376,0.080866
-0.418126,-0.953037,0.910536,0.143597,-0.028993,0.594752,0.790449,2.211841,0.130462,-0.358785,-0.251518,-0.159958,0.579248,-0.055509,-0.228768,-0.035085,-0.028077,-0.116859,-0.252025,-0.269673,-0.061396,0.283916,0.662397,1.578922,-0.227242,0.470513,-0.460372,-0.460640,0.789582,-0.482890,-0.175278,-0.033978,-0.220255,0.123311,-0.302406,0.025379,0.918124,0.390677,-0.190207,-0.146555,0.179880,0.532529,2.733851,-7.539290,-5.522931,0.055207,0.382277,-0.929865,0.462104,-3.480042,-0.480178,0.992854,0.821354,-10.221283,2.521534,-2.991279,-1.129830,1.407547,-2.386364,1.009021,-1.374768,-1.567455,0.104680,0.190184,2.764051,-0.828339,-2.613284,-0.974679,3.617742,-3.392263,9.379941,-0.143144,0.185787,-0.702015,-0.229157,-0.124056,-0.507773,0.077929,0.251449,0.149231,-0.010114,-0.138355,0.261023,0.257703,0.205926,0.090540,0.070245,-0.234271,0.082330
-0.408297,-0.908127,0.914715,0.141416,-0.030008,0.591216,0.793451,2.279587,0.160122,-0.324588,-0.292316,0.005932,-0.432054,0.024554,-0.362723,-0.125515,-0.014421,-0.124249,-0.262024,-0.248747,-0.132872,0.269302,0.621531,1.530281,-0.381480,0.530222,-0.486097,-0.455952,0.826849,-0.578479,-0.163739,-0.071731,-0.227933,0.099597,-0.313387,0.000620,0.846692,0.293131,-0.250919,-0.183794,0.191137,0.566038,4.003163,-6.697769,-4.521460,0.682795,-0.369487,-0.499923,1.046279,-3.573819,-0.730714,-2.043327,-2.432069,-7.711889,2.985500,-1.286270,0.234389,1.863332,-4.779467,0.576937,-1.887653,-0.383900,-1.185722,-0.549055,-1.237962,-3.571604,-4.877308,-3.035633,-1.861957,0.562835,1.675478,-0.181962,0.184211,-0.695641,-0.163134,-0.099975,-0.550333,0.113829,0.245158,0.150541,-0.027335,-0.138845,0.273087,0.292818,0.180252,0.124541,0.039915,-0.252502,0.102788
-0.395700,-0.859952,0.920544,0.142921,-0.029419,0.584071,0.798479,2.487844,0.130638,-0.277948,0.050356,-0.132609,-0.877021,0.130656,-0.445254,-0.210206,-0.009020,-0.151336,-0.274806,-0.244866,-0.212345,0.244917,0.531789,1.409667,-0.477006,0.593422,-0.454037,-0.419116,0.898976,-0.692159,-0.173952,-0.092554,-0.246117,0.070813,-0.343198,-0.049269,0.828007,0.233689,-0.266840,-0.219039,0.222087,0.581374,5.305084,-4.126536,-4.234594,0.270068,-1.354375,-0.639136,0.194063,-3.973627,-1.219246,-4.487072,-6.030690,-4.776328,3.159972,1.603035,1.841795,3.606372,-5.683959,-0.510641,-1.041166,-0.909183,-1.439192,-1.490519,-2.494437,-0.934275,-2.972117,-0.796020,-1.762217,1.547499,0.766775,-0.223215,0.180777,-0.690374,-0.098722,-0.082138,-0.594691,0.140258,0.240952,0.155358,-0.044189,-0.136939,0.287319,0.311560,0.160192,0.152505,0.014155,-0.264454,0.129523
-0.381010,-0.810168,0.928369,0.141318,-0.022165,0.574275,0.806069,2.615704,0.142494,-0.162223,0.143529,0.546124,-1.332260,0.207297,-0.495624,-0.275112,-0.003555,-0.179088,-0.277540,-0.227594,-0.303869,0.208059,0.458658,1.235949,-0.542499,0.649159,-0.383890,-0.355910,0.986953,-0.754243,-0.214275,-0.115770,-0.274968,0.029738,-0.380736,-0.066509,0.818853,0.303166,-0.280846,-0.204419,0.198536,0.642975,3.832051,-2.518495,-3.245256,0.273235,-1.387579,-0.136675,0.863570,-4.576235,-1.842862,-3.656555,-8.685884,-3.274630,2.786846,3.507335,3.160314,4.398865,-3.104199,-2.016178,-1.160797,-1.442564,-2.053738,-1.876924,-0.861995,-0.457672,3.473844,-0.700311,0.730988,-1.177567,3.080051,-0.252351,0.175176,-0.685304,-0.026232,-0.067388,-0.637357,0.155751,0.239432,0.165270,-0.061112,-0.132506,0.295622,0.316831,0.147331,0.179434,-0.011419,-0.272869,0.147057
-0.366086,-0.758818,0.936452,0.143641,-0.010057,0.564638,0.812681,2.691292,0.227267,-0.132360,0.757712,0.712218,-1.347663,0.266425,-0.517348,-0.315175,-0.029755,-0.172037,-0.281212,-0.232564,-0.352350,0.170765,0.405766,1.025581,-0.591364,0.705472,-0.286528,-0.279693,1.072995,-0.790618,-0.261800,-0.081284,-0.303998,-0.023205,-0.418426,-0.067518,0.845746,0.338388,-0.254786,-0.200826,0.251928,0.628961,2.956401,-1.086220,-2.003177,-1.310015,0.352529,-0.183605,-0.248469,-2.424057,-1.864700,-2.644621,-10.518409,-2.443267,2.815648,4.868105,3.810836,4.302093,-1.818760,-2.376233,1.724304,-1.451496,-2.647132,-1.884491,-0.050466,1.344638,1.761135,1.302975,0.179667,2.669635,-0.700709,-0.275063,0.158638,-0.680588,0.043392,-0.063907,-0.672189,0.162556,0.241716,0.174851,-0.074983,-0.126226,0.301838,0.316025,0.144136,0.201540,-0.032989,-0.278391,0.162723
-0.353527,-0.704446,0.943329,0.159365,-0.001899,0.556527,0.815400,2.766751,0.414786,-0.276478,1.686586,-0.351792,-0.957123,0.349031,-0.505813,-0.332923,-0.100025,-0.142795,-0.299470,-0.284822,-0.313457,0.150157,0.342843,0.811191,-0.624900,0.760727,-0.168301,-0.182583,1.132179,-0.813348,-0.261800,0.001628,-0.327092,-0.087493,-0.431549,-0.062618,0.840994,0.347732,-0.276648,-0.213313,0.280313,0.630691,4.130304,0.576764,-0.887391,-3.513471,1.462087,-0.912917,-2.612908,1.944682,-1.030411,-3.146166,-10.719492,-1.676809,2.762758,5.911348,4.855506,2.959213,-1.136495,-0.000000,4.145602,-1.154710,-3.214440,-0.656146,0.244970,-0.237618,0.467195,-1.093093,-0.624387,1.419209,0.086491,-0.306153,0.125708,-0.670732,0.089333,-0.082486,-0.698268,0.165731,0.246570,0.176648,-0.081497,-0.117313,0.309201,0.314933,0.147074,0.209111,-0.047572,-0.281421,0.181886
-0.335500,-0.653057,0.946480,0.164284,-0.000530,0.543584,0.823120,2.695856,0.148076,-0.387133,0.345116,-0.376212,-1.511307,0.407852,-0.470861,-0.316767,-0.140700,-0.071121,-0.291968,-0.385464,-0.254473,0.133753,0.327375,0.593523,-0.634785,0.799320,-0.093366,-0.056438,1.165817,-0.835719,-0.261800,0.038670,-0.356632,-0.125533,-0.430208,-0.056858,0.803487,0.386222,-0.309387,-0.195949,0.244342,0.702449,2.941068,1.747619,0.807778,-2.033755,3.583738,0.375114,-5.032115,2.949173,-0.820189,-0.773387,-10.883409,-0.494212,1.929638,3.746733,6.307267,1.681881,-1.118554,-0.000000,1.852128,-1.476978,-1.901981,0.067028,0.288017,-1.875346,1.924494,-1.636951,0.868219,-1.798511,3.587938,-0.329637,0.122432,-0.658791,0.124402,-0.081239,-0.715551,0.158455,0.251807,0.182801,-0.084480,-0.118917,0.311855,0.307736,0.153467,0.213625,-0.051445,-0.287791,0.189144
-0.315396,-0.603870,0.945142,0.168323,0.004855,0.528681,0.831950,2.599302,0.043551,-0.552264,0.470768,-0.031487,-1.798494,0.419735,-0.444917,-0.274776,-0.176046,-0.026150,-0.282160,-0.451469,-0.198637,0.115292,0.370655,0.448844,-0.627564,0.829220,-0.059030,0.052931,1.176115,-0.859938,-0.261800,0.032949,-0.380862,-0.163367,-0.428529,-0.053090,0.768202,0.357327,-0.342610,-0.206842,0.218171,0.732219,0.594120,1.297198,2.099567,-1.767294,2.248559,0.490411,-3.300240,2.791816,-0.923057,2.164001,-7.233941,0.361038,1.494995,1.716829,5.468409,0.514887,-1.210974,0.000000,-0.286068,-1.211515,-1.891695,0.083991,0.188421,-1.764221,-1.444750,-1.661148,-0.544635,-1.308569,1.488487,-0.340100,0.121857,-0.649988,0.147241,-0.080896,-0.722192,0.143120,0.259089,0.187425,-0.084359,-0.124024,0.313553,0.294840,0.165345,0.215336,-0.044002,-0.295153,0.196358
-0.292333,-0.558406,0.938474,0.170030,0.015833,0.524263,0.834258,2.468760,-0.210498,-0.685096,0.682686,0.734537,-0.678851,0.341747,-0.449701,-0.236998,-0.142861,-0.026554,-0.277351,-0.382621,-0.220228,0.090709,0.496504,0.432959,-0.620520,0.833242,-0.095971,0.165140,1.198528,-0.877937,-0.261800,-0.092427,-0.397610,-0.173334,-0.440972,-0.047891,0.753636,0.345905,-0.332273,-0.192924,0.204228,0.727845,-3.899369,-0.239227,1.888892,1.659243,-0.020247,0.240422,3.442389,-1.079531,-1.229179,6.292432,-0.794250,0.352214,0.201135,-1.847052,5.610456,1.120674,-0.899948,-0.000000,-6.268823,-0.837411,-0.498335,-0.622190,0.259923,-0.728341,-0.571110,0.516881,0.695860,-0.697128,-0.218681,-0.328934,0.141305,-0.645946,0.154250,-0.076146,-0.720757,0.127159,0.266881,0.191819,-0.084473,-0.128386,0.313389,0.281230,0.178837,0.220229,-0.034210,-0.299884,0.199358
-0.271547,-0.512113,0.929757,0.166863,0.017829,0.517897,0.838822,2.443662,-0.082752,-0.805786,-0.229516,0.215644,-0.807121,0.241753,-0.457766,-0.188183,-0.040237,-0.008863,-0.259563,-0.222290,-0.244705,0.088173,0.646364,0.599404,-0.583678,0.796466,-0.145086,-0.061160,1.204871,-0.891126,-0.213442,-0.177071,-0.381857,-0.152059,-0.451158,-0.021780,0.752067,0.342534,-0.348247,-0.208084,0.201856,0.721308,-4.999732,-0.403265,2.440764,5.131178,0.884555,0.889417,8.016555,-1.223849,-0.126798,7.493023,8.322248,1.842066,-1.838832,-2.455752,-11.314994,0.317129,-0.659417,2.417920,-4.232197,0.787647,1.063753,-0.509264,1.305548,-0.078429,-0.168520,-0.798717,-0.757967,-0.118600,-0.326899,-0.317362,0.165595,-0.634638,0.112145,-0.050571,-0.714654,0.110525,0.271033,0.196283,-0.077120,-0.139625,0.309264,0.268084,0.190780,0.220482,-0.014441,-0.306807,0.192320
-0.252603,-0.467689,0.916821,0.175788,0.017276,0.508417,0.842800,2.277181,-0.073375,-1.028688,0.661752,-0.679463,-0.973619,0.152852,-0.454465,-0.134282,0.049743,-0.020209,-0.266119,-0.092381,-0.240613,0.114442,0.777451,0.741680,-0.525922,0.717919,-0.184399,-0.199781,1.218063,-0.900976,-0.140263,-0.219361,-0.346817,-0.111113,-0.458379,0.002924,0.731568,0.327529,-0.368660,-0.209903,0.180330,0.694534,-4.445051,0.165076,2.695024,4.499001,-0.567285,-0.327816,6.495475,0.204584,1.313447,6.554373,7.113794,2.887836,-3.927324,-1.965650,-6.931051,0.659607,-0.492535,3.658932,-2.114492,1.752028,2.047279,-0.361088,1.235190,-1.024926,-0.750282,-1.020636,-0.090940,-1.076337,-1.338659,-0.302147,0.173618,-0.625274,0.069322,-0.050380,-0.706232,0.097326,0.277886,0.192055,-0.058974,-0.146156,0.307179,0.259454,0.208006,0.207596,0.017973,-0.307792,0.187984
-0.234995,-0.428225,0.905029,0.188164,0.014033,0.492231,0.849768,2.019451,-0.051268,-0.967265,0.772759,-1.207631,-1.636501,0.055712,-0.435740,-0.074266,0.103538,-0.020985,-0.280199,-0.019359,-0.202266,0.169203,0.906025,0.827515,-0.431735,0.575089,-0.265906,-0.230873,1.218935,-0.913007,-0.012986,-0.237888,-0.271674,-0.035461,-0.455164,0.023038,0.682899,0.278306,-0.357060,-0.197353,0.140694,0.659809,-4.856984,0.936230,3.000813,2.689764,-0.038793,-0.704004,3.651103,1.917357,2.738039,6.428688,4.291723,4.709316,-7.141489,-4.075383,-1.554579,0.043614,-0.601557,6.363842,-0.926346,3.757133,3.782589,0.160776,1.005734,-2.433459,-2.461163,0.579986,0.627478,-1.981763,-1.736287,-0.276358,0.172336,-0.620536,0.030845,-0.059481,-0.699743,0.085635,0.284315,0.182384,-0.029213,-0.151941,0.303352,0.254567,0.229715,0.184907,0.067451,-0.301312,0.179674
-0.217325,-0.392172,0.899904,0.191171,0.007621,0.475078,0.858893,1.917744,0.052741,-0.644361,-0.209873,-1.025459,-1.783559,-0.046266,-0.405275,-0.019136,0.136123,0.006053,-0.267855,-0.005763,-0.160101,0.219361,0.991535,0.901575,-0.275619,0.419167,-0.319731,-0.304506,1.185169,-0.919374,0.082280,-0.186039,-0.169822,0.022927,-0.442108,0.016204,0.690059,0.153218,-0.346554,-0.239073,0.143949,0.582026,-5.098868,1.523260,2.756490,1.629267,1.351900,0.617211,0.679798,2.108247,2.507906,4.275483,3.703020,7.805805,-7.796114,-2.691250,-3.681638,-1.688330,-0.318351,4.763290,2.592433,5.092635,2.919384,0.652818,-0.341704,0.357981,-6.254398,0.525283,-2.086010,0.162743,-3.889143,-0.238902,0.179089,-0.624385,-0.010163,-0.059187,-0.690491,0.069175,0.284526,0.177954,0.000212,-0.161445,0.293966,0.243251,0.248047,0.158408,0.121438,-0.287201,0.168542
-0.197398,-0.360268,0.899969,0.192995,0.004313,0.457803,0.867843,1.849417,0.018761,-0.341546,-0.158775,-0.704431,-1.846071,-0.147951,-0.363626,0.029155,0.131760,0.023571,-0.262914,-0.024459,-0.138623,0.257025,1.022293,0.933544,-0.099706,0.261666,-0.337431,-0.325252,1.128240,-0.910519,0.137238,-0.162565,-0.076617,0.094790,-0.423465,-0.012283,0.686472,0.075521,-0.327993,-0.252242,0.130825,0.511268,-5.084264,2.082438,2.414569,-0.218160,0.875905,0.247079,-0.934801,1.073898,1.883232,1.537919,1.598459,8.795657,-7.875059,-0.884971,-1.037299,-2.846410,0.442787,2.747918,1.173697,4.660230,3.593192,0.932152,-1.424359,-0.179348,-3.884820,0.928051,-0.658448,-0.656217,-3.537894,-0.190982,0.182976,-0.638254,-0.044339,-0.058318,-0.684224,0.049112,0.283443,0.172820,0.026995,-0.165138,0.284572,0.223346,0.265958,0.127387,0.169547,-0.261252,0.159383
-0.176625,-0.329832,0.902513,0.193760,0.003027,0.441719,0.875975,1.833885,0.054626,-0.211561,-0.142457,-0.457098,-1.744071,-0.238398,-0.321572,0.075355,0.113051,0.035470,-0.264439,-0.054885,-0.114520,0.284066,0.997524,0.950430,0.071259,0.135388,-0.325011,-0.316736,1.070593,-0.861391,0.145065,-0.135344,-0.001095,0.165533,-0.406455,-0.041465,0.655260,0.138668,-0.336118,-0.246021,0.084859,0.464971,-4.522371,2.102716,2.310012,-0.935473,0.594917,-0.076292,-1.521293,1.205137,1.352061,-1.238452,0.844293,8.548232,-6.313912,0.620976,0.425782,-2.882347,2.456409,0.391339,1.361073,3.776098,3.537145,0.850458,-1.459099,-1.560595,3.157350,-0.406251,0.311046,-2.298321,-2.314854,-0.135893,0.186994,-0.658269,-0.074402,-0.061481,-0.678883,0.026690,0.281789,0.169775,0.048296,-0.162649,0.274591,0.194127,0.281334,0.098680,0.204076,-0.229165,0.149035
-0.154335,-0.300352,0.906593,0.191908,0.008164,0.422877,0.885596,1.854535,0.077729,-0.104889,-0.118780,0.176495,-2.173783,-0.305341,-0.286246,0.136052,0.079454,0.047375,-0.274527,-0.097976,-0.081932,0.297081,0.900965,0.962335,0.204441,0.048175,-0.274808,-0.333110,1.018809,-0.802389,0.118036,-0.097542,0.043060,0.231519,-0.407265,-0.082471,0.605210,0.257083,-0.372656,-0.248433,0.032516,0.463710,-3.347120,1.766294,3.034838,-1.679834,0.595259,-0.504358,-2.154551,1.629400,0.650746,-4.827956,0.595269,6.659141,-4.360623,2.510145,-0.818729,-2.589199,2.950088,-1.351458,1.890102,2.207728,3.299269,-0.040475,-2.050327,-2.502486,5.920760,-1.826912,-0.120563,-2.617133,-0.063022,-0.072991,0.189302,-0.683994,-0.098461,-0.067987,-0.674069,0.000183,0.280095,0.167324,0.065941,-0.154620,0.267392,0.157182,0.291893,0.078882,0.229130,-0.189217,0.143154
-0.130905,-0.270443,0.910011,0.189418,0.015966,0.402114,0.895639,1.899421,0.127971,-0.117688,-0.068997,0.407555,-2.410211,-0.347622,-0.247283,0.211364,0.027284,0.064092,-0.288653,-0.174367,-0.035131,0.304868,0.766168,0.965538,0.316745,-0.000561,-0.243098,-0.368350,0.991480,-0.766324,0.058158,-0.051590,0.078911,0.274553,-0.425343,-0.146609,0.578470,0.325638,-0.403890,-0.269103,0.039435,0.450257,-2.114054,1.948144,3.765604,-2.608516,0.835865,-0.706312,-3.819550,2.340064,0.389331,-6.739850,0.160113,5.615195,-2.436817,1.585532,-1.761957,-1.366479,1.803215,-2.993901,2.297612,1.792576,2.151700,-0.903920,-3.206865,-1.336995,3.427749,-1.561674,-1.033514,0.345959,-0.672665,-0.006567,0.189464,-0.706307,-0.121572,-0.077641,-0.669936,-0.028886,0.278220,0.166532,0.081400,-0.143931,0.264543,0.117115,0.300460,0.067022,0.245914,-0.146777,0.145845
-0.105334,-0.240677,0.911656,0.184856,0.025474,0.371174,0.909620,1.951063,0.154453,-0.161169,-0.237850,0.450444,-3.516278,-0.344997,-0.212029,0.308754,-0.028725,0.094036,-0.298992,-0.308269,0.029475,0.304302,0.595972,0.974835,0.414878,-0.029041,-0.199632,-0.394001,0.975945,-0.760171,-0.004900,-0.029469,0.097916,0.293590,-0.453543,-0.235055,0.597604,0.277747,-0.415142,-0.299520,0.062304,0.453587,0.131233,1.762695,4.869473,-2.800454,1.497193,-0.516971,-6.695109,3.230268,-0.028316,-8.509814,0.464850,4.906645,-1.424015,2.173267,-1.282591,-0.776722,0.307658,-3.152894,1.106056,0.950254,0.951876,-1.409990,-4.422317,0.956690,-2.394553,-0.562589,-1.520845,1.143423,0.166510,0.052312,0.193161,-0.722452,-0.142863,-0.088160,-0.664255,-0.063443,0.272665,0.168116,0.096714,-0.132231,0.264837,0.071438,0.304828,0.060429,0.256679,-0.101009,0.157240
-0.077186,-0.211462,0.912229,0.179241,0.033154,0.336386,0.923915,2.012831,0.188325,-0.168542,-0.374896,0.239527,-3.854340,-0.305000,-0.169558,0.402717,-0.047556,0.123953,-0.304617,-0.449507,0.096335,0.302449,0.413650,0.976486,0.493672,-0.032222,-0.173660,-0.397934,0.943438,-0.737612,-0.030769,-0.002726,0.122679,0.316560,-0.463791,-0.312850,0.566030,0.322123,-0.430334,-0.312619,0.063197,0.439161,1.999829,2.123547,4.698170,-0.941523,1.495883,-0.281217,-7.061892,3.343022,-0.092639,-9.116098,0.082549,3.939675,-0.159013,1.298618,-0.196605,-1.625357,1.127979,-1.293417,1.337124,1.238166,1.148512,-0.512369,-3.889745,-1.578697,2.218801,-0.759589,-0.654976,0.044690,-0.721291,0.094820,0.200677,-0.731683,-0.164649,-0.099293,-0.658629,-0.095043,0.261700,0.169811,0.107368,-0.120583,0.263691,0.029225,0.305630,0.056046,0.256119,-0.061956,0.162924
-0.048382,-0.181563,0.909050,0.171348,0.040689,0.306824,0.935331,2.038573,0.264237,-0.329874,-0.566208,0.398340,-3.279777,-0.285347,-0.143907,0.467940,-0.026170,0.147025,-0.303956,-0.502536,0.148170,0.295130,0.296979,0.997290,0.549568,-0.012636,-0.154107,-0.382620,0.896674,-0.694693,0.000935,0.043177,0.157025,0.328273,-0.470800,-0.360647,0.558723,0.381689,-0.447506,-0.338160,0.045006,0.432361,0.982668,1.282556,3.261151,1.069271,1.153600,0.033049,-2.651470,2.591772,-0.365962,-5.833567,1.040232,2.794792,0.979269,0.977655,0.765685,-2.338224,2.145954,1.585168,2.295164,1.717254,0.585617,-0.350491,-2.389824,-0.365386,2.978297,-0.858631,-1.277052,-0.909588,-0.340007,0.120185,0.208924,-0.732876,-0.180518,-0.109058,-0.650763,-0.117176,0.248694,0.171822,0.110453,-0.113107,0.260707,-0.001264,0.303315,0.055637,0.249190,-0.038492,0.164417
-0.019736,-0.150612,0.901999,0.162592,0.044852,0.284023,0.943866,2.045027,0.351796,-0.514483,-0.736740,0.232844,-2.504212,-0.275666,-0.136982,0.493818,0.008829,0.159925,-0.292910,-0.468333,0.169620,0.284919,0.255471,1.043860,0.548147,0.044673,-0.144413,-0.342643,0.822026,-0.626855,0.044442,0.091820,0.153272,0.338932,-0.447707,-0.357285,0.544697,0.447416,-0.464981,-0.344309,0.010557,0.448286,0.484068,0.346254,1.293924,1.749970,0.644971,0.552265,1.710147,1.072466,-0.510520,-2.075400,2.328487,-0.071020,2.865450,0.484701,1.998868,-3.732368,3.391895,2.175343,2.432118,-0.187606,0.532939,1.154684,0.168059,-0.701264,3.286344,-0.873753,-0.307449,-1.722451,0.796257,0.121206,0.217567,-0.732899,-0.192732,-0.114406,-0.638903,-0.125076,0.236266,0.171862,0.104687,-0.112622,0.255497,-0.012837,0.297224,0.053398,0.238594,-0.036325,0.153305
0.005397,-0.118401,0.891490,0.153641,0.044317,0.264733,0.950971,1.909966,0.527300,-0.723286,-0.877391,-0.152222,-2.058109,-0.249302,-0.153118,0.488995,0.042407,0.157553,-0.267087,-0.443026,0.164817,0.274720,0.301722,1.132644,0.485078,0.110704,-0.198838,-0.304402,0.740937,-0.579690,0.033452,0.144363,0.097230,0.328440,-0.413711,-0.314803,0.563985,0.446066,-0.445584,-0.343325,0.021610,0.451528,1.318201,-0.806789,-0.241160,1.678925,-0.118573,1.291167,1.265355,-0.240144,-0.509976,2.312553,4.439200,-3.153446,3.301581,-2.721257,1.912022,-4.054470,2.358252,-0.549481,2.627152,-2.802144,-0.524603,1.699796,2.124140,0.964401,-0.067506,0.969877,0.049213,0.552656,0.162077,0.088211,0.237639,-0.732518,-0.201762,-0.119444,-0.619583,-0.119831,0.226855,0.171083,0.096789,-0.119048,0.250585,-0.003355,0.287735,0.051545,0.231133,-0.050859,0.137652
0.029005,-0.088689,0.877198,0.145319,0.037503,0.242992,0.958348,1.746687,0.498467,-0.900900,-0.967124,-0.809369,-2.197837,-0.203673,-0.191455,0.460834,0.087481,0.135453,-0.231475,-0.427179,0.136107,0.270121,0.374910,1.245774,0.393109,0.172119,-0.307422,-0.242941,0.643697,-0.558956,-0.037232,0.184421,0.019618,0.316773,-0.377226,-0.234252,0.581712,0.398465,-0.451939,-0.356775,0.038308,0.430205,2.281440,-1.916874,-1.408077,2.253653,-1.105001,1.780592,0.792339,-1.435515,-0.229935,3.659399,5.656506,-4.598468,3.070746,-5.429178,3.073034,-4.862017,1.036708,-3.534215,2.002916,-3.880576,-0.583348,1.824218,4.027524,0.886356,-2.380046,-0.317753,-0.672518,0.834936,-1.066152,0.036037,0.267234,-0.726857,-0.204419,-0.123377,-0.595919,-0.104543,0.219043,0.170045,0.089130,-0.129712,0.246245,0.021462,0.272684,0.052511,0.223668,-0.076927,0.116877
0.048814,-0.062344,0.860723,0.139043,0.029082,0.230938,0.962543,1.472620,0.461904,-1.006355,-0.804997,-0.852390,-1.163473,-0.191928,-0.267402,0.397582,0.095422,0.101488,-0.208593,-0.452046,0.082679,0.285280,0.470147,1.408691,0.250671,0.220691,-0.413397,-0.308329,0.578082,-0.540756,-0.115308,0.152788,-0.068531,0.288381,-0.352447,-0.120674,0.585694,0.337148,-0.420410,-0.336504,0.090502,0.355275,0.587241,-3.797328,-3.162603,0.397092,-1.698264,1.144107,-1.243322,-2.671401,0.757925,4.761894,8.145861,-7.121895,2.428572,-5.298793,-3.269393,-3.280720,0.910001,-3.903781,-1.581663,-4.407461,-1.419580,1.238989,5.678903,0.199068,-3.065838,1.576431,1.013580,2.609697,-3.746504,0.004746,0.285702,-0.716462,-0.194607,-0.120275,-0.565193,-0.074356,0.221517,0.164141,0.079111,-0.138786,0.243290,0.068598,0.258581,0.055343,0.212472,-0.114100,0.092372
0.071200,-0.039366,0.848008,0.143664,0.020233,0.222676,0.964037,1.491457,0.331655,-0.801569,0.262675,-1.066946,-0.704479,-0.138227,-0.347213,0.329565,0.094093,0.028116,-0.224838,-0.439567,0.029394,0.318402,0.514999,1.550813,0.065750,0.267088,-0.510595,-0.396815,0.562522,-0.507276,-0.154126,0.095974,-0.172136,0.280396,-0.351880,-0.007305,0.614721,0.277458,-0.373982,-0.301756,0.130045,0.338408,2.685063,-3.990566,-3.400849,-0.066463,-3.668604,-0.812242,0.623923,-2.664246,1.656130,2.242568,7.106063,-9.246027,2.319887,-4.859866,-4.424288,-0.778040,1.673952,-1.940930,-2.840695,-5.180216,-0.399253,0.028310,5.668454,1.451376,-2.984496,2.321408,1.737376,1.977155,-0.843360,-0.040355,0.285375,-0.711368,-0.177816,-0.122721,-0.539188,-0.037117,0.232768,0.149777,0.067134,-0.137670,0.245289,0.123793,0.241846,0.058967,0.187781,-0.145971,0.071319
0.096179,-0.018982,0.841854,0.149752,0.020459,0.216327,0.964551,1.554796,0.272963,-0.448844,0.597095,-0.191829,-0.618016,-0.085058,-0.451957,0.243404,0.089085,-0.079774,-0.264479,-0.405576,-0.039094,0.321925,0.501042,1.644706,-0.120075,0.312437,-0.528227,-0.443800,0.576023,-0.503758,-0.153480,0.002711,-0.270143,0.287470,-0.365509,0.040680,0.624988,0.262831,-0.321368,-0.267367,0.162957,0.366493,2.658441,-5.237205,-4.308028,-0.250395,-5.394510,-1.982036,1.699539,-3.424360,0.176156,-0.697832,4.694664,-9.291261,2.267404,-0.881618,-2.349224,0.675084,0.175902,0.032342,-4.663134,-4.900366,0.353723,-0.681444,2.399255,0.513313,-0.731357,2.630674,1.719438,1.645553,1.404269,-0.071864,0.273057,-0.712752,-0.143429,-0.121857,-0.529217,0.001956,0.243809,0.135039,0.049015,-0.134306,0.253505,0.175092,0.221302,0.072567,0.157711,-0.170787,0.070362
0.123517,-0.001701,0.839670,0.148020,0.023938,0.204524,0.967309,1.597412,0.190371,-0.197234,-0.123359,0.196210,-1.248465,-0.025389,-0.561371,0.146326,0.109332,-0.170589,-0.288557,-0.365845,-0.118150,0.306492,0.461391,1.693885,-0.293948,0.344459,-0.536922,-0.491387,0.609576,-0.569140,-0.177374,-0.076315,-0.324161,0.286282,-0.381952,0.004724,0.601327,0.298863,-0.271101,-0.216163,0.169118,0.474040,2.983427,-5.470697,-4.853886,1.012364,-4.540728,-1.203945,1.986584,-3.952836,-0.771669,-1.982549,2.458935,-8.693649,1.601130,-0.434753,-2.379361,1.677630,-3.269057,-1.194739,-3.951307,-2.700886,-0.059407,-0.822145,-1.797819,-1.183016,1.801599,2.513388,2.560201,0.308056,5.377365,-0.101630,0.271336,-0.711688,-0.098384,-0.110850,-0.530483,0.041972,0.249164,0.129802,0.032009,-0.137125,0.263813,0.218876,0.203257,0.098694,0.137157,-0.193349,0.084908
0.153869,0.014402,0.839939,0.142865,0.029135,0.188564,0.971177,1.708665,0.175732,-0.034009,-0.431536,0.363064,-1.705779,0.038272,-0.657824,0.055480,0.135295,-0.233024,-0.292251,-0.322684,-0.193211,0.281390,0.424770,1.698212,-0.445961,0.367880,-0.557691,-0.552099,0.664613,-0.672833,-0.183652,-0.103641,-0.298194,0.279244,-0.387886,-0.059071,0.646126,0.304171,-0.258962,-0.185951,0.158143,0.582407,3.183083,-4.822644,-4.542344,1.298149,-3.121781,-0.184651,2.158045,-3.753059,-1.255075,-1.831035,0.216383,-7.600667,1.171035,-1.038422,-3.035596,2.751847,-5.184669,-0.313864,-1.366298,1.298333,-0.351906,-0.296697,-3.189763,2.239944,0.265382,0.606927,1.510613,-0.548748,5.418342,-0.134073,0.272844,-0.707199,-0.048873,-0.097095,-0.538510,0.077048,0.250002,0.134661,0.016827,-0.144367,0.274014,0.254312,0.195744,0.133708,0.122421,-0.213211,0.104401
0.187116,0.027239,0.841081,0.136222,0.040144,0.164247,0.976143,1.778232,0.084462,0.097222,-0.465621,0.827435,-2.627752,0.119731,-0.762844,-0.013982,0.162583,-0.224187,-0.289636,-0.282484,-0.252237,0.248215,0.345155,1.649626,-0.558737,0.373305,-0.554152,-0.581517,0.716573,-0.766885,-0.189418,-0.102592,-0.249233,0.281440,-0.387368,-0.111804,0.641411,0.337541,-0.289997,-0.154362,0.071406,0.706734,4.072962,-5.251008,-3.473078,1.364352,0.441860,0.130718,2.009973,-2.951278,-1.658748,-3.980774,-2.429321,-5.638779,0.271271,0.176940,-1.470907,2.598035,-4.702600,-0.288306,0.052453,2.448026,0.109800,0.025917,-2.636606,-0.235742,1.668520,-1.551742,1.579459,-4.336855,6.216324,-0.164600,0.274551,-0.703854,0.013893,-0.076172,-0.551881,0.100538,0.248711,0.143621,0.003891,-0.150545,0.281911,0.274586,0.193110,0.169991,0.112607,-0.226059,0.120984
0.222655,0.036600,0.844772,0.126294,0.055579,0.136927,0.980924,1.817921,0.031674,0.323878,-0.708075,1.262614,-2.994646,0.186911,-0.855119,-0.076986,0.193148,-0.178747,-0.265159,-0.221526,-0.308847,0.209241,0.264771,1.540668,-0.615674,0.352118,-0.503965,-0.551901,0.735209,-0.855127,-0.219717,-0.077274,-0.191084,0.298162,-0.392913,-0.145921,0.672327,0.360907,-0.259341,-0.161249,0.101471,0.722788,3.358986,-4.613729,-3.150180,1.528257,2.272013,1.223881,3.047921,-2.830478,-1.948722,-4.019194,-5.447902,-2.846874,-1.059375,2.509336,1.480774,0.931773,-4.412105,-1.514978,1.265880,2.907449,0.836073,-0.277243,-1.705894,1.545765,1.168273,1.532787,-0.344354,1.503264,0.802697,-0.186884,0.275927,-0.700954,0.085152,-0.048483,-0.566378,0.115029,0.241588,0.156504,-0.008284,-0.160881,0.284868,0.285476,0.186560,0.203077,0.106602,-0.236776,0.131963
0.262733,0.042885,0.850192,0.117573,0.070353,0.103428,0.985155,1.979434,-0.009627,0.519094,-0.552849,1.093127,-3.586052,0.247664,-0.898249,-0.109335,0.205268,-0.134341,-0.236303,-0.164041,-0.384467,0.181862,0.205917,1.389203,-0.623377,0.324927,-0.410622,-0.511109,0.771056,-0.917891,-0.244293,-0.070117,-0.123594,0.329263,-0.417323,-0.154335,0.698160,0.361087,-0.237664,-0.148375,0.111458,0.756282,3.037666,-2.156489,-1.617472,0.606016,2.220282,1.442795,2.874228,-3.780997,-1.368958,-2.942691,-7.573236,-0.385125,-1.359514,4.667128,2.039592,1.792336,-3.138172,-1.228775,0.357883,3.374512,1.555053,-1.220535,-0.420658,1.291676,0.009023,1.083875,0.643682,0.499339,1.674726,-0.210461,0.270488,-0.697244,0.150227,-0.013879,-0.577928,0.118367,0.238353,0.168428,-0.015057,-0.170687,0.284598,0.284923,0.188379,0.227792,0.103455,-0.244472,0.133859
0.306395,0.047993,0.856715,0.108124,0.084741,0.068511,0.988147,2.120703,0.064908,0.660220,-0.602109,1.048527,-3.714535,0.293420,-0.898697,-0.124371,0.203138,-0.080424,-0.200965,-0.142503,-0.461626,0.150600,0.165260,1.213252,-0.569918,0.280446,-0.280543,-0.469261,0.798209,-0.949468,-0.259506,-0.072237,-0.081697,0.385134,-0.454501,-0.135335,0.718159,0.361651,-0.228330,-0.164885,0.178255,0.737602,2.287778,-0.022410,-0.751774,-0.106493,2.695853,1.766857,1.076923,-3.857980,-1.563082,-2.032855,-8.797553,2.672909,-2.224076,6.503972,2.092410,1.357655,-1.578887,-0.760678,-0.106001,2.094838,2.793594,-1.858895,0.949998,0.999938,0.028195,0.466696,-0.825472,3.339880,-0.934014,-0.229085,0.264811,-0.693640,0.203179,0.024188,-0.586066,0.111068,0.236269,0.179211,-0.019964,-0.180857,0.279721,0.274293,0.187902,0.240864,0.103446,-0.247957,0.128430
0.352091,0.050836,0.863306,0.104981,0.096050,0.039220,0.989048,2.189620,0.078313,0.740679,-0.016904,0.794563,-3.055681,0.309065,-0.867956,-0.126192,0.179477,-0.025908,-0.177536,-0.162911,-0.504929,0.123439,0.172216,1.044610,-0.504791,0.229309,-0.164062,-0.427829,0.801579,-0.947227,-0.261800,-0.055545,-0.051537,0.439044,-0.488713,-0.091242,0.709605,0.336894,-0.230962,-0.184450,0.212425,0.709176,0.782229,1.537043,-0.091084,-1.183046,2.725821,1.171451,-1.020414,-2.165121,-1.358067,0.347812,-8.432114,3.256374,-2.556839,5.824043,2.071624,0.168508,0.112053,-0.114676,0.834596,1.508033,2.695497,-1.710600,2.204612,-0.427674,-1.237873,-0.131632,-0.978250,1.708464,-1.421301,-0.241951,0.254994,-0.691139,0.235249,0.051060,-0.595586,0.100565,0.235125,0.184776,-0.021816,-0.186863,0.273707,0.261470,0.188640,0.245677,0.106763,-0.248559,0.120761
0.398257,0.051957,0.867304,0.102429,0.103778,0.009702,0.989265,2.219756,0.100549,0.658681,0.040563,0.441392,-3.029365,0.295656,-0.814137,-0.103421,0.139117,0.037393,-0.161069,-0.232085,-0.524646,0.106993,0.241010,0.887055,-0.438060,0.185041,-0.069268,-0.367801,0.800373,-0.914637,-0.235251,-0.053432,-0.040960,0.478377,-0.519649,-0.041395,0.691527,0.304993,-0.236607,-0.189066,0.179853,0.695147,-0.670445,2.690953,1.138574,-2.018006,3.165060,0.823368,-3.458716,-0.985894,-0.822304,3.439687,-7.877718,3.336561,-2.213407,4.739698,3.001411,-0.060308,1.629534,1.327469,0.105655,0.528825,1.966624,-1.546798,2.492390,-0.903905,-1.595051,-0.282251,-0.230821,-1.628553,-0.701440,-0.251923,0.247378,-0.686458,0.247694,0.074959,-0.607388,0.085986,0.236358,0.187539,-0.017730,-0.190227,0.266501,0.246496,0.193053,0.243804,0.116021,-0.244132,0.110435
0.445122,0.053510,0.868025,0.108096,0.105025,-0.023143,0.988306,2.279594,0.243662,0.492161,0.904675,-0.215327,-3.204564,0.276514,-0.735863,-0.051496,0.044561,0.081575,-0.164824,-0.341447,-0.511294,0.104971,0.353233,0.764208,-0.392077,0.157158,0.019915,-0.291741,0.800663,-0.857149,-0.203011,-0.071825,-0.058154,0.488432,-0.522327,0.010618,0.712015,0.252348,-0.232356,-0.201411,0.141649,0.655693,-0.957066,3.913687,2.596255,-4.727822,2.209085,-0.187746,-5.468078,0.667639,-0.101093,5.611131,-6.142365,2.299162,-1.394140,4.459154,3.802971,0.014531,2.874393,1.612004,-0.919642,-0.859677,0.502773,-0.133874,2.600647,1.024379,-2.632241,0.212588,-0.617218,-1.910217,-1.972705,-0.264388,0.223842,-0.680223,0.235733,0.083315,-0.627396,0.068925,0.241648,0.185369,-0.006598,-0.187641,0.261366,0.233856,0.205087,0.232800,0.131635,-0.233203,0.102156
0.492136,0.055611,0.866140,0.120785,0.101418,-0.060542,0.985627,2.295382,0.418081,0.319712,1.700314,-0.707509,-3.522189,0.236824,-0.671406,0.022055,-0.074001,0.134992,-0.179877,-0.398898,-0.445490,0.118732,0.561162,0.773353,-0.336491,0.136628,-0.038889,-0.355349,0.808454,-0.796754,-0.216139,-0.151165,-0.096317,0.475782,-0.510129,0.050443,0.734529,0.227375,-0.270003,-0.229790,0.112341,0.600047,-1.984518,3.222880,3.677548,-5.928105,2.670839,-0.752671,-2.872547,3.290191,0.688056,10.396473,0.457270,2.779281,-1.026493,-2.940187,-3.180414,0.389541,3.019739,-0.656412,-3.967035,-1.908157,-0.632541,0.609870,1.991233,1.125692,-1.248620,-1.882351,-1.418951,-1.465396,-2.782287,-0.282688,0.191320,-0.660564,0.186569,0.089462,-0.642552,0.047773,0.249013,0.179976,0.010323,-0.181267,0.258218,0.218317,0.220149,0.210394,0.152730,-0.217022,0.097537
0.537436,0.058814,0.858585,0.131296,0.097308,-0.089349,0.982502,2.243008,0.516757,-0.021720,1.397931,-0.673567,-2.692383,0.140371,-0.599941,0.079651,-0.138798,0.195990,-0.180744,-0.357714,-0.329123,0.135279,0.820570,0.809894,-0.269951,0.103970,-0.109205,-0.522723,0.788040,-0.746847,-0.222975,-0.167139,-0.132689,0.448644,-0.476108,0.065418,0.695260,0.173923,-0.285277,-0.259481,0.068810,0.535857,-4.822667,3.573216,2.879775,-3.239820,3.049880,-0.043304,2.059222,5.818357,0.827354,12.970382,1.827041,3.326971,-1.632904,-3.515819,-8.368691,-1.020688,2.495357,-0.341821,-0.798682,-1.818592,-1.356897,1.701043,0.748767,-1.963457,-2.672617,-0.763712,-1.484561,-2.176586,-3.209503,-0.283353,0.171675,-0.630932,0.124325,0.082255,-0.657039,0.029812,0.249714,0.176384,0.025677,-0.177313,0.253111,0.206148,0.228606,0.185609,0.174438,-0.200659,0.095703
0.581627,0.062775,0.846351,0.141622,0.087413,-0.118028,0.978965,2.198505,0.592871,-0.332533,1.417895,-1.258316,-2.600491,0.013677,-0.527561,0.134530,-0.106427,0.206644,-0.174809,-0.212496,-0.268807,0.172881,1.085400,0.858951,-0.194881,0.049032,-0.170070,-0.635820,0.774336,-0.716462,-0.166921,-0.219448,-0.149226,0.405864,-0.419592,0.039833,0.655157,0.137481,-0.297489,-0.274878,0.023219,0.444733,-6.334697,3.619010,2.743978,1.618520,0.532728,0.296717,7.260861,3.015772,1.880102,13.241499,2.452854,3.753538,-2.746908,-3.043233,-5.654816,-0.685218,1.519238,2.802688,-2.615444,-0.826864,-2.138993,2.825819,-1.279243,-2.005131,-1.822100,-0.610605,-0.769866,-2.279514,-4.556209,-0.276028,0.155412,-0.591027,0.067799,0.067392,-0.664767,0.014899,0.248875,0.174415,0.046427,-0.174117,0.247482,0.195548,0.239730,0.155226,0.202938,-0.181441,0.099276
0.622849,0.066952,0.834544,0.146343,0.074918,-0.154871,0.974159,1.993561,0.702382,-0.415403,0.980593,-1.697482,-3.421715,-0.115896,-0.460096,0.191645,-0.004460,0.218899,-0.150145,-0.068143,-0.204537,0.225476,1.329817,0.908664,-0.084928,-0.047347,-0.224882,-0.672481,0.728015,-0.700712,-0.078266,-0.232357,-0.141973,0.372080,-0.366205,-0.004485,0.599612,0.121414,-0.307099,-0.261624,-0.032461,0.411222,-6.478621,3.373253,2.855725,5.098372,0.612740,1.233222,7.217671,3.213537,2.629759,12.220863,2.485611,5.497612,-4.818948,-2.740619,-1.833083,-2.316072,0.787512,4.432747,-0.645438,0.362645,-1.689168,2.669357,-2.215906,-2.777234,-0.803363,-0.480510,0.662700,-2.783990,-1.675528,-0.255810,0.143904,-0.551312,0.013403,0.050514,-0.666769,-0.001220,0.241669,0.175524,0.074811,-0.172454,0.237896,0.176277,0.248258,0.121446,0.238914,-0.156261,0.103092
0.664008,0.068084,0.826654,0.146825,0.069279,-0.196609,0.966948,1.934371,0.772885,-0.234395,0.538466,-1.142638,-4.081437,-0.258719,-0.381441,0.235620,0.092148,0.241801,-0.122279,0.015744,-0.121197,0.265312,1.544030,0.922744,0.069413,-0.200355,-0.288520,-0.709811,0.671796,-0.700500,0.022286,-0.192894,-0.110870,0.363536,-0.319966,-0.037324,0.568560,0.073706,-0.317361,-0.270255,-0.073518,0.351343,-7.141153,3.932740,2.198776,4.830389,1.145098,1.393293,4.194321,4.166974,1.991786,10.710628,0.704024,7.717080,-7.650422,-3.181880,-1.866512,-2.810918,0.010566,5.027624,1.973136,1.555180,-0.427211,2.311956,-1.641959,-1.552637,-2.385415,-0.513099,-0.431543,-2.052863,-2.993950,-0.216787,0.136238,-0.521455,-0.036461,0.031696,-0.668838,-0.020194,0.230770,0.180826,0.105043,-0.169238,0.228406,0.143707,0.254504,0.089944,0.277207,-0.125062,0.115761
0.706588,0.064559,0.822744,0.152895,0.062994,-0.236872,0.957364,1.987470,0.806952,-0.025382,1.128521,-1.018310,-3.948230,-0.404915,-0.286859,0.273702,0.118366,0.244237,-0.120153,0.044236,-0.024653,0.305910,1.711326,0.923275,0.230629,-0.366041,-0.369436,-0.769899,0.624361,-0.676039,0.102672,-0.153469,-0.065148,0.358528,-0.298429,-0.053278,0.552753,0.037237,-0.311490,-0.263998,-0.116039,0.305012,-7.309830,4.729097,1.904102,1.310889,0.121818,0.106285,1.424645,4.827207,2.029907,8.364841,0.026567,8.060773,-8.284284,-4.045823,-3.004363,-2.371762,1.223076,4.019307,1.971225,2.286083,-0.250426,1.076840,-0.797686,-0.790343,-1.823442,0.293576,0.312835,-2.126057,-2.316588,-0.170746,0.126479,-0.500956,-0.087402,-0.000106,-0.670688,-0.038044,0.222748,0.184773,0.133268,-0.156719,0.222555,0.103950,0.259763,0.062987,0.309527,-0.087710,0.132858
0.750562,0.057777,0.821948,0.166409,0.059892,-0.273352,0.945516,2.031040,0.899497,0.129487,1.758225,-0.424780,-3.654327,-0.563507,-0.199956,0.325178,0.082670,0.204475,-0.141171,0.050564,0.054845,0.336641,1.815315,0.913574,0.385772,-0.511256,-0.442698,-0.816889,0.588549,-0.686492,0.130115,-0.121030,-0.023937,0.349644,-0.309067,-0.078244,0.544206,-0.014626,-0.323173,-0.274178,-0.136503,0.275020,-7.929568,4.345149,2.573786,-1.784764,-1.988117,-1.050896,0.316362,3.974905,1.536560,5.199417,-0.485055,7.757175,-7.260749,-3.663069,-2.349530,-1.790613,-0.522676,1.372132,1.621983,2.060560,-0.444168,-0.531922,-1.248307,-0.427327,-2.593132,-0.584170,-0.508966,-1.023192,-1.499593,-0.117005,0.114707,-0.493771,-0.129037,-0.044278,-0.671759,-0.058837,0.217122,0.187695,0.158277,-0.138751,0.225523,0.058960,0.260262,0.045650,0.333001,-0.048470,0.159716
0.797479,0.047518,0.825835,0.181458,0.059544,-0.304924,0.933032,2.130653,1.060501,0.373538,1.808098,-0.039578,-3.242475,-0.721443,-0.106566,0.388187,0.048258,0.144573,-0.165354,0.060455,0.127042,0.358205,1.856548,0.858898,0.517738,-0.602741,-0.497577,-0.830630,0.551877,-0.649244,0.131893,-0.079813,0.006651,0.348568,-0.329601,-0.104081,0.490496,0.036894,-0.359065,-0.300822,-0.160454,0.193395,-7.896834,4.669518,3.150444,-1.720634,-2.995108,-1.209139,0.494579,3.609841,1.078195,2.061653,-2.733836,6.598308,-4.574251,-2.743951,-0.687034,-1.833580,1.862428,0.088930,2.060818,1.529393,-0.053819,-1.026677,-1.291851,-2.685504,2.575988,-1.794575,-1.332201,-1.197540,-4.081231,-0.059186,0.104640,-0.496216,-0.164522,-0.093027,-0.674600,-0.079785,0.210159,0.191078,0.175172,-0.115909,0.226058,0.016692,0.255042,0.037703,0.339159,-0.003760,0.176478
0.847735,0.030798,0.833102,0.195102,0.056713,-0.332966,0.920789,2.348452,1.126233,0.601263,1.738624,-0.251939,-2.864221,-0.846510,0.001585,0.468411,0.037089,0.070475,-0.187707,0.079333,0.187250,0.385660,1.832223,0.762902,0.620415,-0.683170,-0.518355,-0.803516,0.540533,-0.674303,0.127300,-0.013468,0.012743,0.349190,-0.352951,-0.139420,0.389125,0.022251,-0.386946,-0.323952,-0.185077,0.120286,-6.253323,5.407563,4.011179,-0.558430,-3.704905,-1.117672,0.943866,3.010410,1.372718,-1.216231,-4.799774,5.133830,-4.021438,-1.038915,1.355687,-0.567215,-1.252965,-0.229645,3.317270,0.304590,0.031089,-1.167484,-1.766986,-5.068567,-0.732162,-1.394094,-1.156502,-1.231187,-3.655459,-0.004647,0.095911,-0.506705,-0.201037,-0.143404,-0.675421,-0.099588,0.204094,0.194688,0.192922,-0.092685,0.230233,-0.021419,0.247181,0.034206,0.341837,0.037922,0.193370
0.900655,0.009173,0.845768,0.207250,0.056174,-0.354915,0.909905,2.477935,1.268241,0.907058,1.462898,0.015698,-2.307787,-0.947088,0.101252,0.549808,0.026623,-0.007503,-0.204013,0.097527,0.234484,0.401852,1.755285,0.645289,0.695878,-0.718603,-0.524408,-0.735322,0.548470,-0.697479,0.127077,0.020261,0.010867,0.343503,-0.367355,-0.186008,0.339421,-0.016034,-0.418548,-0.352171,-0.191445,0.063810,-5.028914,4.983361,4.069856,-0.523291,-3.898883,-0.815302,0.909747,2.361687,0.809632,-3.846910,-5.880667,3.773141,-1.771667,-0.302641,3.409698,0.396848,-1.158814,-0.011196,1.686444,-0.093798,-0.284356,-0.720203,-2.329404,-2.485166,-1.914205,-1.580058,-1.410969,-0.318396,-2.823786,0.052839,0.087147,-0.522332,-0.229360,-0.191881,-0.674161,-0.118432,0.197666,0.198310,0.203580,-0.071872,0.233576,-0.053690,0.238077,0.033830,0.334514,0.072738,0.205273
0.955414,-0.018937,0.861080,0.223418,0.058050,-0.372704,0.898781,2.656657,1.304950,1.139033,1.723805,0.465421,-1.959763,-1.014249,0.187188,0.631672,0.021491,-0.099629,-0.237030,0.127397,0.264837,0.410775,1.629808,0.504261,0.750311,-0.719797,-0.538011,-0.597567,0.562144,-0.716943,0.132522,0.087927,0.010381,0.330368,-0.369831,-0.232866,0.317922,-0.038390,-0.426383,-0.351691,-0.193231,0.007056,-3.358031,4.296786,4.093214,-0.256612,-4.606297,-1.650846,1.493467,1.517645,0.446138,-6.273829,-7.051397,2.721672,-0.059682,-0.680159,6.887789,0.683705,-0.973163,0.272253,3.383314,-0.024324,-0.656708,-0.123837,-2.342874,-1.074967,-1.117825,-0.391768,0.024022,-0.089288,-2.837699,0.113165,0.074445,-0.540649,-0.245582,-0.243210,-0.672205,-0.138475,0.192504,0.196244,0.206719,-0.050016,0.239453,-0.082621,0.228575,0.028107,0.321470,0.103852,0.214404
1.011196,-0.049243,0.877081,0.239978,0.064461,-0.386728,0.888086,2.685481,1.415724,1.224320,1.549899,0.970243,-1.700836,-1.058935,0.242211,0.705494,0.017412,-0.194115,-0.278949,0.160712,0.259206,0.413504,1.474998,0.372008,0.786147,-0.695785,-0.545849,-0.400393,0.578396,-0.736409,0.139080,0.169045,0.019236,0.312248,-0.372119,-0.278107,0.319607,-0.054365,-0.438903,-0.355143,-0.192453,-0.015380,-2.234299,2.751130,3.691084,-0.203960,-4.724280,-2.095920,1.665778,-0.281526,0.136445,-7.740530,-6.612655,1.791817,1.200597,-0.391909,9.858682,0.812603,-0.973294,0.327899,4.055882,0.442787,-0.906010,-0.114385,-2.262037,0.084258,-0.798760,-0.625974,-0.172619,0.038890,-1.121814,0.176999,0.060570,-0.555259,-0.247402,-0.288901,-0.669529,-0.157928,0.187887,0.189993,0.203764,-0.030706,0.246901,-0.105647,0.220369,0.020618,0.304858,0.128213,0.222097
1.066545,-0.081553,0.891347,0.253337,0.071650,-0.394898,0.880194,2.707639,1.397808,1.221625,1.131765,1.028704,-1.114796,-1.079925,0.275224,0.758742,-0.005546,-0.259301,-0.322052,0.170986,0.253463,0.408718,1.299438,0.282901,0.806377,-0.661585,-0.511900,-0.185992,0.596494,-0.747744,0.118159,0.195220,0.035483,0.297020,-0.381762,-0.311574,0.319619,-0.081609,-0.447803,-0.361318,-0.195675,-0.024780,-1.049522,1.650660,2.662440,-1.147903,-3.259321,-2.155184,0.513703,-0.287190,-0.239302,-8.778007,-4.455313,1.011466,1.709970,1.697436,10.720052,0.904892,-0.566755,-1.046045,1.308778,0.812324,-0.761429,-0.482125,-1.673373,0.000571,-1.362208,-0.445014,-0.308752,-0.161098,-0.470013,0.237902,0.050009,-0.565791,-0.245972,-0.321262,-0.664368,-0.174150,0.184627,0.181499,0.196571,-0.016778,0.254442,-0.120565,0.216129,0.013486,0.288463,0.144107,0.227884
1.121783,-0.113802,0.900792,0.262951,0.079769,-0.399920,0.874390,2.738185,1.360781,1.049691,0.693193,1.021706,-0.803192,-1.078209,0.280427,0.791691,-0.026872,-0.297762,-0.361208,0.173734,0.234672,0.398903,1.116639,0.264526,0.802861,-0.623288,-0.447178,-0.024911,0.612489,-0.745249,0.087445,0.156125,0.026575,0.290230,-0.394201,-0.337258,0.322726,-0.089376,-0.442508,-0.364928,-0.156205,-0.056374,0.085831,0.260152,1.647440,-1.066292,-1.923058,-1.957797,0.137376,-0.939553,-0.490726,-9.139915,-0.918776,-0.175787,1.914889,3.236112,8.054028,0.799769,0.124750,-1.535660,-1.954786,-0.445376,-0.339458,-0.621972,-1.284208,0.155346,-0.388329,0.264763,-0.180498,1.973529,-1.579692,0.291944,0.042213,-0.572108,-0.246801,-0.338517,-0.657796,-0.185866,0.182921,0.171211,0.187417,-0.008114,0.260464,-0.125350,0.212317,0.006054,0.273557,0.152984,0.231030
1.176160,-0.146689,0.906940,0.260399,0.080155,-0.396737,0.876566,2.796329,1.221612,0.937320,-0.316490,-0.013955,0.334346,-1.031184,0.289783,0.782422,-0.044112,-0.301953,-0.372184,0.179704,0.177513,0.392217,0.942264,0.337044,0.757317,-0.584966,-0.392388,-0.011298,0.613236,-0.719593,0.052546,0.107283,0.030327,0.298665,-0.406399,-0.354365,0.345629,-0.049749,-0.443982,-0.378520,-0.126254,-0.075759,2.351223,0.467797,-0.463451,-0.861995,-0.209522,-0.548790,0.298484,-2.857947,-0.334344,-8.718748,3.625903,-2.277216,1.916103,2.739520,0.680655,0.037348,1.282769,-1.744972,-2.442085,0.187577,0.421730,-0.609879,-0.855311,1.145183,1.981361,-0.073722,-0.679586,1.497520,-0.969222,0.322501,0.034592,-0.583834,-0.273816,-0.329787,-0.644252,-0.184268,0.185702,0.163855,0.181786,-0.011035,0.259907,-0.114817,0.219672,0.004214,0.267505,0.147469,0.226744
1.229376,-0.179877,0.909664,0.248800,0.074239,-0.383979,0.886085,2.870806,0.996563,0.785722,-1.121984,-0.751389,1.547869,-0.953287,0.301517,0.731696,-0.081088,-0.241899,-0.362998,0.161496,0.163167,0.383933,0.787316,0.478796,0.674765,-0.529571,-0.351690,-0.084465,0.611953,-0.685584,0.027564,0.094978,-0.009493,0.295135,-0.406743,-0.347585,0.383070,-0.058618,-0.437112,-0.388885,-0.072942,-0.114511,3.894836,0.586691,-2.536324,-1.848799,3.002667,0.459291,-0.910372,-0.717256,-0.414172,-7.747431,7.087600,-4.127578,2.769719,2.034873,-3.658351,-0.064162,1.700477,-1.249081,-0.615230,-1.991001,-0.176478,-0.017222,0.338987,1.872015,-0.443451,0.343500,-0.518233,2.665623,-1.937642,0.329174,0.025390,-0.602622,-0.314955,-0.293838,-0.624373,-0.171050,0.194570,0.158371,0.176667,-0.025741,0.255949,-0.087725,0.228019,0.005020,0.273171,0.125332,0.217117
1.283093,-0.212203,0.906438,0.231671,0.065563,-0.373054,0.896025,2.993459,0.825166,0.458853,-1.492710,-1.252671,1.434102,-0.865519,0.293784,0.669211,-0.124068,-0.175516,-0.339959,0.102633,0.137847,0.375517,0.679512,0.648857,0.553468,-0.458538,-0.279996,-0.094183,0.594566,-0.641716,0.011568,0.080449,-0.074283,0.290933,-0.400044,-0.308659,0.422581,-0.081275,-0.403852,-0.379433,-0.043568,-0.110579,4.388416,-0.386642,-3.124247,-2.148984,3.319150,1.151972,-2.943165,-1.266009,-0.420803,-5.390209,8.503072,-6.064850,3.551638,3.584696,-0.485909,-0.869371,2.193365,-0.799847,-0.726466,-3.239470,-0.210103,0.334967,1.946277,1.975555,-1.132879,1.662991,0.472592,1.468678,0.196610,0.313775,0.023041,-0.626293,-0.348317,-0.250932,-0.597517,-0.150755,0.203216,0.153184,0.170037,-0.045052,0.249359,-0.049665,0.234371,0.008218,0.283387,0.094720,0.199206
1.335573,-0.244700,0.899684,0.208075,0.051701,-0.356335,0.909427,3.043602,0.570247,0.225780,-2.002748,-1.831643,2.168027,-0.776669,0.278818,0.576776,-0.157535,-0.083538,-0.300439,0.022445,0.106901,0.363465,0.688936,0.840530,0.405809,-0.368457,-0.250506,-0.095929,0.579276,-0.584044,-0.002933,0.079615,-0.152778,0.287737,-0.384459,-0.252606,0.444770,-0.036261,-0.379205,-0.350146,-0.036795,-0.062702,4.442485,-0.748277,-4.621737,-1.673371,4.598909,1.976005,-4.009397,-1.547292,-0.602627,0.471211,9.583648,-7.382958,4.504063,1.474549,-0.087284,-0.764470,2.883622,-0.725030,-0.041699,-3.924764,-0.159809,0.779225,2.802663,1.109459,2.250719,1.232333,1.464346,0.338677,2.393842,0.262259,0.031347,-0.654041,-0.374889,-0.194640,-0.561673,-0.120194,0.214207,0.150922,0.158348,-0.071767,0.240009,0.000794,0.238254,0.017709,0.292320,0.049066,0.174015
1.386924,-0.274028,0.891443,0.193225,0.039659,-0.339011,0.919871,2.945427,0.485466,0.031696,-1.223017,-1.307579,2.131135,-0.721500,0.211026,0.469598,-0.185750,-0.020583,-0.280076,-0.012270,0.070821,0.350379,0.803455,1.080916,0.233729,-0.275670,-0.363043,-0.135416,0.567903,-0.536034,-0.040425,0.084552,-0.244964,0.295952,-0.360799,-0.172458,0.472395,0.008411,-0.370580,-0.340640,-0.005289,-0.030216,2.758452,-3.389643,-5.358881,-1.410730,3.147769,1.018145,-1.735761,-1.804032,-0.654288,5.725944,12.019277,-8.604008,4.639338,-5.626871,-1.974334,-0.568665,2.400520,-1.874594,0.246828,-4.609289,0.410748,1.183014,4.007403,1.381239,2.233620,0.431277,0.475309,1.575292,1.624324,0.197065,0.033277,-0.666778,-0.373880,-0.153612,-0.520836,-0.083160,0.226989,0.144212,0.139264,-0.095215,0.235019,0.059099,0.233035,0.027991,0.290368,-0.001673,0.146586
1.437563,-0.301035,0.884934,0.187930,0.024546,-0.324104,0.926842,2.850262,0.465034,-0.003423,-0.143370,-1.326219,1.867448,-0.647256,0.107549,0.360607,-0.234225,-0.028326,-0.281927,-0.034130,0.014987,0.352716,0.852500,1.337913,0.031480,-0.180161,-0.441921,-0.187393,0.568710,-0.502764,-0.018272,0.049888,-0.337468,0.318972,-0.347808,-0.091370,0.475530,0.127532,-0.342593,-0.333488,0.040345,-0.021703,3.712218,-5.173825,-5.449554,-2.423766,-0.387188,-0.092554,-1.093010,-2.791713,0.116848,2.452248,12.849857,-10.112455,4.775446,-3.943896,-2.598864,0.040346,1.663458,1.107625,-1.733181,-4.625209,1.150983,0.649540,4.054376,0.156748,5.956050,1.399358,0.357557,2.281670,0.425663,0.139046,0.020529,-0.675226,-0.350445,-0.133571,-0.479896,-0.038394,0.240105,0.133555,0.117201,-0.111410,0.234105,0.121390,0.220454,0.041048,0.275300,-0.052226,0.118196
1.486591,-0.328598,0.881780,0.186128,0.014402,-0.313699,0.930990,2.788147,0.380389,0.122845,0.083806,-0.831910,1.272672,-0.541153,-0.037306,0.261912,-0.271403,-0.089441,-0.300252,-0.063382,-0.031747,0.354312,0.836417,1.581021,-0.198126,-0.062652,-0.506490,-0.237012,0.585526,-0.493165,-0.010616,-0.004801,-0.427469,0.300012,-0.331151,-0.073770,0.505424,0.012491,-0.304905,-0.282658,0.030863,0.032266,5.305161,-7.242734,-4.934752,-1.858890,-3.055709,-0.916236,-1.462560,-2.336674,0.079813,-0.804131,12.155402,-11.480304,5.875486,-3.228447,-2.480950,0.840807,0.479966,0.382803,-2.734472,-4.500055,-0.948013,0.832872,0.880020,1.494704,-5.752088,1.884374,2.541500,-0.474074,2.698444,0.083105,0.011615,-0.686500,-0.304182,-0.128221,-0.451678,0.009333,0.249927,0.123234,0.091994,-0.121116,0.239017,0.180066,0.202776,0.059720,0.247816,-0.098212,0.103966
1.537282,-0.358822,0.880596,0.171168,0.009946,-0.308181,0.935749,2.926407,0.316251,0.217446,-1.336928,-0.794626,0.739329,-0.415294,-0.195560,0.160299,-0.259279,-0.142465,-0.280657,-0.101403,-0.063334,0.338618,0.802476,1.771918,-0.415996,0.075149,-0.563614,-0.286371,0.606996,-0.526832,-0.017751,-0.056786,-0.493751,0.284722,-0.303169,-0.094655,0.530188,0.011782,-0.303277,-0.288080,0.046386,0.061051,6.292935,-7.912736,-5.080666,0.606170,-2.651202,0.979730,-1.901043,-1.579334,-0.784703,-1.697069,9.544849,-10.893506,6.890050,-2.856215,-2.467925,1.073484,-1.683334,-0.356724,-2.599254,-3.314119,-0.764458,1.399069,-1.044259,1.238235,-0.035443,0.081398,-0.271072,0.776125,1.439218,0.023292,0.026689,-0.698864,-0.250475,-0.121936,-0.436929,0.056469,0.249624,0.129408,0.064058,-0.136892,0.244679,0.229719,0.179601,0.092487,0.209363,-0.143314,0.099067
1.587111,-0.388375,0.881887,0.149841,0.012414,-0.309537,0.938925,2.859179,0.346987,0.315733,-2.126285,-0.442866,-0.055646,-0.298649,-0.385195,0.056895,-0.220948,-0.181693,-0.234648,-0.134357,-0.070023,0.320857,0.771023,1.916693,-0.596940,0.220680,-0.627039,-0.319569,0.636201,-0.570604,-0.025351,-0.095168,-0.497495,0.220554,-0.280637,-0.159924,0.551228,0.087183,-0.309051,-0.267394,0.043081,0.222953,5.832244,-9.481706,-5.170183,1.916562,-1.961432,2.300431,-1.647739,-0.334468,-0.888037,-1.572637,7.238750,-9.047160,7.276546,-3.171272,-1.659909,1.460271,-2.188615,-0.379994,-1.919080,-0.187199,-3.208423,1.126605,-3.263425,1.051956,3.770036,-0.288705,1.034276,-0.165207,8.095127,-0.032788,0.053006,-0.705695,-0.188239,-0.120854,-0.433622,0.098875,0.240184,0.146970,0.034158,-0.153716,0.248597,0.270932,0.155778,0.133263,0.169014,-0.185481,0.102077
1.636763,-0.419173,0.884341,0.124714,0.020901,-0.313441,0.941151,2.878695,0.315450,0.404006,-2.656305,-0.019133,-0.405510,-0.182604,-0.588775,-0.058431,-0.158933,-0.198550,-0.179126,-0.163458,-0.079074,0.301190,0.720220,1.993473,-0.727921,0.335839,-0.680154,-0.344382,0.690727,-0.649603,-0.043082,-0.127682,-0.480249,0.172945,-0.278094,-0.221367,0.556412,0.178427,-0.304773,-0.251578,0.077925,0.335686,5.802239,-10.179029,-5.766331,3.100751,-0.842840,2.776121,-1.455024,-0.452539,-0.983366,-2.540131,3.839000,-6.549081,5.757951,-2.655728,-1.240650,2.726302,-3.949961,-0.886568,-1.625719,0.862323,-2.380457,0.127150,-3.072181,0.259216,4.562210,0.213933,0.790802,1.742176,5.636650,-0.085029,0.089125,-0.709127,-0.121942,-0.117175,-0.441925,0.135375,0.223887,0.169700,0.004102,-0.170848,0.252220,0.300780,0.125608,0.174795,0.127264,-0.221702,0.106348
1.687999,-0.455152,0.891175,0.097872,0.033951,-0.315117,0.943382,3.061776,0.188682,0.711112,-2.958008,0.388774,-0.257667,-0.051400,-0.772973,-0.185576,-0.081038,-0.187763,-0.113832,-0.195296,-0.108872,0.277016,0.616410,1.983790,-0.796569,0.439230,-0.691099,-0.355915,0.771045,-0.747034,-0.077765,-0.132550,-0.453117,0.121795,-0.294348,-0.274309,0.533871,0.241901,-0.309059,-0.227471,0.117830,0.463705,6.560200,-9.209904,-6.357237,3.894748,0.539375,3.264716,-1.591911,-1.489896,-1.208682,-5.190495,-0.484164,-3.432375,5.169533,-0.547241,-0.576660,4.015897,-4.871513,-1.734167,-0.243383,1.356580,-2.557485,-0.812668,-2.647066,-1.127034,3.173707,-0.214314,1.205374,1.995243,6.400956,-0.134629,0.132326,-0.711269,-0.054432,-0.106089,-0.461891,0.163157,0.201554,0.195442,-0.029978,-0.186573,0.254089,0.316888,0.089470,0.212496,0.080790,-0.253421,0.109165
1.740645,-0.495557,0.901347,0.072547,0.042922,-0.313699,0.945774,3.226242,0.033077,0.926941,-2.698292,0.069329,0.059002,0.098881,-0.905851,-0.308369,-0.007875,-0.173496,-0.048463,-0.228995,-0.153607,0.274498,0.472269,1.904393,-0.828226,0.524539,-0.642475,-0.360161,0.837644,-0.853908,-0.095361,-0.118516,-0.428214,0.078715,-0.305484,-0.307123,0.545385,0.266356,-0.306896,-0.228525,0.172175,0.515731,7.514067,-6.643878,-6.139633,3.658141,0.713349,3.268456,-1.684948,-2.236785,-0.125927,-7.207068,-3.969850,-1.582882,4.265434,2.431184,-0.212324,3.329962,-5.343709,-0.879758,0.701691,1.245170,-2.154000,-0.556822,-1.640694,0.575697,1.222737,0.108169,-0.052690,2.717237,2.601273,-0.186917,0.172901,-0.707468,0.010043,-0.090923,-0.486714,0.185338,0.173643,0.216343,-0.060365,-0.199595,0.253962,0.326574,0.047704,0.235991,0.035487,-0.276905,0.106998
1.794528,-0.541568,0.914759,0.049802,0.055768,-0.307847,0.948494,3.405981,-0.224490,1.161853,-2.593299,0.540963,0.468135,0.223947,-1.002346,-0.433887,0.078457,-0.146638,0.014638,-0.230712,-0.203980,0.270130,0.325096,1.768195,-0.820146,0.591328,-0.523413,-0.353097,0.902882,-0.938015,-0.135200,-0.091839,-0.404806,0.039241,-0.320699,-0.328948,0.538923,0.257399,-0.271630,-0.235788,0.226918,0.520776,6.253297,-4.824748,-6.275917,4.316618,1.342886,3.155005,-0.085851,-2.518611,-0.218371,-7.358639,-6.809882,0.404004,3.339472,5.953135,0.353225,3.261865,-4.205362,-1.991955,1.333851,1.170401,-1.973685,-0.760735,-1.091268,-0.323125,-0.447844,1.763285,-0.363153,2.737154,0.252240,-0.225143,0.214623,-0.698755,0.079573,-0.071290,-0.512785,0.199608,0.143701,0.234996,-0.092984,-0.206392,0.250169,0.328561,0.005275,0.252604,-0.009705,-0.290516,0.101779
1.849318,-0.589814,0.929013,0.029485,0.074784,-0.302859,0.949639,3.469266,-0.370065,1.287990,-2.549314,1.187393,0.323727,0.305237,-1.068997,-0.538613,0.152718,-0.131088,0.086169,-0.244366,-0.265355,0.264108,0.207199,1.587888,-0.779956,0.660007,-0.342648,-0.330180,0.940016,-0.978030,-0.166614,-0.078654,-0.370675,-0.017077,-0.342992,-0.337699,0.524254,0.198187,-0.285012,-0.278096,0.250967,0.528742,4.064512,-3.332545,-5.236303,3.713038,0.777520,3.576566,-0.682693,-3.068769,-0.301120,-5.894868,-9.015381,2.009496,3.433923,9.038225,1.145861,1.856704,-2.000752,-1.570692,0.659273,1.706523,-2.815918,-1.114680,-0.437578,-0.733417,-2.960565,-0.669094,-2.115399,1.202447,0.398312,-0.243248,0.254931,-0.689159,0.157653,-0.049213,-0.533482,0.202848,0.114537,0.251851,-0.125015,-0.208478,0.240495,0.318397,-0.032969,0.265186,-0.051501,-0.295999,0.091434
1.904347,-0.640336,0.941972,0.011776,0.094470,-0.302370,0.948424,3.521735,-0.501828,1.310409,-2.290984,1.326587,-0.163552,0.358186,-1.096518,-0.618454,0.205549,-0.109586,0.159424,-0.283598,-0.325851,0.262477,0.122880,1.367384,-0.728270,0.711323,-0.144117,-0.280685,0.947803,-1.002248,-0.164466,-0.052879,-0.343660,-0.050490,-0.363542,-0.338420,0.528654,0.187350,-0.272746,-0.297689,0.285790,0.524863,2.647420,-1.376067,-3.992060,2.641552,1.075097,3.662760,-1.961615,-3.024812,-0.081559,-4.215936,-11.025179,2.584337,2.565848,9.926574,2.474713,0.389386,-1.210882,0.107392,1.288739,1.350784,-1.670633,-1.027495,-0.036025,0.219998,-0.541875,0.613274,-0.979686,1.741149,-0.193921,-0.251273,0.288280,-0.679378,0.236476,-0.027225,-0.547283,0.198947,0.088567,0.265020,-0.151566,-0.209820,0.227009,0.304464,-0.065189,0.271059,-0.084676,-0.295699,0.074730
1.960406,-0.692798,0.951658,-0.002575,0.109480,-0.316278,0.942325,3.640909,-0.464960,1.224532,-1.697394,1.014949,-1.646326,0.404215,-1.088863,-0.648775,0.220334,-0.046571,0.222235,-0.316358,-0.362179,0.265856,0.071836,1.116174,-0.675303,0.752325,0.042257,-0.211906,0.928311,-0.996342,-0.109632,-0.023820,-0.315596,-0.075319,-0.384848,-0.334264,0.522404,0.193451,-0.282867,-0.308260,0.281557,0.529950,2.301459,0.382761,-1.516051,0.739270,3.150751,3.140565,-1.637990,-1.816384,0.168983,-2.552190,-12.560475,2.648335,2.050064,9.318700,3.438980,-0.974625,0.295268,2.741701,1.452964,1.403199,-1.241496,-1.065267,0.207824,-0.312521,0.305064,-0.506034,-0.528551,-0.211630,0.254347,-0.264517,0.299031,-0.670861,0.306075,-0.001411,-0.554684,0.190294,0.073130,0.272475,-0.165897,-0.213020,0.213111,0.291307,-0.081373,0.271775,-0.101951,-0.293769,0.056794
2.015340,-0.746261,0.955897,-0.010788,0.121698,-0.338438,0.933024,3.684723,-0.354449,1.015818,-0.946572,0.987055,-2.465133,0.438112,-1.062789,-0.635570,0.188446,0.041986,0.273996,-0.378886,-0.365241,0.253964,0.076398,0.860731,-0.642261,0.784586,0.133369,-0.154250,0.881028,-0.966167,-0.088634,0.010033,-0.314189,-0.084742,-0.392954,-0.333909,0.536781,0.239707,-0.328336,-0.312898,0.234907,0.562266,1.694846,1.303661,0.660281,-1.594420,4.427810,2.588009,-3.126395,-0.153080,-0.594632,0.228091,-12.772191,1.652095,1.613076,4.555576,2.882798,-2.364128,1.508750,1.049886,1.692638,0.070333,-0.471110,-0.405333,0.017744,0.718852,2.312795,-2.273441,-0.231889,-2.332481,1.615772,-0.283606,0.290224,-0.664402,0.362458,0.026034,-0.553856,0.177900,0.066793,0.276995,-0.171986,-0.217109,0.200187,0.277386,-0.086340,0.270661,-0.105825,-0.290847,0.041392
2.068288,-0.799969,0.956850,-0.009901,0.124707,-0.364426,0.922791,3.664058,-0.202768,0.869584,0.268974,0.464272,-2.759110,0.470194,-1.023349,-0.599277,0.107789,0.128872,0.286780,-0.452075,-0.327431,0.240395,0.138333,0.657544,-0.619123,0.759257,0.100745,-0.136588,0.829227,-0.910695,-0.116835,0.026853,-0.324426,-0.062842,-0.397750,-0.324646,0.556125,0.211523,-0.326402,-0.320649,0.224847,0.531428,1.604116,1.972027,1.814646,-4.032842,4.344311,0.639202,-3.659440,1.890461,-0.678459,3.096717,-10.159324,1.156906,-1.266461,-1.631215,0.883092,-2.590046,2.773597,-1.410046,0.841002,-0.511835,1.094984,-0.239791,0.463143,0.967184,-1.409225,0.096705,-0.387537,-0.503023,-1.541910,-0.313986,0.260364,-0.656174,0.393206,0.047366,-0.552503,0.169644,0.070935,0.274922,-0.167010,-0.218515,0.192620,0.272023,-0.079823,0.265735,-0.094061,-0.287171,0.033995
2.121469,-0.852631,0.955047,-0.002300,0.120709,-0.387857,0.913778,3.669154,0.051313,0.739330,1.111518,0.049954,-2.408834,0.484038,-0.973084,-0.548221,0.014799,0.181823,0.278662,-0.470843,-0.279074,0.212230,0.217354,0.527220,-0.584365,0.717946,0.080237,-0.118900,0.762813,-0.828184,-0.163061,0.029954,-0.342771,-0.038116,-0.394099,-0.306683,0.548606,0.114585,-0.344733,-0.337521,0.198644,0.483632,0.692195,2.513268,2.552799,-4.649482,2.647567,-0.405883,-0.938438,2.417874,-1.408220,3.951081,-6.516214,1.737919,-2.065569,-1.025362,0.884419,-3.320710,4.125560,-2.311290,0.155030,-0.917256,1.236291,0.182539,0.898155,-0.375924,-4.846898,-0.916567,-0.843603,-1.310138,-2.389774,-0.340443,0.218226,-0.647844,0.400584,0.056503,-0.558913,0.159361,0.082111,0.269366,-0.158375,-0.215600,0.188267,0.265993,-0.065217,0.258316,-0.076323,-0.281148,0.031892
2.174298,-0.905495,0.950175,0.010085,0.108658,-0.407631,0.906603,3.699086,0.211007,0.543388,1.820553,-0.529679,-1.948442,0.462417,-0.911561,-0.496585,-0.055567,0.180512,0.251381,-0.399474,-0.270744,0.188271,0.340187,0.488006,-0.544268,0.655287,0.078520,-0.110923,0.690455,-0.724973,-0.203368,0.017099,-0.364648,-0.011588,-0.376835,-0.272887,0.606210,-0.042506,-0.272348,-0.338866,0.209549,0.351476,-1.081064,3.076152,2.581774,-3.518301,-0.065565,-1.364042,3.568491,0.416514,-1.197957,6.141649,-1.960678,2.004813,-3.132924,-0.085887,0.398823,-3.617920,5.160537,-2.015342,-0.642723,-1.093867,1.326395,0.863211,1.689759,2.880212,-7.854541,3.619262,-0.067272,0.545227,-6.607806,-0.362110,0.177892,-0.633200,0.383474,0.052453,-0.579093,0.150217,0.095856,0.259833,-0.145558,-0.209235,0.186284,0.266895,-0.047975,0.245235,-0.054257,-0.272842,0.031177
2.226547,-0.957028,0.941658,0.021272,0.092474,-0.428162,0.898707,3.661249,0.408613,0.270980,1.890959,-0.958512,-2.041855,0.399823,-0.836196,-0.438874,-0.081371,0.149286,0.214110,-0.244120,-0.298800,0.173040,0.514554,0.505755,-0.467657,0.566992,0.086028,-0.116115,0.608801,-0.611377,-0.213111,0.010179,-0.373926,0.010008,-0.339331,-0.232380,0.507846,-0.087440,-0.371794,-0.348449,0.101370,0.344936,-3.129655,3.768240,2.885569,-1.290198,-1.561279,-1.863579,7.767689,-1.402838,-0.761538,8.718350,0.887458,3.830568,-4.414751,0.375394,-0.259568,-4.082668,5.679836,-0.487154,-0.346007,-0.463864,1.079822,1.875198,2.025390,-4.918238,-2.246678,-4.972289,-0.479130,-5.408935,-0.326990,-0.375714,0.141893,-0.611079,0.345703,0.043806,-0.608550,0.137768,0.112298,0.246388,-0.126702,-0.202722,0.184355,0.262193,-0.023582,0.224060,-0.022967,-0.265826,0.033399
2.278111,-1.007893,0.930993,0.031952,0.073280,-0.449505,0.889693,3.615797,0.568706,0.047857,1.971771,-1.258288,-2.152950,0.309618,-0.765146,-0.371811,-0.061258,0.115947,0.180640,-0.063055,-0.309355,0.165625,0.740647,0.559813,-0.397083,0.461574,0.026566,-0.060429,0.533393,-0.517922,-0.148084,-0.035678,-0.392813,0.026701,-0.284887,-0.214430,0.478942,-0.120621,-0.369211,-0.343001,0.075105,0.236136,-4.510260,3.552461,3.353126,1.005647,-1.666986,-1.673472,9.053258,-0.527738,-0.370778,11.304646,2.702887,3.528711,-5.270934,-2.973069,2.784252,-3.770434,4.672750,3.251345,-2.292834,-0.944349,0.834620,2.722189,0.897497,-1.445158,-1.659043,0.129155,0.272418,-1.313258,-5.440022,-0.377580,0.108997,-0.581395,0.295688,0.031622,-0.637478,0.123194,0.126765,0.234197,-0.102897,-0.200046,0.181331,0.260414,0.000537,0.198568,0.018447,-0.259191,0.040208
2.327676,-1.060488,0.915768,0.032306,0.057599,-0.469583,0.880415,3.633797,0.591776,-0.286631,0.887083,-1.413887,-2.122674,0.208775,-0.735327,-0.300955,0.022674,0.139690,0.168695,0.083192,-0.299986,0.173235,0.995789,0.694465,-0.309384,0.338353,-0.082643,-0.108965,0.471946,-0.452112,-0.069430,-0.226173,-0.401422,0.051962,-0.223922,-0.213963,0.426619,-0.029315,-0.354193,-0.319337,0.025059,0.230083,-5.042161,1.490975,3.542801,4.196573,1.187169,-0.597261,7.312314,0.468474,0.380506,12.757071,6.732605,4.384946,-6.161005,-5.460463,-2.426786,-3.072348,3.290501,3.932675,-9.524770,-0.430485,1.263081,3.048245,0.023316,-2.616168,4.565267,0.750872,1.183170,-2.502305,-0.302650,-0.364608,0.097419,-0.547618,0.234985,0.045817,-0.647722,0.105405,0.136663,0.226027,-0.074921,-0.202854,0.174421,0.255608,0.026347,0.169341,0.066347,-0.251377,0.047485
2.375944,-1.110970,0.901141,0.018929,0.045038,-0.488757,0.871051,3.466347,0.750770,-0.388797,-0.427152,-1.766078,-2.148523,0.101164,-0.672759,-0.233421,0.133190,0.150802,0.186413,0.148642,-0.290102,0.207346,1.243176,0.859165,-0.209395,0.187514,-0.176579,-0.308955,0.416636,-0.400297,-0.018481,-0.199017,-0.396231,0.085874,-0.166427,-0.227545,0.428103,0.011320,-0.329847,-0.320737,-0.018527,0.197517,-5.380573,3.128420,3.376704,5.525834,0.555605,0.885902,3.272521,0.494156,1.705552,12.369387,8.234991,4.999449,-7.541952,-4.696811,-9.999482,-2.765489,2.590713,2.547475,1.357815,0.259575,1.695616,2.874755,-0.679062,0.074195,2.031753,1.217304,-0.069971,-2.179291,-1.628296,-0.338179,0.107862,-0.515817,0.150554,0.050253,-0.654533,0.087776,0.138699,0.222695,-0.040973,-0.209305,0.161524,0.245506,0.051236,0.136615,0.119340,-0.237121,0.054146
2.418968,-1.153298,0.887665,0.006877,0.040142,-0.520085,0.853143,2.908440,0.959149,-0.426394,-0.679588,-1.032037,-3.630169,-0.060170,-0.615461,-0.141047,0.202705,0.201048,0.208336,0.151489,-0.241610,0.238403,1.471344,0.937668,-0.083027,-0.020340,-0.230993,-0.374021,0.381378,-0.378933,0.025611,-0.196720,-0.360418,0.139605,-0.140803,-0.229786,0.432322,-0.011425,-0.304670,-0.287860,-0.058983,0.157616,-8.066699,2.864903,4.618732,3.475743,2.512323,1.096158,0.142328,2.424630,1.552871,11.408406,3.925141,6.318397,-10.392694,-2.720679,-3.253330,-1.762892,1.068202,2.204609,0.114845,1.790658,2.686537,1.281224,-0.112065,0.210930,-1.137235,1.258845,1.643808,-2.022802,-1.995062,-0.286742,0.116770,-0.497736,0.088916,0.055091,-0.654445,0.063239,0.141395,0.223536,0.005340,-0.215467,0.148408,0.223627,0.088725,0.111751,0.184397,-0.212606,0.069323
2.463637,-1.198462,0.878430,0.004429,0.030113,-0.550846,0.834052,2.973849,1.177050,-0.267998,0.415967,-0.927615,-3.625340,-0.225977,-0.522730,-0.052093,0.195690,0.227161,0.207186,0.113307,-0.175325,0.260498,1.631553,0.988549,0.080348,-0.230434,-0.275660,-0.483988,0.371046,-0.368452,0.049996,-0.209336,-0.301201,0.209314,-0.154789,-0.227761,0.438675,-0.063486,-0.311954,-0.314853,-0.100971,0.095294,-8.290319,4.636512,4.447665,-0.350740,1.305614,-0.057493,-1.909058,3.314245,1.104748,8.010437,2.544044,8.168756,-10.504749,-2.233370,-5.498303,-0.516607,0.524047,1.219251,-0.630793,2.960845,3.485447,-0.699317,0.101266,0.317682,-2.603041,-0.364175,-1.349613,-2.099375,-3.116062,-0.232874,0.120607,-0.490094,0.021547,0.041304,-0.657409,0.034935,0.145850,0.226446,0.051541,-0.212654,0.144388,0.186786,0.129175,0.095433,0.237744,-0.176250,0.098868
2.507640,-1.249102,0.873571,0.012311,0.011427,-0.574778,0.818137,3.134437,1.209922,-0.148564,1.757645,-1.046657,-2.853590,-0.376039,-0.397760,0.029149,0.129500,0.217523,0.168033,0.069631,-0.084948,0.285136,1.726232,1.023240,0.244997,-0.432521,-0.332412,-0.626009,0.376621,-0.362973,0.068995,-0.206813,-0.236178,0.255071,-0.194383,-0.230250,0.341848,-0.114969,-0.323040,-0.309292,-0.163137,0.049288,-7.503116,6.248526,4.062117,-3.309515,-0.481882,-1.957665,-2.183810,4.518867,1.231884,4.733926,1.734545,8.232425,-10.104301,-2.837595,-7.101059,0.278742,0.273980,0.949943,0.126117,3.251136,2.287838,-1.979670,-0.124482,-4.841375,-2.574176,-0.554325,0.278022,-3.108317,-2.300310,-0.182658,0.118662,-0.491465,-0.053133,0.003788,-0.659461,0.009066,0.153597,0.227926,0.094894,-0.199788,0.151860,0.144500,0.164366,0.084252,0.278651,-0.136013,0.136497
2.551646,-1.300760,0.873139,0.031324,-0.001657,-0.589318,0.807292,3.130633,1.308451,0.016924,2.317757,0.042171,-1.790213,-0.545915,-0.277812,0.119211,0.081333,0.164693,0.117995,0.047428,0.000020,0.289038,1.772947,1.007400,0.382149,-0.581827,-0.386364,-0.721425,0.418160,-0.330091,0.086103,-0.185459,-0.195225,0.295667,-0.250155,-0.246173,0.235907,-0.018482,-0.322075,-0.326571,-0.178707,-0.012625,-8.493796,5.997398,4.503085,-2.408343,-2.641521,-2.501885,-1.110148,4.248369,0.195113,2.335772,-0.791999,6.857637,-7.465333,-2.697594,-4.770826,2.076970,1.644096,0.855362,1.067704,2.047639,2.029804,-2.788607,-0.796121,-5.297033,4.824338,0.048266,-0.863928,-0.778499,-3.095648,-0.120112,0.116319,-0.503468,-0.110211,-0.047851,-0.662652,-0.017754,0.163043,0.230685,0.128203,-0.177164,0.164252,0.101789,0.191216,0.081381,0.298816,-0.086970,0.175871
2.595644,-1.356399,0.878255,0.046511,-0.014437,-0.595588,0.801812,3.290800,1.325359,0.241411,1.991293,-0.146778,-0.797536,-0.682647,-0.134450,0.206969,0.086573,0.093632,0.075700,0.046281,0.067092,0.293368,1.756623,0.923121,0.495286,-0.695884,-0.405725,-0.762850,0.488312,-0.366162,0.106163,-0.144116,-0.149248,0.290513,-0.302395,-0.272506,0.166419,-0.011631,-0.340541,-0.349382,-0.228972,-0.011626,-6.836573,7.168086,4.387915,0.262007,-3.553057,-2.114745,-0.057379,3.353604,0.216515,-0.816186,-4.213930,5.656823,-5.702823,-0.968046,-2.071229,3.507594,-1.803559,1.003020,2.067184,2.298852,-0.257702,-2.612016,-1.316647,-3.474378,0.342579,-0.923312,-1.140534,-2.513248,0.049940,-0.061630,0.118121,-0.520799,-0.167163,-0.099424,-0.665354,-0.041636,0.171190,0.235377,0.155227,-0.158656,0.177240,0.062659,0.213322,0.083968,0.310671,-0.053028,0.208930
2.640329,-1.414524,0.888753,0.060883,-0.023601,-0.597292,0.799361,3.402737,1.381944,0.474585,1.706181,0.114609,-0.260110,-0.792933,0.004450,0.294956,0.115030,0.013511,0.038675,0.072466,0.106961,0.290471,1.687330,0.808046,0.581685,-0.767732,-0.395755,-0.741343,0.569905,-0.415243,0.132383,-0.059840,-0.110232,0.278469,-0.334591,-0.299862,0.094837,-0.062591,-0.346660,-0.351450,-0.239374,-0.084237,-5.514336,6.945028,4.399346,1.422815,-4.006025,-1.851264,1.309276,1.993462,-0.144866,-3.464652,-5.753769,4.319947,-3.592422,0.498487,1.075361,4.079635,-2.454034,1.311022,4.213785,1.950817,-0.602203,-1.609782,-1.367805,-3.579132,-2.547989,-0.305944,-0.103415,-0.520090,-3.630546,-0.000828,0.115850,-0.542286,-0.218392,-0.147397,-0.663216,-0.064569,0.177611,0.239667,0.174731,-0.140360,0.189727,0.026495,0.230920,0.086693,0.314424,-0.021956,0.234006
2.685540,-1.476886,0.904036,0.083030,-0.028894,-0.600423,0.794836,3.576941,1.447243,0.726456,2.103098,0.882850,-0.524344,-0.864420,0.128191,0.393852,0.141574,-0.086735,-0.016026,0.140568,0.125905,0.281562,1.556976,0.662544,0.644629,-0.790111,-0.364004,-0.661727,0.646153,-0.470152,0.180907,0.039929,-0.069263,0.253717,-0.347429,-0.339239,0.034451,-0.144126,-0.342781,-0.320152,-0.276261,-0.117635,-3.574333,6.187020,4.944823,1.327236,-5.012306,-2.735055,3.405071,0.947204,-0.445432,-6.517741,-7.275078,3.147199,-1.118963,1.587564,3.980782,3.812411,-2.745446,2.426179,4.988465,2.048449,-1.237571,-0.641926,-1.968861,-3.019267,-4.076781,0.193935,1.564876,-1.844344,-1.669897,0.064852,0.100397,-0.568085,-0.256150,-0.201549,-0.659392,-0.090881,0.184234,0.237830,0.186822,-0.118211,0.204539,-0.010395,0.246025,0.083228,0.310823,0.011817,0.253924
2.732768,-1.544723,0.921254,0.104269,-0.025833,-0.600455,0.792410,3.828908,1.531135,0.903940,1.519042,1.519140,-0.218162,-0.907536,0.244383,0.477829,0.156220,-0.170667,-0.069441,0.209570,0.125691,0.252886,1.395806,0.477726,0.689000,-0.774373,-0.343227,-0.490124,0.706301,-0.507403,0.193745,0.127643,-0.026909,0.225214,-0.358645,-0.374394,-0.005283,-0.143299,-0.367641,-0.308942,-0.315103,-0.124118,-2.155806,5.809629,4.198843,0.732290,-4.196609,-2.670742,3.450144,-0.010692,-1.433801,-8.058482,-9.240907,2.218576,0.786898,1.038831,8.580129,3.007389,-1.862556,0.641889,4.385695,2.117690,-1.425188,-0.560808,-1.757769,-1.986746,0.041373,-1.242998,0.560509,-1.942119,-0.324179,0.133516,0.085126,-0.589108,-0.280474,-0.245614,-0.657662,-0.117947,0.186598,0.232685,0.187949,-0.099657,0.218893,-0.041045,0.255380,0.081253,0.298526,0.037303,0.272133
2.780768,-1.613057,0.939217,0.123710,-0.023512,-0.597129,0.792200,3.838953,1.582344,0.999461,1.400481,1.393050,0.192161,-0.916362,0.340635,0.551724,0.124225,-0.249931,-0.126283,0.257706,0.085502,0.225410,1.197546,0.307968,0.721056,-0.711240,-0.307175,-0.238367,0.758969,-0.528610,0.173756,0.176852,0.002416,0.191609,-0.373773,-0.409550,-0.024702,-0.131359,-0.388478,-0.317867,-0.326915,-0.119534,-0.441281,4.812570,3.694712,-1.599752,-3.963200,-2.842091,2.406795,-2.009468,-1.373824,-9.912975,-8.487900,1.602791,3.156676,1.802619,12.587883,2.633411,-1.060371,-0.999446,2.460427,1.466225,-1.680258,-0.756381,-1.757764,-0.970915,0.597006,-1.041841,-0.446237,-0.590624,0.229215,0.198045,0.066090,-0.606699,-0.295861,-0.281285,-0.652282,-0.143363,0.187476,0.224303,0.181767,-0.084496,0.230078,-0.066993,0.259615,0.076472,0.282651,0.056649,0.280997
2.827844,-1.682235,0.951636,0.138463,-0.018389,-0.594964,0.791523,3.877002,1.477135,0.822868,0.870468,1.313833,0.042942,-0.912308,0.411426,0.616924,0.081985,-0.299157,-0.176449,0.275291,0.053621,0.202968,0.988296,0.179200,0.744093,-0.654844,-0.256304,0.020531,0.802930,-0.558005,0.136256,0.154304,0.037911,0.170889,-0.411199,-0.434506,-0.054665,-0.113382,-0.392687,-0.332489,-0.361152,-0.117238,0.202662,3.539560,3.260020,-2.112027,-2.461309,-2.508325,0.879245,-1.594024,-1.122111,-10.462507,-6.438410,1.151863,2.819805,2.543548,12.944882,2.198076,-1.469725,-1.875000,-1.127387,1.774763,-1.035966,-1.871305,-1.247842,-1.498175,0.898812,-0.210465,-0.731121,-1.711830,0.114807,0.258584,0.054165,-0.616387,-0.304310,-0.304670,-0.645503,-0.165563,0.185860,0.215477,0.175443,-0.072460,0.240217,-0.086941,0.262152,0.074885,0.267663,0.072687,0.287435
2.875502,-1.748706,0.959388,0.141268,-0.012087,-0.592740,0.792816,3.785312,1.468349,0.624113,-0.166968,0.695077,0.168027,-0.888431,0.452628,0.663468,0.039869,-0.289398,-0.198228,0.259667,0.084331,0.188963,0.786444,0.164640,0.747213,-0.597059,-0.206420,0.107952,0.840100,-0.608798,0.086236,0.094752,0.062801,0.141944,-0.444170,-0.453709,-0.064302,-0.119714,-0.433061,-0.369631,-0.336382,-0.117963,1.193872,2.060103,2.327195,-2.105791,0.487991,-1.088959,-0.781228,1.535476,-0.700215,-10.092612,-0.727997,0.155999,2.889219,2.494218,4.371042,1.858468,-2.539671,-2.500973,-2.977628,1.244510,-1.447235,-1.648559,-0.960148,-0.481860,-0.316555,-2.018670,-1.857088,1.238504,-0.036232,0.304922,0.051526,-0.622204,-0.323472,-0.304686,-0.634557,-0.179065,0.182596,0.211488,0.172160,-0.069716,0.246546,-0.097726,0.263109,0.080137,0.260383,0.075526,0.290730
2.923229,-1.814342,0.964072,0.133088,-0.004808,-0.581937,0.802255,3.804027,1.333669,0.520274,-1.194772,0.236855,1.325326,-0.855150,0.481661,0.663050,-0.006659,-0.235576,-0.200307,0.211662,0.121577,0.158151,0.616972,0.249993,0.733415,-0.513972,-0.172738,-0.002213,0.845328,-0.597284,0.045937,0.109678,0.068730,0.139810,-0.459557,-0.469604,-0.039315,-0.107130,-0.462123,-0.394636,-0.313200,-0.088709,1.664036,1.451670,-0.020876,-2.326366,2.691057,-0.103921,-2.400221,1.862303,-1.540642,-8.473591,4.267656,-0.689930,4.154349,1.684103,-5.508225,0.261389,0.575718,-2.014974,0.746306,0.296467,-0.106707,-0.769356,-0.794711,1.249370,0.629158,-1.453113,-1.250239,1.159104,1.462688,0.334699,0.051517,-0.625557,-0.359501,-0.280995,-0.616205,-0.183459,0.180003,0.209300,0.161883,-0.077979,0.245841,-0.096152,0.263170,0.086729,0.252525,0.064652,0.284944
2.971673,-1.878067,0.964307,0.120206,0.005648,-0.571370,0.811822,3.790350,1.238802,0.343341,-1.757512,0.225021,1.278584,-0.817437,0.486195,0.644656,-0.026456,-0.174398,-0.183489,0.179659,0.137425,0.125469,0.502520,0.343672,0.683617,-0.439108,-0.169150,0.002229,0.821942,-0.594497,0.027452,0.140844,0.026833,0.132763,-0.457304,-0.470794,-0.001760,-0.101073,-0.480172,-0.408746,-0.271656,-0.063917,1.885640,0.226663,-0.919711,-0.989864,3.058919,0.840899,-1.600190,0.792374,-1.634098,-5.722607,4.683966,-2.489869,3.743205,0.179359,0.222093,-1.169263,0.139341,-0.924258,1.558305,-2.094855,-0.352347,0.112683,-0.059499,1.877769,0.302867,-0.902430,-0.705528,2.077189,1.239570,0.347619,0.054811,-0.629578,-0.384733,-0.250419,-0.601372,-0.180755,0.176884,0.207773,0.152801,-0.092124,0.243047,-0.084365,0.258926,0.092109,0.251023,0.045630,0.278612
3.015113,-1.942198,0.962387,0.104703,0.002491,-0.545862,0.831303,3.797414,0.730541,0.233753,-1.326723,-0.871360,3.204476,-0.742440,0.502703,0.572873,-0.064919,-0.109232,-0.168787,0.165134,0.093578,0.129602,0.411869,0.457446,0.591285,-0.378203,-0.157023,0.043300,0.781540,-0.568974,0.036823,0.152008,-0.038499,0.142515,-0.435225,-0.428078,0.050839,-0.075327,-0.465291,-0.375691,-0.246395,-0.041751,3.749878,0.825402,-3.589144,-1.923141,3.258292,0.735087,-0.726246,-2.192336,0.206645,-4.532545,5.688688,-4.616601,3.045285,0.606350,2.053536,-2.020103,1.276175,0.468566,0.558195,-3.266607,0.487566,1.103951,2.135784,2.629937,1.287322,0.744045,1.652765,1.263066,1.108323,0.332071,0.040387,-0.645262,-0.419470,-0.203985,-0.573624,-0.159858,0.188057,0.203176,0.142290,-0.107807,0.236823,-0.049503,0.259496,0.089513,0.262246,0.021170,0.258184
3.061604,-2.005372,0.956370,0.082632,0.003713,-0.518841,0.850860,3.887630,0.597761,-0.025017,-2.114026,-0.840026,3.287287,-0.671726,0.483216,0.494586,-0.067853,-0.045346,-0.136048,0.175405,0.032365,0.114613,0.381939,0.627523,0.474737,-0.277988,-0.157992,0.024835,0.722504,-0.533361,0.049138,0.140739,-0.123340,0.156687,-0.385111,-0.379975,0.076884,-0.022288,-0.445218,-0.365182,-0.245752,-0.004993,3.535702,-0.974360,-3.914377,-0.146704,3.194334,1.636967,0.513586,-3.060632,-0.749404,-1.496485,8.503854,-5.827402,5.010730,-0.048404,-0.923238,-2.951815,1.780634,0.615740,-0.563428,-4.242067,0.708613,2.505693,2.405169,1.302264,2.651949,1.003656,0.525454,0.032150,1.837897,0.302000,0.037246,-0.664276,-0.440588,-0.152080,-0.540404,-0.135845,0.193629,0.200311,0.124298,-0.129152,0.227628,-0.009488,0.254173,0.089666,0.265312,-0.014733,0.230531
3.106920,-2.067876,0.946047,0.062764,0.004854,-0.493924,0.867223,3.871888,0.312998,-0.278285,-1.882109,-0.746058,2.948723,-0.604443,0.425262,0.407913,-0.055745,-0.007084,-0.105311,0.186049,-0.042385,0.105742,0.373668,0.825342,0.341063,-0.187777,-0.102097,0.017206,0.651723,-0.495211,0.063297,0.075673,-0.227282,0.186927,-0.324843,-0.298052,0.095976,0.051272,-0.365412,-0.322356,-0.232784,0.001435,3.364163,-2.897704,-4.333644,0.605368,1.913102,1.536839,0.532186,-3.737506,-0.443561,-0.413583,9.890929,-6.683702,4.510535,2.794748,-0.381440,-3.539068,1.907501,0.707933,-3.253287,-5.197081,1.512021,3.013381,4.096118,0.954568,3.677962,3.990301,2.141310,0.648361,0.321417,0.266048,0.041776,-0.683308,-0.440190,-0.107205,-0.509112,-0.106241,0.198798,0.196422,0.103613,-0.147129,0.219094,0.037790,0.241098,0.086587,0.264690,-0.050367,0.194828
3.156193,-2.128567,0.933298,0.048327,0.003171,-0.478776,0.876600,3.913416,0.387488,-0.468457,-1.216953,-0.785794,1.767012,-0.562618,0.348664,0.330075,-0.058351,-0.040133,-0.083818,0.194107,-0.126102,0.103548,0.431483,1.034652,0.222898,-0.098842,-0.030052,0.003021,0.549608,-0.474230,0.159828,-0.004222,-0.300577,0.207571,-0.302184,-0.240433,0.166967,0.047509,-0.225133,-0.242778,-0.221330,0.051900,2.091206,-3.829856,-3.891869,-0.130279,-1.652450,1.074639,0.402888,-4.185832,-0.109715,2.890774,10.465508,-5.908243,4.446743,3.602205,-0.709252,-5.105746,1.049024,4.826552,-3.994773,-3.664762,1.032194,1.132953,2.880951,3.549543,-0.188145,7.013905,3.978873,0.572730,2.523245,0.222368,0.035811,-0.696401,-0.424585,-0.087914,-0.480107,-0.077265,0.198512,0.190928,0.082819,-0.160564,0.213771,0.083013,0.219231,0.087145,0.255226,-0.082737,0.161394
3.198870,-2.184032,0.922310,0.050376,-0.009919,-0.451024,0.891034,3.512365,0.027809,-0.457037,0.744158,-0.936995,3.170035,-0.567940,0.259462,0.213235,-0.116660,-0.147701,-0.108114,0.167559,-0.217751,0.126319,0.651962,1.269253,0.100695,-0.014238,-0.205443,-0.071154,0.480904,-0.483021,0.182642,-0.043913,-0.369985,0.207082,-0.281433,-0.207599,0.190008,-0.001502,-0.251710,-0.223036,-0.177622,0.115514,-0.266090,-4.460144,-5.842031,-2.915476,-5.378422,-1.214776,-1.327396,-4.582494,1.138541,11.023958,11.730043,-6.110157,4.230220,-8.769541,-3.708769,-3.435167,-0.439509,1.140700,-1.984536,-3.470380,-0.024453,1.037554,1.641685,1.152066,-2.450530,-1.328836,0.987095,2.185383,3.180680,0.154651,0.006842,-0.693292,-0.395457,-0.084887,-0.451820,-0.037548,0.207172,0.178814,0.056661,-0.167016,0.218588,0.132000,0.189269,0.088492,0.234538,-0.121909,0.140813
3.240709,-2.233809,0.914772,0.065365,-0.024089,-0.431298,0.899516,3.255113,0.022807,-0.340895,1.979701,-0.524828,2.154971,-0.517166,0.117369,0.107565,-0.182231,-0.287698,-0.161145,0.161516,-0.222228,0.149034,0.722639,1.505369,-0.090323,0.072268,-0.288390,-0.142888,0.470603,-0.467432,0.168477,-0.048421,-0.413045,0.213950,-0.285445,-0.183177,0.204801,0.035500,-0.357914,-0.255263,-0.146405,0.180252,2.538706,-7.104635,-5.283475,-3.278522,-6.999866,-2.651579,-0.302148,-0.223850,1.135772,3.533811,11.805820,-9.550889,4.325282,-4.147331,-3.586702,-0.515070,0.779418,-0.708251,-0.225424,-2.153038,0.343369,-0.200594,1.221104,0.739645,1.850098,-5.310215,-1.611348,1.560867,3.236919,0.098557,-0.023758,-0.690631,-0.346539,-0.111500,-0.435453,0.008448,0.218378,0.163496,0.030989,-0.161353,0.227719,0.181423,0.164932,0.107713,0.204573,-0.147957,0.128795
3.283417,-2.286527,0.915333,0.065488,-0.035985,-0.405244,0.911150,3.387822,-0.176480,0.012072,0.523992,-0.878024,2.919175,-0.382392,-0.032939,-0.000857,-0.237827,-0.319214,-0.177059,0.104233,-0.184184,0.172255,0.689892,1.652933,-0.247076,0.192338,-0.366714,-0.153049,0.423300,-0.422078,0.178943,-0.074361,-0.481479,0.196849,-0.295735,-0.192987,0.230468,0.111025,-0.336250,-0.241577,-0.097046,0.244799,6.738720,-7.515368,-5.421098,-2.779823,-1.575793,-0.795663,-2.864157,1.902222,1.161058,-1.637353,7.378193,-7.837695,6.003523,-3.916194,-0.508035,-2.365157,2.267719,0.523318,-1.297007,-3.421673,-0.855045,-0.514485,-0.490501,1.283379,3.776243,1.083201,0.684327,2.467938,3.227350,0.025654,-0.033921,-0.699296,-0.297892,-0.121364,-0.434950,0.053014,0.212548,0.157589,0.003063,-0.155883,0.230875,0.216933,0.122915,0.126725,0.163874,-0.173081,0.113332
3.324366,-2.341312,0.918310,0.041967,-0.036264,-0.384219,0.921574,3.390906,-0.461469,0.080617,-2.108890,-0.749168,2.453337,-0.253215,-0.186820,-0.105506,-0.212654,-0.245435,-0.126814,0.017708,-0.149854,0.183706,0.684170,1.732690,-0.394700,0.309581,-0.448069,-0.163895,0.400443,-0.442988,0.147476,-0.073803,-0.485536,0.143037,-0.304685,-0.219578,0.248389,0.126000,-0.359533,-0.230493,-0.085722,0.333008,6.458827,-7.694085,-5.232468,1.258651,3.688960,2.512250,-4.326245,1.716516,0.572554,-0.286091,3.987864,-7.381201,5.862156,-4.067776,-0.542300,-1.142866,-1.045517,-1.573328,0.027931,-0.202878,-2.690609,-0.447503,-1.329539,0.896028,0.748760,-1.164119,0.554196,0.566213,4.410433,-0.045800,0.004674,-0.707501,-0.248391,-0.112001,-0.449620,0.092122,0.194033,0.168963,-0.024473,-0.164026,0.229293,0.243908,0.083546,0.159889,0.120550,-0.206688,0.101033
3.364939,-2.399414,0.927808,0.027362,-0.033429,-0.371220,0.927540,3.490713,-0.670888,0.381432,-1.420217,-0.198326,1.484260,-0.122636,-0.343222,-0.201610,-0.168937,-0.190202,-0.100232,-0.025627,-0.103788,0.179197,0.641980,1.753400,-0.502495,0.405454,-0.501694,-0.162382,0.386863,-0.460088,0.109116,-0.032453,-0.470396,0.118507,-0.318097,-0.246331,0.297611,0.147938,-0.332343,-0.205148,-0.073092,0.404765,6.528944,-7.820086,-4.805222,2.185842,2.761651,1.329100,-2.166734,2.303298,-0.225447,-2.109482,1.035470,-5.389742,4.793664,-2.681248,0.075654,-0.678957,-0.854971,-1.917999,2.067505,0.757038,-1.226484,-0.670607,-1.337649,2.461119,1.096876,1.359508,1.267227,0.631499,3.587866,-0.109591,0.038095,-0.709181,-0.196216,-0.116653,-0.475367,0.120206,0.176056,0.177409,-0.050744,-0.163818,0.231087,0.259240,0.050124,0.187258,0.078805,-0.223404,0.095265
