3.118410,-2.880481,0.956426,-0.204904,-0.070510,0.952720,0.212996,4.503580,-1.308882,1.575399,-0.439338,-1.842271,0.972201,0.538101,-1.256536,-0.939237,0.303518,0.091456,0.416719,-0.093236,-0.003068,0.396817,0.009318,0.883724,-1.706479,1.149000,0.079162,-0.173827,1.489233,-1.033105,-0.056976,0.199871,-1.063606,-0.841795,-0.836469,0.187995,0.101347,-0.790284,-0.593756,-1.001957,0.264079,-0.643027,5.062622,3.564665,-2.693097,-0.098002,0.287736,1.498468,0.732268,1.041325,5.689489,2.005178,-10.757680,-11.091200,0.024024,-1.254267,1.391243,1.566620,5.426209,-0.562221,3.035422,-5.479022,-3.383780,1.294709,-3.329803,-3.360706,-15.917583,-1.111977,14.095101,2.946672,-22.335676,-0.326678,0.313963,-0.632039,0.436696,-0.075443,-0.500900,0.172844,-0.058185,0.365714,-0.236334,-0.196933,0.188543,0.135842,-0.184647,0.330244,-0.316529,-0.295644,0.029401
3.043162,-2.819522,0.956476,-0.197646,-0.077374,0.953995,0.211761,4.454871,-1.333598,1.349613,-0.507668,-0.877385,-0.046987,0.564311,-1.175126,-0.942883,0.264043,0.090660,0.424946,-0.142763,-0.025043,0.442836,0.138997,0.654270,-1.840186,1.149000,0.157060,-0.127191,1.431109,-0.902467,-0.100676,0.224088,-1.176291,-0.701792,-0.767506,0.103950,0.024803,-1.253895,-0.611698,-0.612804,0.282230,-1.216506,1.310470,4.070473,-0.182280,-1.973735,-0.039802,0.411351,-2.476383,-1.098768,2.300987,6.483953,-11.472688,-6.685330,-0.000000,3.894888,2.331808,-2.906188,6.531897,-2.185000,1.210856,-5.634253,7.000173,3.448174,-4.202258,-3.827163,-23.180548,-0.897096,19.457670,0.907531,-28.673914,-0.374761,0.300216,-0.602228,0.467910,-0.063892,-0.506036,0.178969,-0.075936,0.362004,-0.230088,-0.192231,0.186339,0.140864,-0.206166,0.322822,-0.326338,-0.257121,0.003661
2.968134,-2.759382,0.956764,-0.179914,-0.070113,0.953530,0.231292,4.504941,-1.098772,1.270278,1.479928,-1.350247,-1.871297,0.577140,-1.075635,-0.851490,0.131905,0.078349,0.391783,-0.205554,-0.081530,0.408964,0.327027,0.499283,-1.732011,1.149000,0.198577,-0.116350,1.271348,-0.740802,-0.150927,0.225142,-1.158617,-0.552753,-0.652023,0.079469,-0.035417,-1.464636,-0.578305,-0.373299,0.259819,-1.552958,0.641446,4.974552,4.569657,-6.606895,-0.615543,-1.658112,-3.139544,-2.824310,-1.693626,9.401493,-7.749320,5.408741,-0.000000,2.075881,0.542052,-7.988068,8.083235,-2.512555,0.052688,0.883729,7.451936,5.774130,-1.224020,-3.010998,-10.537080,1.669651,11.975230,-1.120533,-16.822609,-0.425664,0.241784,-0.569655,0.467996,-0.053073,-0.525959,0.193590,-0.057972,0.351603,-0.211046,-0.186524,0.198248,0.165906,-0.202121,0.312400,-0.312891,-0.231455,0.006861
2.894133,-2.699736,0.956318,-0.151227,-0.051430,0.949159,0.271262,4.574137,-0.675832,1.097804,3.193074,-1.912012,-3.754522,0.554050,-0.972395,-0.721956,-0.048389,0.038778,0.344519,-0.174644,-0.200115,0.356520,0.589371,0.458214,-1.414249,1.110955,0.178878,-0.120199,1.111886,-0.634008,-0.203491,0.197450,-0.980879,-0.471392,-0.592186,-0.024861,0.018231,-1.382009,-0.483723,-0.173570,0.416552,-1.614430,-1.154487,5.162004,6.476676,-9.014721,-1.978549,-2.363204,1.545513,-5.929253,-2.622186,13.117204,-2.053479,15.888110,-1.902242,-0.984938,-0.192474,-7.973115,5.339704,-2.628188,-1.384595,8.886879,4.068053,2.991873,-5.216489,2.682398,4.131356,4.729089,9.986463,7.836630,-3.073605,-0.463310,0.144999,-0.521289,0.435896,-0.044290,-0.562257,0.205554,-0.012994,0.327677,-0.187009,-0.186975,0.207609,0.199965,-0.169539,0.293586,-0.263747,-0.247274,0.014362
2.823563,-2.639153,0.948364,-0.133639,-0.034533,0.941276,0.308134,4.609119,-0.373903,0.632820,2.593181,-0.908632,-3.554085,0.454233,-0.891039,-0.631166,-0.159793,-0.013081,0.303739,-0.048650,-0.319932,0.333270,0.897408,0.482219,-1.127658,0.928793,0.194218,-0.107435,1.030655,-0.568261,-0.225417,0.150592,-0.786948,-0.367080,-0.581568,-0.094774,0.091117,-1.318129,-0.427601,-0.085579,0.355998,-1.614430,-4.990857,4.067791,4.539541,-5.570205,-2.592943,-2.039042,6.299698,-5.990857,-1.162522,15.401814,1.200236,14.329556,-9.108104,0.766987,0.638187,-4.061541,3.287372,-1.096323,-2.342880,9.696566,5.215608,0.530895,-3.495695,3.644304,3.193995,2.806117,4.399553,-3.027687,-0.000000,-0.456848,0.064065,-0.468437,0.396949,-0.040519,-0.593890,0.205731,0.029199,0.304306,-0.163811,-0.189064,0.198142,0.227375,-0.130579,0.279175,-0.193830,-0.264263,0.001920
2.755766,-2.576664,0.934508,-0.111871,-0.019193,0.937975,0.327597,4.647650,-0.307068,0.195588,2.318463,-1.496602,-1.826787,0.339008,-0.803091,-0.575238,-0.157628,-0.051620,0.249347,0.120127,-0.340290,0.320886,1.215938,0.489292,-0.861714,0.703457,0.223019,0.092181,0.978896,-0.496245,-0.153057,0.128747,-0.600712,-0.268103,-0.581740,-0.210318,-0.031946,-1.264204,-0.392883,0.046682,0.256550,-1.614430,-5.761225,4.397406,2.796399,0.108290,-1.926951,-2.719598,8.438845,-1.017885,-0.619203,15.926537,0.353668,13.297220,-11.266802,1.440036,9.980815,-2.587924,3.600794,3.618000,-1.092234,9.311798,4.948805,-0.008625,-5.777173,-6.153156,2.696250,1.735880,6.613051,-4.972382,0.000000,-0.424689,0.016560,-0.410426,0.350322,-0.055041,-0.628612,0.199684,0.067703,0.281435,-0.139239,-0.186905,0.187379,0.250964,-0.087783,0.267183,-0.112480,-0.279404,0.006636
2.690755,-2.517457,0.921580,-0.105161,-0.030157,0.928039,0.356056,4.441917,0.007793,0.129328,-0.595474,-0.833499,-3.094046,0.197946,-0.826208,-0.508467,-0.066538,-0.011356,0.246253,0.266661,-0.309122,0.332125,1.542461,0.780277,-0.533307,0.478183,0.196703,-0.103146,0.933281,-0.494878,-0.079175,-0.008606,-0.337681,-0.083172,-0.582960,-0.304839,-0.129161,-1.229412,-0.391905,-0.386053,-0.100754,-1.397546,-7.053146,-1.155854,3.338506,4.554461,2.013191,-0.154680,7.326687,1.558367,0.561986,16.326147,14.549273,16.420324,-11.263697,-1.315779,-9.766341,-2.280765,0.068343,3.694133,-6.867659,13.151555,9.246577,-0.061003,-4.726068,-4.860747,1.739633,0.048912,-21.636749,-17.865208,10.844213,-0.364830,-0.001271,-0.368814,0.273100,-0.021591,-0.635556,0.176675,0.098847,0.266871,-0.110304,-0.202937,0.168039,0.271329,-0.034815,0.253019,-0.012977,-0.257882,0.011571
2.629632,-2.476909,0.908200,-0.117683,-0.025320,0.908760,0.399581,3.609626,0.917626,0.163310,0.162354,1.697605,-4.619377,-0.074500,-0.883408,-0.392172,-0.050864,0.040266,0.244524,0.378172,-0.224771,0.320831,1.856238,0.970250,-0.222798,0.051413,0.160335,-0.226755,0.881986,-0.415060,-0.022080,0.079469,-0.051566,0.057143,-0.619717,-0.216810,-0.363281,-0.767057,-0.195406,-0.787147,-0.569673,-0.463028,-13.622270,-2.859977,5.814757,0.783744,2.581096,-0.086443,5.575565,4.217584,-0.564738,15.688847,9.498634,15.525433,-21.338482,-1.818434,-6.180474,-2.564768,3.990934,2.854757,4.403721,14.305747,7.015767,-1.837850,4.401484,-11.706015,23.117748,9.824970,-20.054695,-23.445961,46.725903,-0.262365,-0.022913,-0.356384,0.237771,-0.019512,-0.623190,0.136089,0.131653,0.262360,-0.047693,-0.218238,0.140399,0.277164,0.041790,0.250443,0.106611,-0.241141,0.044427
2.562032,-2.410338,0.904394,-0.108647,-0.030984,0.909545,0.399954,4.695832,0.206361,0.668009,-0.150087,-1.063385,-0.068529,-0.342179,-0.731311,-0.343675,-0.120494,0.062847,0.263198,0.336047,-0.208023,0.335229,2.065528,0.985731,0.084015,-0.312914,0.164740,-0.375709,0.828363,-0.429122,-0.058909,0.044708,0.141662,0.076140,-0.675986,-0.191046,-0.395948,-0.241996,0.043878,-0.562139,-0.724699,0.067043,-13.383945,7.604851,2.424861,-3.481539,1.129034,0.933699,-2.106255,0.837363,0.719920,10.464476,0.774064,15.340667,-18.216389,0.220253,-7.447668,-2.681154,-0.703141,-1.841467,-1.738021,9.661409,0.949850,-2.813417,1.288167,-1.633371,26.253038,11.964160,11.250360,-7.751279,26.503519,-0.191666,-0.000400,-0.348405,0.151701,-0.015832,-0.651761,0.101083,0.140155,0.267263,0.003519,-0.234248,0.127966,0.260104,0.094600,0.234545,0.186504,-0.268109,0.090315
2.482242,-2.347776,0.897784,-0.082413,-0.034889,0.905236,0.415377,4.968806,0.979731,0.402282,0.821300,-2.469060,-1.686076,-0.566406,-0.526277,-0.239757,-0.206544,0.064140,0.244941,0.340724,-0.136922,0.360263,2.216659,0.977851,0.379655,-0.591993,0.054006,-0.527185,0.830642,-0.469026,-0.059023,0.062971,0.311001,0.035436,-0.745164,-0.257009,-0.443826,-0.131209,0.107371,-0.494526,-0.742391,0.084964,-11.211370,10.251692,5.195903,-4.302477,0.064674,-0.912869,0.233856,3.555086,1.251687,7.556554,-0.394015,14.782024,-13.953920,-5.536703,-7.573820,0.113978,-1.995170,-0.005698,0.913121,8.466908,-2.035205,-3.458919,-3.298139,-2.393879,5.539330,3.174646,3.380678,-0.884597,0.896059,-0.138209,0.008134,-0.333990,0.039319,-0.041033,-0.676174,0.066292,0.153671,0.278108,0.062118,-0.239551,0.134103,0.222881,0.154482,0.229137,0.246545,-0.262678,0.154469
2.409948,-2.279074,0.896113,-0.047045,-0.025937,0.892975,0.446890,4.910005,0.825098,0.289711,2.444814,-2.727356,-3.394298,-0.762942,-0.298369,-0.076206,-0.222353,0.044524,0.180415,0.289712,-0.029648,0.392215,2.314517,0.907991,0.623452,-0.842260,-0.150680,-0.613532,0.863859,-0.494226,-0.083633,0.115300,0.389861,0.031756,-0.796763,-0.306970,-0.517141,-0.181049,0.118831,-0.488122,-0.655317,-0.067348,-9.826774,11.395395,8.177562,-0.790464,-0.980833,-3.226278,-2.550614,5.363675,1.597590,4.892908,-3.493014,12.189827,-12.513385,-10.234267,-4.317320,1.660843,-1.260026,-1.230525,2.616475,3.943022,-0.183991,-2.579968,-2.498022,-3.665733,-2.492000,0.573024,0.320199,4.353700,-7.615608,-0.092800,0.031099,-0.335375,-0.073053,-0.087728,-0.687173,0.033692,0.173970,0.285343,0.131608,-0.219967,0.154081,0.171614,0.210654,0.213148,0.302702,-0.205560,0.218445
2.343161,-2.205619,0.902399,-0.026398,-0.001171,0.880046,0.474153,4.884266,0.756824,0.557100,3.213405,-0.727391,-2.984336,-0.928790,-0.097425,0.140678,-0.112880,-0.024604,0.112898,0.177999,0.048124,0.383158,2.325503,0.778091,0.825135,-0.993248,-0.320717,-0.647464,0.948054,-0.609398,-0.092183,0.182149,0.472828,0.006737,-0.846867,-0.350908,-0.618972,-0.255657,0.087102,-0.506227,-0.736403,-0.152340,-8.292430,10.047211,10.844205,5.473646,-3.456363,-3.375865,-5.585631,3.888608,-0.452815,0.549298,-6.494983,10.084174,-7.549397,-8.501873,-1.696621,4.209745,-5.758599,-0.427470,3.342424,4.148361,-1.250952,-2.505185,-2.196934,-5.091570,-3.730398,-1.586433,-0.905274,-4.054332,-4.249575,-0.044511,0.064841,-0.358556,-0.156341,-0.146386,-0.687707,-0.011572,0.192345,0.293642,0.187873,-0.184473,0.182680,0.104977,0.252177,0.210401,0.331948,-0.132198,0.275936
2.270432,-2.131224,0.914552,-0.020533,0.019950,0.869128,0.493757,5.016119,1.229759,0.869237,2.191855,0.456928,-2.220224,-1.071741,0.090709,0.349705,0.029692,-0.100570,0.068846,0.115464,0.093345,0.348757,2.238683,0.589811,1.017340,-1.048741,-0.348729,-0.591658,1.078906,-0.774956,-0.002980,0.221789,0.632292,-0.012727,-0.898705,-0.389410,-0.752966,-0.286694,0.087442,-0.532455,-0.858701,-0.191318,-7.147533,9.406725,10.451326,7.128613,-3.798294,-2.202611,-3.126763,2.261057,-1.720049,-4.341007,-9.414016,9.610246,-2.774618,-1.400577,2.790300,6.542587,-8.277896,4.460120,1.982037,7.973183,-0.973247,-2.591873,-1.925098,-6.699702,-1.551846,0.016976,-1.311387,-6.114908,-1.948921,0.008262,0.086764,-0.392354,-0.219844,-0.199027,-0.682865,-0.058284,0.197694,0.306082,0.220361,-0.149220,0.209771,0.043165,0.272283,0.223014,0.333803,-0.069940,0.317654
2.194992,-2.056696,0.934181,-0.024253,0.043211,0.860078,0.507751,4.985513,1.560098,1.337208,1.896415,1.427659,-1.657086,-1.188536,0.239044,0.536453,0.159523,-0.182993,0.030350,0.098692,0.100563,0.315411,2.090337,0.393787,1.149000,-1.039791,-0.366010,-0.431308,1.192469,-0.949412,0.093044,0.261671,0.810412,-0.021956,-0.912287,-0.422524,-0.788282,-0.260544,0.175181,-0.546905,-1.013466,-0.187332,-5.839761,7.416729,9.337419,6.491559,-4.121177,-1.924765,-0.838617,0.360864,-1.667337,-7.417295,-9.801185,6.582981,0.447483,-0.864083,8.017483,5.678154,-8.722803,4.801234,1.994097,8.906013,-0.461428,-0.679128,-1.655707,-1.765792,1.307515,4.386937,-0.722475,-7.738253,0.199298,0.071657,0.103302,-0.428781,-0.258302,-0.246399,-0.674621,-0.100695,0.194657,0.311395,0.236709,-0.117364,0.233880,-0.010191,0.284829,0.231422,0.323210,-0.018411,0.345151
2.116745,-1.983289,0.955522,-0.034037,0.072945,0.851673,0.517854,4.881749,1.902746,1.569931,2.123577,2.310172,-1.312235,-1.272792,0.326077,0.699026,0.193054,-0.268532,-0.025757,0.101681,0.088601,0.299381,1.885971,0.230117,1.149000,-0.988365,-0.374265,-0.155351,1.256681,-1.140894,0.122633,0.261800,0.876861,-0.063697,-0.851640,-0.448020,-0.686761,-0.299798,0.037309,-0.551874,-0.709282,-0.353653,-4.212802,4.351650,8.128632,1.676527,-4.276927,-2.805368,0.149468,-0.598093,-0.801492,-10.218287,-8.183517,0.000000,2.571320,-0.412733,13.797863,3.210618,-9.574096,1.479416,0.006434,3.322460,-2.087060,3.032373,-1.274804,5.076044,-1.962723,-6.893582,-0.248474,15.209222,-8.316051,0.148820,0.112909,-0.462758,-0.268110,-0.293212,-0.666410,-0.141062,0.190721,0.300394,0.241244,-0.086909,0.260185,-0.056574,0.298205,0.229534,0.306160,0.027321,0.368200
2.033724,-1.911531,0.974679,-0.037149,0.121664,0.845748,0.518196,4.841750,2.281463,1.540761,4.029653,2.817894,-0.211153,-1.302086,0.378572,0.809666,0.137157,-0.398873,-0.122865,0.150905,0.049858,0.302644,1.618575,0.118759,1.149000,-0.904720,-0.375625,0.123998,1.348826,-1.300697,0.126407,0.215254,0.868865,-0.053711,-0.803331,-0.435831,-0.729803,-0.282896,0.016012,-0.593606,-0.685503,-0.339416,-1.464669,2.624732,5.531991,-2.794859,-6.517070,-4.855420,2.461201,-1.937119,0.163179,-13.369818,-5.567909,0.000000,4.182253,-0.067980,13.967433,4.607248,-7.990159,0.188742,-2.327289,-0.399837,0.499312,2.415412,0.609447,-2.152118,0.845101,-1.064859,-2.086608,1.188962,0.711842,0.238009,0.093173,-0.491129,-0.267009,-0.361097,-0.642937,-0.175093,0.200290,0.277747,0.229409,-0.056795,0.290895,-0.093735,0.310375,0.199712,0.283018,0.076694,0.380497
1.954124,-1.838422,0.986988,-0.044413,0.147447,0.846948,0.508887,4.867414,2.005533,1.366669,1.723367,2.078078,0.873590,-1.295518,0.456692,0.869893,0.058114,-0.434086,-0.187680,0.125238,-0.007439,0.309919,1.325679,0.075260,1.149000,-0.825857,-0.338284,0.157531,1.420680,-1.426926,0.088989,0.189720,0.860670,-0.023250,-0.777863,-0.428499,-0.728698,-0.234073,-0.036229,-0.659346,-0.685567,-0.303068,0.328391,3.906015,3.011388,-3.952112,-1.760656,-3.240750,-1.283361,-2.864885,0.363733,-14.644780,-2.174941,-0.000000,3.943154,1.867012,1.676670,3.592685,-6.311456,-1.870941,-1.276716,-0.409721,1.523054,1.273423,0.366641,0.055269,2.441152,-2.612043,-3.286999,-0.003231,1.817423,0.322653,0.088535,-0.508205,-0.295996,-0.373058,-0.622360,-0.194422,0.207370,0.260891,0.216026,-0.039672,0.312364,-0.110734,0.315124,0.179690,0.265390,0.104620,0.381368
1.875388,-1.769754,0.993679,-0.049296,0.157025,0.851623,0.497646,4.744441,1.907424,1.118403,0.417225,1.044150,1.170676,-1.235058,0.533592,0.893300,-0.000154,-0.427331,-0.217634,0.082999,-0.071965,0.308286,1.016326,0.102515,1.149000,-0.739681,-0.266296,0.110421,1.478419,-1.524084,0.060565,0.232330,0.831404,0.030104,-0.787836,-0.423068,-0.747610,-0.160778,-0.075328,-0.719199,-0.654032,-0.277060,3.023009,3.844999,1.170329,-2.913417,0.337744,-1.497689,-2.111918,-3.226287,-0.081637,-15.467652,1.362780,-0.000000,4.308758,3.599404,-2.355481,2.886978,-4.857864,-1.421196,2.130491,-1.463328,2.667708,-0.498647,0.271526,-0.945605,3.664769,-1.954931,-2.992666,1.576745,1.300383,0.391261,0.087681,-0.520901,-0.343399,-0.358641,-0.599643,-0.202227,0.212000,0.253167,0.205504,-0.035717,0.325718,-0.112965,0.311478,0.170278,0.259211,0.113051,0.373559
1.796902,-1.700160,0.996118,-0.047014,0.152475,0.858610,0.487165,4.877391,1.699285,0.920085,-0.440349,-0.293595,1.249067,-1.127014,0.597465,0.891878,-0.020277,-0.361324,-0.223744,0.051883,-0.046603,0.309775,0.732895,0.164436,1.149000,-0.627270,-0.177395,0.152032,1.511894,-1.548794,0.057317,0.223656,0.820044,0.082573,-0.848994,-0.394767,-0.743679,-0.072830,-0.092555,-0.731449,-0.592597,-0.220675,5.402169,3.193637,-0.071085,-1.006132,3.300359,-0.305505,-1.555833,1.268096,0.074425,-14.171561,3.096016,0.000000,5.620575,4.445081,2.080545,1.673734,-1.235518,-0.162370,-0.433685,-0.568002,2.623440,-3.057924,1.415039,0.196585,4.397411,-0.861373,-0.612457,3.071794,2.819288,0.428388,0.091457,-0.538572,-0.395334,-0.322300,-0.575628,-0.201148,0.216467,0.251764,0.201677,-0.038946,0.327717,-0.103963,0.302245,0.172437,0.271294,0.110356,0.354503
1.717792,-1.631442,0.997211,-0.038407,0.133650,0.868196,0.476338,4.944814,1.568990,0.735755,-1.410516,-1.530094,1.432534,-0.997625,0.658615,0.860421,-0.016603,-0.244822,-0.219637,0.034467,0.040968,0.309458,0.521834,0.271814,1.149000,-0.476344,-0.124113,0.138890,1.490664,-1.474635,0.058193,0.215398,0.811735,0.110928,-0.911690,-0.347637,-0.806298,0.033612,-0.081802,-0.748875,-0.599965,-0.105196,6.469465,3.057489,-1.572853,0.183677,5.825116,0.205371,-0.870791,4.378552,-0.015855,-10.553073,5.368896,-0.000000,7.546285,2.664073,-0.657094,-1.061485,3.707971,0.043808,-0.412903,-0.415406,1.417757,-3.134788,2.356520,-3.131001,5.322064,0.537681,-0.871327,-0.368430,5.773951,0.429983,0.099777,-0.566252,-0.452365,-0.269287,-0.538871,-0.194681,0.220144,0.252698,0.200217,-0.051150,0.318489,-0.093082,0.295260,0.177158,0.292601,0.091469,0.322998
1.637889,-1.562353,0.993790,-0.027506,0.110886,0.885448,0.450478,5.127758,1.214676,0.392829,-1.827536,-1.726911,3.121226,-0.880938,0.705305,0.788910,-0.027725,-0.095746,-0.226798,0.039558,0.099701,0.313441,0.403037,0.420730,1.149000,-0.292906,-0.106569,0.117838,1.435484,-1.332380,0.072464,0.227941,0.816828,0.090756,-0.958166,-0.272806,-0.752426,0.079835,-0.099911,-0.717747,-0.576348,-0.009790,5.834350,2.334548,-3.575541,-0.556100,7.453808,-0.358057,0.254531,2.936677,0.199172,-5.939826,7.445797,-0.000000,9.171898,0.877192,-1.052632,-2.759037,7.112722,0.713511,0.627174,0.254645,-1.008633,-2.323806,3.741541,2.693643,2.311160,-0.905470,1.556389,1.180838,4.770256,0.406971,0.092859,-0.597648,-0.501729,-0.197887,-0.489943,-0.181731,0.230436,0.249736,0.190791,-0.071478,0.304565,-0.075407,0.295688,0.179579,0.316136,0.052171,0.283955
1.557416,-1.494779,0.987770,-0.018102,0.089110,0.904750,0.416124,5.192906,0.843753,0.133058,-1.831699,-1.475916,3.951291,-0.784604,0.695524,0.697044,-0.046513,0.031143,-0.245196,0.057507,0.067931,0.305990,0.371380,0.629150,1.149000,-0.112689,-0.106909,0.124064,1.394436,-1.125174,0.098212,0.220858,0.828159,0.089103,-0.995440,-0.194651,-0.692452,0.111871,-0.107424,-0.694754,-0.569956,0.068383,4.816693,-0.489065,-4.593333,-0.939380,6.344450,-0.919916,0.897464,-1.588500,-0.372543,-1.582834,10.421022,-0.000000,9.010840,-0.016993,0.311300,-2.052371,10.360312,1.287436,-0.354193,0.566521,-0.082622,-1.863670,3.907754,2.998675,1.601794,-0.375645,1.149674,0.319593,3.908684,0.366221,0.077955,-0.629992,-0.523577,-0.123228,-0.437168,-0.166152,0.244439,0.244092,0.167191,-0.094744,0.288913,-0.053616,0.298012,0.180375,0.319218,-0.004473,0.236733
1.475958,-1.430993,0.979453,-0.014187,0.070625,0.920561,0.383899,5.152026,0.619949,-0.076527,-1.687955,-0.898746,3.550377,-0.705963,0.622568,0.592948,-0.065416,0.044976,-0.257947,0.057301,-0.085464,0.285972,0.396700,0.906587,1.018121,0.003002,-0.115321,0.111428,1.352230,-0.907517,0.104232,0.164313,0.720913,0.144746,-0.993530,-0.082263,-0.634883,0.188982,-0.093603,-0.660967,-0.576317,0.083164,3.932039,-3.647784,-5.204807,-0.945188,0.691615,-0.637510,-0.010303,-7.669783,-1.000893,1.265959,13.871858,-6.543964,5.784557,-0.420587,-0.631788,-2.110322,10.882852,0.301004,-2.827248,-5.362298,2.782127,0.095505,5.619395,2.878456,3.855574,0.691028,1.689368,-0.318050,0.739023,0.315545,0.067078,-0.659117,-0.511766,-0.067665,-0.386331,-0.146895,0.257213,0.232957,0.136189,-0.113839,0.273526,-0.026141,0.301471,0.176849,0.302041,-0.062291,0.186326
1.394974,-1.370308,0.967681,-0.010066,0.057138,0.931682,0.358613,5.066087,0.418011,-0.329676,-1.137659,-0.784202,2.714438,-0.631628,0.535384,0.476613,-0.088331,-0.073048,-0.257948,0.031383,-0.274061,0.262589,0.414984,1.231808,0.727178,0.083568,0.020940,0.023287,1.268094,-0.732312,0.116153,0.020592,0.457198,0.222138,-0.937309,0.044599,-0.533097,0.226751,-0.134645,-0.657884,-0.544857,0.097115,3.716768,-4.359247,-5.816724,-1.145712,-5.901178,-0.000049,-1.295889,-9.429842,-1.169181,0.914222,16.261026,-14.547161,4.028316,6.813072,-4.407043,-4.206793,8.760244,0.596025,-7.186038,-13.185763,3.869606,2.811033,6.343123,5.089320,1.888433,-2.052106,0.154131,1.573008,0.697560,0.264719,0.060665,-0.682644,-0.472291,-0.038471,-0.341009,-0.119067,0.266820,0.214053,0.104196,-0.128253,0.261131,0.012610,0.301611,0.168211,0.265786,-0.111967,0.138179
1.314047,-1.312540,0.953973,0.000435,0.062925,0.943487,0.325382,4.990663,0.148701,-0.506850,0.867724,-0.631997,3.527449,-0.595152,0.442091,0.338351,-0.159906,-0.210629,-0.264988,0.030270,-0.365141,0.261607,0.564434,1.553302,0.347500,0.187944,-0.085116,-0.103432,1.129221,-0.646945,0.154326,-0.046759,0.165945,0.240994,-0.872443,0.143563,-0.370698,0.154626,-0.178013,-0.622294,-0.481115,0.131756,1.823797,-4.664651,-6.913113,-3.578772,-6.879078,-0.352038,-0.055627,-4.554010,-0.049095,7.472487,16.074711,-18.983852,5.218803,-5.302808,-6.335963,-6.943640,4.268357,1.908650,-3.367521,-14.562610,0.942814,3.243308,4.948193,8.119938,-3.606259,-2.168357,1.779491,3.187094,1.732049,0.194481,0.024265,-0.692992,-0.415957,-0.034406,-0.306878,-0.069454,0.277028,0.184628,0.071191,-0.138087,0.259137,0.075137,0.289857,0.158131,0.215837,-0.165120,0.107118
1.241425,-1.255684,0.942413,0.017118,0.084298,0.951198,0.296349,4.612145,-0.365023,-0.442042,2.565996,-0.722985,3.022975,-0.554002,0.271690,0.223100,-0.239303,-0.273486,-0.283083,0.045173,-0.314759,0.288630,0.746903,1.843226,-0.078367,0.312122,-0.251479,-0.163989,0.941834,-0.595393,0.129199,-0.024752,-0.062885,0.206413,-0.782930,0.223076,-0.301247,0.039824,-0.192712,-0.595587,-0.505623,0.202700,2.057519,-8.520001,-5.762564,-3.969830,-3.142810,-0.904754,0.745111,2.519100,1.351146,9.123458,14.496201,-21.293360,6.208894,-8.318170,-3.027824,-9.369358,2.577577,-1.256330,1.100332,-11.441531,-1.729057,4.475665,3.975648,3.472527,-5.740085,-0.734954,1.335361,-1.225353,3.547228,0.109334,-0.013645,-0.687951,-0.348378,-0.054393,-0.290538,-0.003586,0.277127,0.151917,0.044048,-0.137746,0.263407,0.150236,0.266244,0.157367,0.156651,-0.209087,0.091508
1.172853,-1.197204,0.938243,0.026189,0.100732,0.957795,0.267949,4.448617,-0.746203,-0.037930,1.898864,-0.134079,2.901635,-0.406881,0.001335,0.104059,-0.320343,-0.184581,-0.307625,-0.023207,-0.197221,0.300062,0.705687,2.063072,-0.414043,0.425081,-0.348817,-0.176517,0.787321,-0.524722,0.131912,0.072712,-0.154415,0.146931,-0.721785,0.313529,-0.184828,-0.101110,-0.209009,-0.582557,-0.486467,0.365233,7.356027,-13.517789,-5.952041,-4.052021,4.445243,-1.227105,-3.418970,5.876903,0.571630,-2.060805,10.992321,-16.783829,5.647969,-4.866901,-0.626398,-7.725671,3.533583,0.135619,4.873181,-4.576467,-2.974075,3.057221,4.522619,5.820958,-7.046691,-0.814870,0.651488,0.957775,8.126650,0.033321,-0.034426,-0.696906,-0.273771,-0.074716,-0.300146,0.063012,0.265891,0.134333,0.015888,-0.129441,0.268281,0.211577,0.234080,0.180196,0.087049,-0.237294,0.085880
1.101645,-1.133997,0.937374,0.036338,0.073380,0.964271,0.251945,4.650004,-1.021058,-0.034619,-2.341357,-1.499107,1.942495,-0.203132,-0.240593,-0.039394,-0.270706,-0.018355,-0.247316,-0.124845,-0.139057,0.314434,0.671458,2.174441,-0.650996,0.526309,-0.453796,-0.184694,0.695407,-0.513957,0.078966,0.127769,-0.189241,0.097162,-0.679102,0.362047,-0.107936,-0.120038,-0.255337,-0.617342,-0.392909,0.425971,10.187441,-12.096375,-7.172617,2.481852,8.311284,3.015455,-5.081912,2.908232,0.718586,-1.711426,5.568411,-11.847633,5.061369,-5.248960,-0.408859,-4.595655,0.538235,-2.647296,2.752857,-1.741336,-2.488491,2.134141,2.425926,3.844585,-0.946394,-2.316417,-1.739234,4.677880,3.036880,-0.068234,0.017452,-0.709262,-0.214793,-0.077508,-0.319532,0.125945,0.235996,0.149146,-0.009205,-0.139870,0.266488,0.257997,0.179289,0.221245,0.017134,-0.257646,0.076375
1.026677,-1.072536,0.940324,0.038205,0.041983,0.970476,0.234424,4.741600,-1.016301,-0.009817,-2.923355,-0.838157,2.032214,-0.013904,-0.463523,-0.209226,-0.177616,0.031007,-0.178473,-0.205724,-0.111351,0.320163,0.610614,2.216141,-0.866109,0.610315,-0.514960,-0.221752,0.665740,-0.550933,-0.006106,0.140306,-0.291561,0.046285,-0.648040,0.369965,-0.043775,-0.032636,-0.296236,-0.611814,-0.293138,0.545971,9.461432,-11.146508,-8.491639,4.654517,2.468081,3.442150,-4.043948,1.385264,0.286422,-3.042198,2.085036,-10.755645,4.200318,-3.058203,-1.852905,-1.483393,-1.848814,-4.253583,0.626849,-5.115992,-2.543852,1.553121,0.395905,3.208066,4.370107,-2.044924,0.276388,4.988564,6.000011,-0.158315,0.084042,-0.706295,-0.161416,-0.083224,-0.348471,0.182367,0.193247,0.173036,-0.039721,-0.150997,0.265263,0.282773,0.099920,0.259448,-0.050329,-0.271154,0.074400
0.947094,-1.011019,0.948120,0.024737,0.020637,0.976020,0.215282,4.916530,-1.100124,0.252622,-2.312970,0.863070,2.080072,0.159369,-0.689414,-0.404982,-0.078988,-0.036541,-0.120428,-0.270145,-0.087755,0.297264,0.464912,2.188429,-1.029181,0.676083,-0.492366,-0.249918,0.727759,-0.629729,-0.059623,0.091224,-0.424656,-0.008910,-0.645509,0.351767,0.046147,-0.011696,-0.340975,-0.643416,-0.175554,0.615318,8.663623,-11.294554,-9.787774,4.931387,-3.377402,2.902260,-3.221056,1.179838,-1.144910,-7.285099,-1.385634,-8.153605,3.288378,1.129723,-1.408283,3.100976,-3.939785,-2.675881,-2.454108,-6.654743,-2.759743,0.126542,-0.909884,4.496099,1.046961,-2.236977,-1.580096,5.879184,3.467334,-0.221052,0.143441,-0.699589,-0.100507,-0.094755,-0.389290,0.222279,0.145913,0.202595,-0.080205,-0.154224,0.265629,0.275968,0.021074,0.288588,-0.115206,-0.274139,0.080141
0.863707,-0.946281,0.962944,0.003125,0.004007,0.979561,0.201083,5.110695,-1.325900,0.730261,-2.059894,1.752538,1.521144,0.302774,-0.883515,-0.585232,0.030051,-0.142286,-0.052001,-0.294135,-0.091047,0.263195,0.292018,2.096545,-1.116886,0.733739,-0.371320,-0.293543,0.833543,-0.704546,-0.113719,0.013985,-0.543228,-0.073671,-0.653378,0.355558,0.090835,0.021722,-0.372174,-0.643515,-0.124946,0.696070,7.170231,-9.705065,-9.012508,5.451966,-5.287230,3.421340,-1.199500,-0.164606,-1.703487,-8.644737,-4.594152,-4.385227,2.882817,6.052294,-2.181252,5.289196,-3.740870,-2.704754,-3.861929,-5.928607,-3.238037,-0.393440,0.189527,2.234430,1.670902,-1.559930,-0.004942,2.530399,4.037589,-0.262333,0.198351,-0.688668,-0.031739,-0.103676,-0.432351,0.239062,0.101413,0.234565,-0.123122,-0.150153,0.261652,0.252540,-0.040542,0.305285,-0.180117,-0.267594,0.079798
0.780432,-0.879206,0.982728,-0.026421,-0.017955,0.981610,0.188206,5.060714,-1.624204,1.146422,-2.764383,2.412055,1.361336,0.392479,-1.016806,-0.752400,0.145832,-0.234924,0.044173,-0.330537,-0.158248,0.245132,0.146141,1.943955,-1.149391,0.803578,-0.153986,-0.347735,0.963664,-0.791162,-0.152231,-0.049966,-0.651434,-0.140557,-0.662162,0.325436,0.100744,0.061813,-0.393803,-0.689763,-0.133115,0.704091,4.485277,-6.664545,-8.358418,5.789017,-4.631904,4.808711,-1.820121,-3.360088,-0.903128,-7.293842,-7.629521,-1.625279,3.491924,10.866694,-2.709625,6.506045,-4.330791,-1.925604,-3.197547,-5.410295,-3.344306,-0.439230,-1.506088,0.495445,2.004581,-1.081452,-2.312387,-0.408412,0.401070,-0.276042,0.262536,-0.675081,0.046088,-0.097518,-0.473891,0.238650,0.056242,0.267684,-0.166729,-0.144781,0.251750,0.223518,-0.094857,0.310337,-0.236154,-0.252311,0.072273
0.696045,-0.811268,1.003839,-0.056322,-0.037887,0.980763,0.183022,5.041925,-1.763008,1.388044,-2.554339,2.525449,0.533122,0.445868,-1.083132,-0.890685,0.236996,-0.281019,0.151447,-0.359384,-0.254561,0.250256,0.044105,1.724877,-1.153473,0.884377,0.073480,-0.334041,1.103311,-0.874241,-0.122145,-0.118351,-0.747358,-0.226434,-0.680486,0.284153,0.049930,0.138765,-0.417259,-0.689776,-0.180038,0.724542,2.669445,-3.316312,-6.914226,4.558214,-2.304717,5.363718,-1.442337,-4.815605,0.256218,-5.101803,-10.953883,-0.204106,4.039968,11.373317,0.684728,6.982374,-4.153944,1.504263,-3.419246,-4.796198,-4.293849,-0.916170,-2.064147,-2.540723,3.847571,-1.172798,-0.000665,-2.346168,1.022544,-0.277905,0.312574,-0.659968,0.133134,-0.083233,-0.511845,0.225199,0.015648,0.297889,-0.205287,-0.139584,0.237171,0.194156,-0.136270,0.308315,-0.283827,-0.237163,0.058690
0.610351,-0.742734,1.022495,-0.076184,-0.052459,0.977691,0.188585,5.100696,-1.740852,1.386889,-1.774306,1.719265,-0.603240,0.507113,-1.092932,-0.988312,0.292324,-0.242107,0.244645,-0.319725,-0.314896,0.291400,-0.021034,1.458319,-1.172776,0.997526,0.190955,-0.295529,1.246030,-0.954694,-0.032088,-0.088651,-0.839042,-0.343319,-0.699844,0.205959,0.024994,0.187895,-0.403476,-0.691239,-0.197196,0.705268,3.062237,-0.489991,-4.881380,2.766401,1.945592,4.659877,1.982942,-3.016788,2.057179,-3.256913,-13.327940,-0.965125,5.657460,5.873742,1.925564,7.135926,-4.022657,4.502847,1.485000,-4.584209,-5.844262,-0.967932,-3.909722,-1.246793,2.456524,0.689150,-0.073160,-0.857877,-0.963708,-0.295247,0.334573,-0.641922,0.215617,-0.068403,-0.543407,0.209294,-0.018289,0.320564,-0.231833,-0.141115,0.225615,0.176360,-0.167690,0.300558,-0.314546,-0.230673,0.050722
0.525784,-0.675048,1.034872,-0.084040,-0.053482,0.977296,0.186999,5.051012,-1.704887,1.138314,-0.248970,0.757613,0.171303,0.583135,-1.071363,-1.062527,0.317523,-0.181283,0.305968,-0.216205,-0.308117,0.329425,-0.016210,1.175517,-1.201251,1.087210,0.118867,-0.219993,1.351227,-0.968455,-0.013005,0.020821,-0.940932,-0.461453,-0.713109,0.161894,0.021928,0.257958,-0.420913,-0.689276,-0.202206,0.701676,3.801119,1.078475,-3.710751,1.259934,3.041200,3.066164,5.176003,0.338947,1.901238,0.241156,-14.140066,-1.423780,4.484205,-3.604412,3.776833,5.259838,-0.688035,0.954148,5.473612,-5.094511,-5.906656,-0.663207,-2.203227,-0.153287,3.503122,-0.871872,0.098130,-0.250530,-0.179576,-0.338475,0.336835,-0.614920,0.285829,-0.070488,-0.567729,0.195004,-0.043509,0.334507,-0.248721,-0.136809,0.216720,0.164058,-0.186439,0.290881,-0.340028,-0.220157,0.046229
0.443835,-0.608220,1.040341,-0.086585,-0.047930,0.976989,0.188940,4.963505,-1.643352,0.831918,0.511521,0.362807,-0.137265,0.648644,-1.030413,-1.104842,0.312987,-0.126303,0.340453,-0.089469,-0.276872,0.346272,0.005506,0.899216,-1.229785,1.148996,0.125725,-0.141188,1.419723,-0.967540,-0.034806,0.107608,-1.026965,-0.512140,-0.696693,0.112812,0.000006,0.310157,-0.426864,-0.688917,-0.233179,0.669275,3.275465,2.047477,-2.115705,-0.226803,2.748999,1.724245,6.336801,1.562266,0.842345,1.085824,-13.815079,-1.426687,3.089292,0.342914,3.940224,3.424816,0.045728,-1.090024,4.339309,-4.301608,-2.534362,0.820795,-2.454118,-1.096139,2.609978,-0.297519,0.017991,-1.548624,-1.620075,-0.381982,0.318928,-0.591389,0.345088,-0.079137,-0.581067,0.183971,-0.056207,0.343452,-0.258595,-0.132044,0.212222,0.160695,-0.196990,0.286205,-0.350403,-0.209524,0.042999
0.363104,-0.540017,1.041767,-0.086916,-0.034309,0.977170,0.190808,4.962445,-1.679763,0.693031,1.340470,0.286549,-0.060453,0.685320,-0.978367,-1.118294,0.279878,-0.092587,0.350322,-0.029899,-0.239872,0.326472,0.076650,0.657096,-1.232929,1.149000,0.135007,-0.117370,1.445087,-0.970352,-0.093112,0.147201,-1.075154,-0.508632,-0.663496,0.072891,-0.063380,0.323494,-0.425591,-0.687498,-0.287272,0.604690,1.833790,2.602288,-0.672609,-1.655451,1.685805,0.493464,2.978505,1.850020,-0.989971,3.557201,-12.106011,-0.157178,0.000198,0.464102,1.190893,1.268191,-0.140562,-2.915303,1.979685,-2.409489,0.175376,1.659836,-1.996074,-3.169273,0.666821,0.063619,0.070950,-2.704673,-3.229242,-0.421272,0.291043,-0.569071,0.388910,-0.092510,-0.585300,0.176849,-0.054811,0.349257,-0.264132,-0.125238,0.209415,0.161354,-0.198288,0.288586,-0.347970,-0.205292,0.040441
0.282305,-0.472224,1.040723,-0.078142,-0.014902,0.975101,0.207004,5.028333,-1.472965,0.600181,2.198318,-0.398692,-1.487977,0.714992,-0.906506,-1.068280,0.188455,-0.072306,0.332919,-0.029805,-0.211161,0.279334,0.188551,0.460862,-1.146111,1.133023,0.126970,-0.101840,1.416572,-0.970017,-0.101998,0.166237,-1.074830,-0.471026,-0.611492,0.019412,-0.056611,0.213215,-0.385416,-0.715386,-0.303652,0.613497,1.483608,3.593054,2.500706,-4.571119,1.014021,-0.870165,0.004720,1.435544,-2.356899,5.595067,-9.811663,4.340901,-0.798872,-0.401863,0.776493,-1.425736,0.016750,-0.444290,0.951762,0.016232,1.880320,2.600182,-2.673918,0.338465,-5.513945,2.008765,-1.394399,-0.818982,0.440333,-0.465083,0.236035,-0.541298,0.408174,-0.103294,-0.592227,0.178744,-0.033131,0.347637,-0.260130,-0.126758,0.212860,0.179300,-0.182094,0.283537,-0.325001,-0.214501,0.045612
0.202973,-0.403247,1.036667,-0.064551,0.004333,0.969238,0.237470,5.097645,-1.227021,0.421769,2.388620,-0.788054,-2.980180,0.727721,-0.828402,-0.978114,0.067555,-0.062890,0.310293,-0.042823,-0.218246,0.228895,0.340085,0.335353,-0.978697,1.050075,0.113406,-0.072302,1.355790,-0.956059,-0.109349,0.160059,-1.012226,-0.393538,-0.585559,0.002719,-0.057642,0.166324,-0.380619,-0.712730,-0.327731,0.615860,0.636444,3.905219,4.508286,-6.045022,0.470810,-1.131289,-0.650887,-0.354261,-2.521971,7.576658,-6.275446,8.370656,-4.147380,-0.678199,1.476939,-3.039110,0.697865,-0.367539,-0.308902,3.130173,3.874386,1.296656,-0.834644,-0.051585,-2.344523,0.239846,0.132772,-1.203965,0.118187,-0.501608,0.167528,-0.503661,0.403740,-0.104668,-0.606107,0.180966,-0.000426,0.339649,-0.249240,-0.137022,0.211159,0.197084,-0.149709,0.272560,-0.291306,-0.235680,0.044158
0.126537,-0.333164,1.028063,-0.050187,0.017518,0.958796,0.279078,5.121960,-0.906611,0.118574,1.887391,-0.970518,-4.215077,0.699503,-0.758424,-0.864205,-0.049346,-0.038818,0.285282,-0.017234,-0.234163,0.207611,0.553423,0.301244,-0.766809,0.931580,0.093023,-0.083472,1.303151,-0.919192,-0.117871,0.116672,-0.846797,-0.314791,-0.581881,-0.019738,-0.001680,0.074939,-0.390343,-0.742761,-0.252750,0.501950,-1.410918,3.498886,5.695444,-5.845014,1.203588,-1.250554,1.279441,-0.795862,-1.064208,10.666920,-1.705468,10.594430,-5.924757,-1.019118,-0.558534,-2.631951,1.843349,-0.426112,-2.169347,8.271459,3.937382,0.183905,-1.122847,2.798120,-4.569236,-0.486195,-1.501515,3.749044,-5.695533,-0.518590,0.097006,-0.457705,0.377493,-0.089537,-0.627684,0.180869,0.036541,0.326947,-0.228424,-0.156809,0.206725,0.216426,-0.110958,0.263627,-0.240088,-0.262189,0.042483
0.051735,-0.263558,1.015725,-0.034590,0.025296,0.947153,0.317908,5.115320,-0.529463,-0.186403,1.355590,-1.269949,-4.001437,0.622334,-0.692590,-0.762282,-0.116459,-0.008645,0.267291,0.065967,-0.218335,0.201687,0.842403,0.334936,-0.493175,0.773467,0.043012,-0.083848,1.218353,-0.894111,-0.099652,0.089253,-0.649555,-0.205975,-0.583948,-0.068223,0.060066,0.011319,-0.387518,-0.744335,-0.283841,0.387571,-3.858459,3.291703,5.096148,-3.355695,1.508653,-0.899546,4.160037,0.791393,-0.296164,14.449026,1.684613,13.681718,-7.905648,-2.500588,-0.018804,-4.239887,1.254077,0.910928,-1.370933,9.862089,5.440783,-0.103355,-2.424245,3.087302,-3.181030,0.141270,-0.078709,-1.554559,-5.718925,-0.509076,0.041301,-0.404274,0.331030,-0.073228,-0.655039,0.172065,0.071620,0.310294,-0.204256,-0.178458,0.197857,0.229486,-0.068577,0.246623,-0.175787,-0.283491,0.039903
-0.022507,-0.195543,1.000069,-0.022561,0.028464,0.938304,0.343898,5.069077,-0.220086,-0.461823,0.741704,-1.091255,-2.694835,0.514259,-0.611428,-0.684399,-0.093172,0.033409,0.262434,0.174771,-0.149656,0.210352,1.173305,0.358103,-0.206858,0.581119,-0.035986,-0.067827,1.083572,-0.858870,-0.068068,0.127946,-0.461688,-0.099594,-0.579797,-0.143628,0.086000,-0.030707,-0.332632,-0.725950,-0.284150,0.262849,-5.403734,4.058116,3.894174,1.164394,2.102715,-0.242842,5.440184,3.433988,0.433204,16.545080,1.158344,14.315840,-9.617414,-3.949899,0.801082,-6.739077,1.762046,1.579200,1.934673,9.393353,5.319036,0.207584,-3.770247,1.296707,-2.101305,2.744292,0.919224,-0.015418,-6.236099,-0.473240,0.016691,-0.353976,0.274596,-0.063704,-0.682722,0.153385,0.098372,0.293014,-0.178189,-0.198036,0.183727,0.235366,-0.028803,0.223556,-0.106283,-0.295860,0.041652
-0.096021,-0.126503,0.980536,-0.013067,0.029871,0.929700,0.366872,5.082235,-0.051205,-0.741010,0.483083,-0.913672,-2.405670,0.393538,-0.526551,-0.605930,-0.036944,0.063103,0.250063,0.246363,-0.108865,0.213831,1.499616,0.383805,0.026792,0.352664,-0.128752,0.019671,0.982778,-0.795281,-0.030797,0.145988,-0.300624,0.020121,-0.580664,-0.234860,0.058632,-0.038681,-0.300360,-0.697967,-0.351960,0.176646,-6.036043,4.243855,3.923429,2.811383,1.484684,-0.618579,3.579635,2.039551,0.173976,16.315565,1.285073,11.682488,-11.422706,-4.638311,4.374876,-5.039671,3.179462,1.863586,0.902093,8.053206,5.985770,-0.043352,-4.561607,-1.368423,-0.398695,1.613582,1.399152,-3.390506,-4.310151,-0.418934,0.012363,-0.314041,0.213196,-0.055738,-0.705227,0.128970,0.122173,0.283182,-0.144892,-0.213913,0.169967,0.235429,0.015908,0.209651,-0.029350,-0.296666,0.057931
-0.164415,-0.060096,0.959398,-0.013158,0.026378,0.916290,0.399430,4.803236,0.209338,-0.849269,-0.362952,-0.216918,-3.500689,0.209890,-0.517517,-0.473895,-0.033238,0.139341,0.252228,0.266956,-0.094384,0.217161,1.805210,0.557611,0.225585,0.092137,-0.201431,-0.091665,0.913923,-0.690902,-0.025947,-0.095279,-0.121183,0.097475,-0.600637,-0.311073,-0.028433,-0.003385,-0.215796,-0.658094,-0.430130,0.139531,-9.182421,0.451698,6.601759,0.185314,3.811918,0.108251,1.029656,0.724043,0.166486,15.279691,8.690334,9.939635,-13.026381,-3.633942,-5.566768,-3.442750,5.218909,0.242477,-12.063343,8.972034,3.867703,-0.998652,-3.810688,-4.353259,1.764829,4.228193,1.993673,-3.908492,-1.855770,-0.345362,0.014773,-0.295893,0.150672,-0.016663,-0.705110,0.093284,0.142096,0.282602,-0.091226,-0.232302,0.153092,0.227998,0.072379,0.209589,0.061599,-0.289946,0.086096
-0.227098,0.000310,0.944658,-0.026474,0.031375,0.902685,0.428339,4.365368,0.497785,-0.429402,-0.150607,1.375266,-3.192701,-0.077877,-0.524219,-0.336206,-0.046707,0.165142,0.259203,0.253357,-0.074144,0.196426,2.088617,0.743481,0.439856,-0.207348,-0.264071,-0.271264,0.851396,-0.616663,-0.051269,-0.084112,0.092873,0.136775,-0.636759,-0.357564,-0.133447,-0.098953,-0.152813,-0.643024,-0.490165,0.028914,-14.388314,-0.335093,6.884435,-0.673443,1.290030,0.348772,-0.679967,1.011985,-1.036725,14.170341,9.293472,10.713578,-14.974242,-3.131981,-8.979986,-3.126369,3.711959,-1.266116,0.558322,10.702806,1.965000,-1.806127,-2.324516,-5.250658,-4.778400,3.149161,0.753488,-3.001771,-5.530840,-0.253951,0.032250,-0.301264,0.098001,-0.012759,-0.696004,0.047759,0.153104,0.287919,-0.029833,-0.244616,0.144400,0.200426,0.131460,0.223297,0.141356,-0.271354,0.136159
-0.294214,0.064743,0.940598,-0.018105,0.034865,0.884111,0.465622,4.559952,0.941132,0.049069,0.712626,-0.696062,-4.145549,-0.338950,-0.369430,-0.177310,-0.098606,0.191460,0.224871,0.239581,0.006814,0.223030,2.249447,0.729603,0.655734,-0.492535,-0.326473,-0.385083,0.781097,-0.553540,-0.081917,-0.120194,0.316490,0.123924,-0.696359,-0.374451,-0.239921,-0.148342,-0.079446,-0.592276,-0.554413,-0.024237,-13.053663,7.739423,7.944815,-2.594993,1.315925,-1.716609,-0.688809,4.047921,1.330175,8.041514,-0.693899,10.793890,-14.259345,-3.120098,-5.690954,-3.514928,3.156153,-1.532385,-1.804094,11.180871,-0.642578,-2.980000,-0.844354,-5.323731,-2.469454,3.668360,2.537401,-3.212376,-2.657556,-0.185102,0.043254,-0.310084,0.011927,-0.025077,-0.707733,0.009209,0.159828,0.290312,0.045752,-0.240272,0.152636,0.158093,0.192394,0.229102,0.215626,-0.236004,0.190655
-0.364515,0.135103,0.944024,0.004609,0.050783,0.864528,0.499991,4.793116,1.312105,0.256564,2.536025,-1.390767,-3.875154,-0.550219,-0.159316,0.003779,-0.125851,0.143141,0.144113,0.230197,0.142619,0.253881,2.306191,0.657758,0.836322,-0.704972,-0.412958,-0.475649,0.732490,-0.483954,-0.058061,-0.061600,0.460550,0.077816,-0.749644,-0.398089,-0.358875,-0.199355,-0.024757,-0.564855,-0.582805,-0.123829,-10.563438,10.505698,9.054455,-1.362239,-2.415954,-4.037913,-0.469192,6.790223,1.542580,2.837212,-3.592252,9.029373,-10.621847,-4.324244,-4.528286,-2.430363,3.479293,1.192793,2.929688,7.202978,-2.305409,-2.664263,-1.181902,-5.947678,-2.550673,2.734431,1.371040,-1.419608,-4.979589,-0.136262,0.048510,-0.327699,-0.086823,-0.087411,-0.716098,-0.026322,0.170044,0.288511,0.115263,-0.208164,0.173001,0.099987,0.243164,0.220133,0.269228,-0.171278,0.243620
-0.432491,0.208872,0.953641,0.021834,0.071580,0.849559,0.522158,4.808063,1.434908,0.459807,2.696496,-0.615574,-2.618295,-0.747407,0.020309,0.203223,-0.090292,0.056703,0.061099,0.207532,0.254421,0.286948,2.288843,0.562746,0.953590,-0.831939,-0.471293,-0.504778,0.750659,-0.473268,0.017288,0.029474,0.542019,-0.016326,-0.796174,-0.452830,-0.460141,-0.291740,0.005314,-0.539544,-0.529067,-0.284318,-9.859428,8.981277,9.972187,1.777951,-4.321909,-4.150697,-1.133246,5.590086,1.653346,-0.867398,-4.750603,5.863416,-6.348346,-2.916776,-1.456441,0.908464,0.534324,3.767449,4.553725,4.073441,-4.707077,-2.326470,-2.737038,-5.063330,-4.619256,1.503559,1.265540,2.686871,-8.024451,-0.087318,0.055033,-0.359112,-0.163335,-0.159189,-0.708943,-0.060128,0.180203,0.285666,0.168218,-0.162202,0.191836,0.040887,0.273600,0.207973,0.297894,-0.100567,0.283077
-0.502312,0.288445,0.969947,0.025491,0.096365,0.841927,0.530305,5.046905,1.587538,0.830456,2.329922,0.890679,-1.141227,-0.924889,0.192763,0.384786,-0.031383,-0.062662,-0.014794,0.193002,0.278069,0.283577,2.189548,0.383222,1.063252,-0.875169,-0.460797,-0.434791,0.809355,-0.499909,0.105727,0.131996,0.623635,-0.095441,-0.843865,-0.517997,-0.558584,-0.366951,0.017343,-0.533373,-0.480409,-0.402307,-8.874112,8.622685,9.078155,2.945450,-5.968263,-3.794638,-0.726497,1.182426,-0.168563,-4.964755,-8.976194,5.483102,-2.161509,0.524803,3.499370,2.934811,-1.332036,4.421944,5.126067,4.080845,-3.955757,-2.384537,-3.258387,-4.922125,-3.760556,0.601438,0.308553,2.432926,-5.899477,-0.029139,0.057380,-0.402384,-0.220508,-0.219892,-0.696862,-0.099771,0.185246,0.283060,0.193717,-0.117591,0.210290,-0.016642,0.286872,0.201954,0.295917,-0.038655,0.313505
-0.574082,0.370455,0.991709,0.021966,0.126303,0.832952,0.538290,5.097167,1.859343,1.198882,2.392190,1.780101,-1.281549,-1.054562,0.308028,0.562864,0.056832,-0.184461,-0.092009,0.222804,0.242165,0.271445,2.035297,0.218319,1.149000,-0.858435,-0.452271,-0.241786,0.898149,-0.595174,0.211450,0.174773,0.715044,-0.137033,-0.884629,-0.568984,-0.664038,-0.392655,0.002107,-0.562679,-0.461662,-0.478845,-6.483611,5.763260,8.903897,4.410779,-6.089951,-3.860752,1.490091,-1.795192,-0.606624,-7.712545,-8.245134,4.287401,0.836695,0.426331,9.650225,4.439667,-4.763262,5.286187,2.138867,4.570447,-2.079576,-2.038231,-2.549356,-5.272707,-1.285173,-0.761794,-1.465297,0.937331,-3.826871,0.040916,0.051038,-0.444846,-0.249012,-0.273891,-0.681609,-0.142572,0.185540,0.276290,0.204546,-0.078886,0.230282,-0.069790,0.290660,0.196446,0.278561,0.018002,0.334209
-0.643717,0.452938,1.011923,0.015542,0.154110,0.823387,0.545932,4.987950,1.917222,1.263906,2.067687,1.917757,-1.307111,-1.141799,0.364972,0.728807,0.100306,-0.275370,-0.149445,0.248792,0.192748,0.282660,1.842520,0.137514,1.149000,-0.835448,-0.467047,-0.005067,0.981048,-0.759463,0.261756,0.185614,0.759357,-0.153889,-0.866506,-0.573297,-0.697434,-0.440543,-0.020718,-0.564473,-0.475731,-0.519366,-4.361881,2.847198,8.297154,2.173693,-4.545438,-2.871820,1.299384,-2.470848,0.560768,-9.638885,-4.040244,0.000000,1.149341,-0.738803,11.835951,4.144934,-8.214479,2.515263,0.542050,2.215628,-0.842806,0.906142,-0.215635,-1.669798,-2.394430,-1.141220,-0.089687,-0.703419,-2.026052,0.119013,0.045912,-0.480688,-0.263291,-0.314941,-0.664305,-0.177580,0.179724,0.264246,0.213074,-0.046868,0.249448,-0.114442,0.292227,0.184222,0.266285,0.068713,0.346508
-0.712773,0.532250,1.029065,0.007837,0.178235,0.820431,0.543199,4.805493,1.952422,1.215539,1.597161,2.003590,-0.081918,-1.207493,0.407121,0.843195,0.048298,-0.323738,-0.194990,0.246816,0.161203,0.301860,1.603747,0.150287,1.149000,-0.817880,-0.459243,0.069508,1.031085,-0.936115,0.261800,0.211823,0.768453,-0.120869,-0.836062,-0.555393,-0.721393,-0.411214,-0.059676,-0.638602,-0.512127,-0.471375,-3.284669,2.107449,5.719373,-2.600419,-2.418413,-2.277207,-0.098775,-1.577239,0.959985,-11.938662,0.638656,-0.000000,0.878434,0.390175,3.728776,2.501869,-8.832584,0.002215,1.310436,0.454824,1.650994,1.522216,0.895193,-1.197955,1.466451,-1.947921,-3.706431,-1.819825,2.399538,0.206180,0.035330,-0.506309,-0.290212,-0.337387,-0.641169,-0.201272,0.173702,0.253360,0.215714,-0.024460,0.269055,-0.147256,0.290208,0.169085,0.251372,0.106281,0.351497
-0.786152,0.606829,1.040693,0.007660,0.195279,0.825409,0.529630,4.768759,2.036489,0.903524,1.295522,1.183998,1.381393,-1.223269,0.463906,0.899910,-0.070269,-0.333940,-0.214644,0.230621,0.156560,0.337313,1.312735,0.228791,1.149000,-0.818595,-0.386509,0.034498,1.052460,-1.119754,0.239428,0.257142,0.764686,-0.052922,-0.817924,-0.532971,-0.739510,-0.350469,-0.086110,-0.694106,-0.491187,-0.436898,-0.788844,2.839252,2.835770,-5.928326,-0.510099,-0.982726,-0.809758,-0.232172,1.772657,-14.550570,3.925190,-0.000000,-0.035753,3.636725,-1.750525,1.068745,-9.181962,-1.118613,2.265985,-0.188366,3.397364,0.906884,1.121118,-0.905844,3.037279,-1.321681,-2.775224,1.047006,1.723851,0.289627,0.005385,-0.521952,-0.338685,-0.342806,-0.606481,-0.208620,0.173678,0.248172,0.219591,-0.013234,0.284941,-0.160585,0.289737,0.158021,0.247843,0.128267,0.349304
-0.855509,0.684682,1.045552,0.004509,0.180590,0.836067,0.518033,4.941049,1.523256,0.709418,-1.573651,-0.309885,1.465396,-1.171625,0.538475,0.928272,-0.160940,-0.233453,-0.176955,0.117725,0.185297,0.344097,1.019858,0.308387,1.149000,-0.801762,-0.280711,0.037183,1.050925,-1.273184,0.183531,0.261800,0.741799,0.022848,-0.827522,-0.484791,-0.786145,-0.276964,-0.078947,-0.729542,-0.512055,-0.381614,2.582232,3.728461,1.418116,-4.533594,5.024373,1.884453,-5.644810,1.436826,0.339192,-14.643844,3.979786,-0.000000,0.841614,5.289885,0.134245,-0.076757,-7.671494,-2.794835,0.232884,-1.144361,3.788483,-0.479884,2.409001,-2.331733,3.675241,0.358125,-1.771804,-1.043417,2.764199,0.351552,0.007747,-0.541060,-0.397773,-0.293717,-0.578796,-0.205862,0.163940,0.258152,0.227520,-0.018962,0.291194,-0.163025,0.280064,0.166487,0.262120,0.128632,0.342925
-0.924916,0.764473,1.045456,-0.000213,0.146559,0.848162,0.509060,5.117296,1.245327,0.471540,-3.290815,-1.249519,1.276467,-1.067504,0.623587,0.935225,-0.187611,-0.099646,-0.116704,-0.005409,0.191648,0.320050,0.761904,0.384653,1.149000,-0.739447,-0.191148,0.019899,1.018290,-1.341170,0.140911,0.261800,0.706169,0.092483,-0.843272,-0.410573,-0.791869,-0.164412,-0.071072,-0.760264,-0.554731,-0.269605,5.206034,4.255586,0.347639,-1.333520,6.690331,3.012528,-6.156700,0.317598,-1.202333,-12.897738,3.813293,0.000000,3.115763,4.478147,-0.864196,-1.631711,-3.399285,-2.130986,0.000000,-1.781489,3.481754,-0.787521,3.710887,-0.286242,5.627601,0.393775,-1.536113,-2.133759,5.600444,0.385998,0.028456,-0.564023,-0.457594,-0.222044,-0.540204,-0.199278,0.146156,0.273214,0.234799,-0.035998,0.286997,-0.161908,0.264445,0.183850,0.286353,0.114547,0.329033
-0.995959,0.844303,1.041570,-0.003219,0.111981,0.859260,0.499122,5.225839,1.110010,0.214072,-3.243542,-1.391166,1.322148,-0.945455,0.694677,0.921408,-0.168356,-0.005768,-0.069211,-0.072091,0.142190,0.288119,0.532826,0.470152,1.149000,-0.643107,-0.138597,0.017580,0.968796,-1.332196,0.121621,0.261800,0.673072,0.127835,-0.852085,-0.323325,-0.781344,-0.067187,-0.088187,-0.776807,-0.562720,-0.190217,6.102449,3.554517,-0.690876,0.962723,4.693935,2.374675,-3.334093,-2.472903,-1.596548,-11.453876,4.274973,-0.000000,4.816989,2.627575,-0.115959,-2.474735,0.448725,-0.964514,-0.000000,-1.654861,1.767590,-0.440627,4.362396,0.526284,4.861223,-0.855783,-0.827149,-0.399488,3.969433,0.399243,0.047363,-0.587015,-0.504613,-0.159871,-0.487703,-0.192528,0.130646,0.283486,0.237227,-0.055980,0.277380,-0.158603,0.251608,0.198175,0.311739,0.094411,0.308909
-1.070339,0.923360,1.034188,-0.007703,0.079114,0.870212,0.486224,5.333708,1.069305,-0.026813,-3.181969,-1.126899,1.559147,-0.833294,0.738965,0.888406,-0.131921,0.060665,-0.035936,-0.084747,0.082199,0.243087,0.355880,0.576308,1.149000,-0.533022,-0.103758,0.024593,0.898130,-1.274453,0.113692,0.261800,0.641574,0.122311,-0.861712,-0.229724,-0.742068,-0.066125,-0.112803,-0.767135,-0.574421,-0.154551,5.608082,2.214403,-1.650089,1.821772,3.321610,1.663761,-0.632780,-2.999558,-2.251593,-8.847321,5.307800,-0.000000,5.504287,1.741950,0.350639,-3.533310,2.887117,-0.396454,-0.000000,-1.574881,-0.276212,-0.481329,4.680048,1.963792,0.053108,-1.230785,0.483598,-0.585011,1.783255,0.395395,0.062613,-0.608198,-0.533410,-0.110369,-0.432487,-0.187962,0.116088,0.288372,0.232217,-0.079611,0.266530,-0.154727,0.239734,0.209157,0.333224,0.066204,0.287184
-1.151200,0.998703,1.023061,-0.004253,0.055540,0.882564,0.466881,5.416083,1.179836,-0.347932,-2.023836,-1.311548,2.256414,-0.730083,0.757685,0.825051,-0.116136,0.075630,-0.012037,-0.013709,0.013355,0.201529,0.257392,0.725053,1.149000,-0.403442,-0.073532,0.024186,0.818036,-1.164316,0.114909,0.261800,0.624938,0.106286,-0.874208,-0.145802,-0.667534,-0.089428,-0.138779,-0.746242,-0.544934,-0.169098,5.160544,0.935971,-3.167763,0.789230,0.748258,1.194941,3.551876,-3.442205,-2.077881,-4.924393,7.437262,-0.000000,6.478989,1.511264,-0.020337,-4.004652,5.506835,0.060847,-0.000000,-0.831791,-0.801224,-0.624810,4.196092,3.726717,-1.165109,-1.298822,1.044683,1.474322,-0.727327,0.367547,0.052951,-0.633481,-0.547130,-0.085190,-0.373963,-0.181744,0.108447,0.289583,0.218865,-0.107284,0.251658,-0.144954,0.233609,0.217833,0.347424,0.027032,0.253597
-1.231123,1.072115,1.007861,-0.000794,0.034356,0.895912,0.442899,5.365389,0.903432,-0.645590,-1.819424,-1.179005,2.718910,-0.646918,0.738706,0.729234,-0.112696,0.060990,0.011463,0.049276,-0.080788,0.169331,0.258360,0.924014,1.132166,-0.291283,-0.078268,-0.000388,0.719097,-1.028537,0.115902,0.228659,0.599166,0.093388,-0.874806,-0.062524,-0.558617,-0.152389,-0.168563,-0.714345,-0.491714,-0.181436,4.158212,-0.948939,-4.790804,0.172016,-0.732008,1.175020,3.149241,-4.707139,-1.609911,0.048390,9.948023,-0.841684,5.607917,-0.236789,-1.228688,-4.946996,6.788954,0.049650,-1.657056,-1.288605,-0.644909,-0.029902,4.163936,5.445811,-3.148099,-1.489162,1.594856,2.660992,-0.616903,0.321116,0.041823,-0.661313,-0.540689,-0.062233,-0.320858,-0.171177,0.106929,0.287635,0.197445,-0.136678,0.234320,-0.128162,0.232499,0.222283,0.351461,-0.021636,0.211864
-1.305795,1.145912,0.991719,-0.001847,0.017891,0.906397,0.422044,5.241143,0.458843,-0.725044,-1.569970,-0.565995,2.313412,-0.571151,0.674039,0.617241,-0.103139,0.010217,0.028957,0.064377,-0.180667,0.149108,0.295834,1.175235,1.004111,-0.225103,-0.082132,-0.049636,0.619620,-0.852625,0.103571,0.153027,0.493126,0.111287,-0.801530,0.043187,-0.470889,-0.098776,-0.184052,-0.690309,-0.506731,-0.116714,3.788395,-3.233348,-5.599692,0.477844,-2.538650,0.874683,0.755073,-4.993977,-1.011140,1.873707,12.561046,-6.402768,3.309034,-0.193208,-2.462408,-4.973834,8.795592,-0.616553,-3.781571,-5.302001,0.894942,3.663807,5.285535,4.386431,2.680677,-0.774478,1.201784,-0.750851,3.236105,0.266942,0.044111,-0.687608,-0.510080,-0.044972,-0.281451,-0.156589,0.115534,0.273392,0.169951,-0.157770,0.215872,-0.101439,0.242237,0.206992,0.342164,-0.064688,0.165956
-1.377630,1.218709,0.974981,-0.003666,0.011304,0.912024,0.409966,5.119216,0.256022,-0.759919,-0.699568,-0.085040,1.318401,-0.500726,0.562537,0.533086,-0.067398,-0.076666,0.039494,0.139007,-0.234554,0.141457,0.318642,1.459436,0.805443,-0.146668,0.050161,-0.115182,0.572789,-0.628663,0.141752,0.046240,0.357141,0.076149,-0.717617,0.125697,-0.343694,-0.104758,-0.237101,-0.717509,-0.409654,-0.240187,3.521205,-5.575096,-4.207749,1.787041,-4.344128,0.526826,3.731480,-2.694327,-0.382592,1.140395,14.210051,-9.933410,3.921719,6.614674,-3.277303,-2.341531,11.198132,1.909064,-5.339393,-6.799265,-1.756872,4.195613,4.125480,6.359741,-0.299124,-2.652416,-1.359979,4.853878,-6.173634,0.217648,0.047649,-0.706631,-0.458796,-0.048563,-0.260337,-0.139206,0.131321,0.254641,0.140508,-0.163890,0.197660,-0.059774,0.251691,0.188910,0.316896,-0.088556,0.120689
-1.446423,1.289550,0.958793,-0.000436,0.025845,0.921586,0.387313,4.953087,-0.057321,-0.704513,1.473273,0.333699,2.432546,-0.494287,0.409819,0.411792,-0.133688,-0.158455,0.007103,0.168606,-0.244444,0.155183,0.511692,1.731403,0.578388,-0.040268,-0.136359,-0.178156,0.571430,-0.463311,0.239438,0.002823,0.237484,-0.000838,-0.686706,0.185690,-0.226981,-0.223554,-0.255708,-0.680697,-0.233833,-0.557702,0.321988,-7.635900,-6.064702,-3.314491,-4.089478,-1.619555,1.479943,-0.494499,0.686333,9.652502,13.598343,-11.352747,5.320012,-9.325990,-3.148677,-0.067951,8.267590,4.884296,-2.170829,-5.982848,-3.849386,1.545568,2.999689,5.835651,-5.939797,-0.930378,1.840567,8.791018,-15.875772,0.152639,-0.000818,-0.705682,-0.395091,-0.059418,-0.256544,-0.109150,0.165422,0.230988,0.102132,-0.166407,0.195080,0.007237,0.260054,0.174507,0.280338,-0.127283,0.086625
-1.509712,1.355164,0.946632,0.005807,0.044808,0.932002,0.359625,4.559636,-0.352613,-0.481518,2.018456,0.230490,2.925053,-0.461358,0.204363,0.278796,-0.205919,-0.190975,-0.048483,0.163042,-0.186265,0.176243,0.665820,1.966212,0.255635,0.144928,-0.293127,-0.218444,0.564647,-0.421412,0.257927,0.054439,0.088736,-0.022067,-0.655660,0.214509,-0.059127,-0.145142,-0.291175,-0.672741,-0.372629,-0.206310,1.646448,-10.272786,-6.649764,-3.611517,-1.626000,-2.779259,-0.278183,2.908947,1.052994,7.706409,11.740465,-16.137663,9.259811,-7.838445,-2.014440,-0.339164,2.094934,0.924448,2.580808,-7.437405,-1.061421,1.552308,1.440937,8.392672,3.920639,-1.773358,0.397809,-6.939779,17.569592,0.081157,-0.036586,-0.696358,-0.326908,-0.080618,-0.265973,-0.057917,0.200127,0.200527,0.058102,-0.170587,0.207412,0.092695,0.249666,0.169363,0.218452,-0.183633,0.065905
-1.568346,1.426392,0.943121,0.016140,0.049729,0.942483,0.330141,4.513530,-0.966084,-0.064121,0.851865,-0.645948,3.159672,-0.278122,-0.036432,0.149897,-0.254233,-0.147861,-0.085249,0.077765,-0.117054,0.222067,0.579063,2.115138,-0.092528,0.302579,-0.355579,-0.219645,0.638632,-0.385776,0.261800,0.088169,-0.032056,-0.030746,-0.666201,0.265100,0.057649,-0.171849,-0.266120,-0.598905,-0.342682,-0.023142,9.161798,-12.039797,-6.444969,-2.415740,2.155724,-1.838326,-4.263856,3.460540,2.291215,-4.337839,7.446297,-17.408131,7.882535,-3.122561,-0.060051,3.699227,1.781809,0.193650,1.686507,-6.039614,-0.433952,-0.527079,2.529547,5.838846,-1.335383,1.252776,3.691786,1.497351,9.158420,-0.004718,-0.038297,-0.709966,-0.263940,-0.095631,-0.291824,0.010655,0.224656,0.185121,0.023780,-0.167001,0.218906,0.171985,0.221852,0.191219,0.144705,-0.223964,0.044018
-1.637598,1.494969,0.940506,0.035125,0.024520,0.953949,0.296895,4.784914,-0.873712,-0.323833,-1.719670,-2.434503,3.665366,-0.054984,-0.211275,-0.020671,-0.248129,-0.074066,-0.030895,-0.049536,-0.061350,0.294347,0.541319,2.155377,-0.331356,0.446587,-0.445188,-0.238043,0.710743,-0.403966,0.230553,0.114085,-0.018063,-0.062519,-0.695864,0.283092,0.017212,-0.145226,-0.298870,-0.603608,-0.269892,0.106261,11.156878,-8.742102,-8.528418,0.305217,3.689746,2.717693,-6.365033,2.785186,3.613979,-1.887204,2.011956,-11.941405,7.200392,-4.480453,-0.919874,3.605560,-0.909487,-1.562358,1.295797,0.699686,-1.588666,-1.483146,0.899624,-2.021865,1.331147,-1.637529,-0.235138,3.639504,6.470131,-0.124925,-0.001889,-0.709016,-0.225350,-0.105852,-0.320807,0.085216,0.214386,0.195500,-0.007059,-0.178017,0.219718,0.233853,0.172909,0.229538,0.058779,-0.258990,0.024888
-1.702955,1.565217,0.945332,0.034214,-0.005353,0.963024,0.267182,4.616468,-1.325932,-0.065722,-2.753250,-0.719028,3.249864,0.106847,-0.425146,-0.206264,-0.152795,-0.069715,0.031177,-0.157571,-0.041653,0.330965,0.513957,2.138888,-0.513603,0.566821,-0.501549,-0.272521,0.768067,-0.469562,0.114059,0.102740,-0.088139,-0.068618,-0.697023,0.279480,0.004533,-0.089243,-0.296073,-0.611068,-0.148783,0.185235,8.091585,-10.693585,-9.279650,4.766677,0.217573,3.103640,-5.401751,0.984840,1.830893,-1.368099,-0.824470,-9.112336,6.011708,-2.818065,-1.723910,2.866203,-3.279797,-5.824677,-0.567239,-3.503816,-0.304958,-0.057919,-0.180607,-0.633942,2.799185,0.139880,-0.373003,6.055444,3.948721,-0.208786,0.076922,-0.698988,-0.175067,-0.111727,-0.369210,0.145268,0.181828,0.211060,-0.044741,-0.188633,0.220704,0.271790,0.097637,0.254347,-0.023873,-0.274114,0.018536
-1.774979,1.637627,0.955688,0.016643,-0.023283,0.969411,0.243770,4.902131,-1.500622,0.248827,-2.097161,1.191542,2.540945,0.257670,-0.641906,-0.388332,-0.044245,-0.142993,0.089314,-0.207744,-0.027662,0.312096,0.385326,2.051950,-0.621859,0.682605,-0.473108,-0.287585,0.871474,-0.554855,0.049437,0.074009,-0.184295,-0.095877,-0.709634,0.271661,0.120032,-0.059522,-0.315376,-0.638916,-0.065878,0.278326,7.541130,-10.837968,-9.103366,5.427543,-3.663922,2.906826,-2.508668,0.699551,-0.943429,-6.431552,-4.346885,-5.412831,5.789230,1.422074,-0.753202,5.170384,-4.264654,-3.231092,-1.436598,-4.807787,-1.362923,-0.630545,-0.390971,5.774913,1.486014,-0.965141,-1.392405,4.145257,4.654552,-0.263223,0.142404,-0.687752,-0.110483,-0.125365,-0.427792,0.179535,0.144251,0.235757,-0.092349,-0.190100,0.222409,0.271612,0.024545,0.276466,-0.101731,-0.275622,0.021013
-1.849820,1.712548,0.968456,-0.008255,-0.041500,0.972421,0.229360,5.023294,-1.726344,0.479262,-2.341740,1.923983,1.594232,0.381627,-0.819721,-0.561785,0.085216,-0.225471,0.149486,-0.192761,-0.063112,0.292819,0.233217,1.899314,-0.656918,0.759033,-0.349565,-0.309633,1.012392,-0.663153,-0.010281,0.011627,-0.260317,-0.108393,-0.727258,0.278596,0.219187,-0.022664,-0.337814,-0.669099,-0.070360,0.389775,6.197825,-8.890790,-8.672657,6.473043,-4.123876,3.008624,0.749173,-1.772478,-0.963888,-7.605461,-7.631777,-1.752918,3.821358,6.177117,-1.102387,7.045857,-5.414874,-2.985902,-3.119085,-3.801137,-0.625829,-0.881196,0.346757,4.957783,1.842905,-1.121926,-1.509122,-0.224096,5.572420,-0.297896,0.206912,-0.672482,-0.029811,-0.130708,-0.486418,0.195803,0.106680,0.263375,-0.137570,-0.186340,0.219662,0.255969,-0.033268,0.288390,-0.167478,-0.267360,0.019143
-1.924100,1.789369,0.983453,-0.038640,-0.060894,0.973749,0.215896,4.953028,-2.011815,0.727772,-2.590779,2.439883,1.475124,0.462177,-0.938286,-0.718632,0.212201,-0.272713,0.224070,-0.183979,-0.144527,0.279682,0.107454,1.682808,-0.652355,0.829645,-0.157071,-0.302871,1.135814,-0.749581,-0.067967,-0.045847,-0.315404,-0.138979,-0.718434,0.299692,0.236794,0.025799,-0.354323,-0.685770,-0.095154,0.484513,4.027506,-5.928223,-7.842335,6.349255,-2.362121,3.729152,0.439080,-4.070744,-0.656845,-6.288122,-10.825324,0.228132,3.530605,9.624692,0.338103,6.171099,-4.321420,-2.884339,-2.873693,-2.754325,-1.529268,0.441168,1.054782,0.880316,2.423183,-0.825443,-0.833564,-1.239723,4.736908,-0.310146,0.275610,-0.654067,0.067985,-0.123612,-0.537661,0.196308,0.067653,0.290494,-0.179982,-0.176751,0.210612,0.236010,-0.081681,0.295304,-0.227612,-0.248503,0.009240
-2.000355,1.865031,0.998400,-0.063310,-0.073201,0.974835,0.200823,4.920686,-2.105582,0.872320,-1.772778,2.043979,1.597376,0.518059,-0.983764,-0.871939,0.309017,-0.289134,0.289673,-0.161130,-0.214379,0.276933,0.031175,1.408970,-0.642081,0.899518,-0.005169,-0.265543,1.277897,-0.865377,-0.080225,-0.041202,-0.344894,-0.216222,-0.702553,0.301277,0.153206,0.069607,-0.343508,-0.704014,-0.078252,0.553101,2.794111,-2.273887,-7.665389,4.840779,-0.821036,3.280168,1.142474,-3.492589,-0.137455,-3.813955,-13.691882,0.513711,3.493679,7.595114,1.866398,7.104170,-5.789785,-0.612895,0.232256,-1.474488,-3.862188,0.794056,0.079282,-4.179392,2.190357,0.540747,-0.912203,0.845106,3.429403,-0.318013,0.326486,-0.632299,0.167105,-0.123864,-0.576234,0.188834,0.030544,0.315936,-0.218746,-0.163062,0.202629,0.215275,-0.122927,0.304871,-0.281451,-0.235039,0.006120
-2.079248,1.938401,1.008528,-0.072932,-0.069103,0.978715,0.178949,4.912264,-2.138232,0.756448,0.104999,0.850927,2.295263,0.575596,-0.972954,-1.005478,0.359335,-0.292356,0.314700,-0.143149,-0.218027,0.274725,0.032513,1.109022,-0.627636,0.991293,-0.019409,-0.205692,1.401946,-0.943032,-0.101173,0.045481,-0.401350,-0.336345,-0.717474,0.300815,0.203555,0.117276,-0.405622,-0.748406,-0.095370,0.647384,2.876851,0.540499,-6.676950,2.515916,-0.161114,1.251362,0.899019,-0.182432,-0.110356,0.066887,-14.997437,0.722244,4.588750,-0.712009,2.992522,6.202469,-3.882752,-1.047409,4.334132,-2.822825,-6.006135,-0.746019,-0.023115,2.517449,2.383451,-3.105698,-2.219608,-0.855901,4.714177,-0.344415,0.352810,-0.603286,0.248152,-0.153098,-0.601731,0.181820,0.005071,0.332161,-0.246565,-0.139594,0.205294,0.192348,-0.144860,0.303907,-0.330928,-0.215123,0.020379
-2.157865,2.009273,1.014368,-0.066831,-0.057092,0.983905,0.155580,4.784120,-2.214402,0.549823,1.135522,-0.586044,2.429240,0.646984,-0.908103,-1.114925,0.381319,-0.290875,0.314621,-0.124067,-0.164670,0.282428,0.071787,0.793806,-0.658608,1.083792,-0.059651,-0.145047,1.515920,-0.995031,-0.090261,0.177806,-0.449644,-0.490723,-0.720261,0.310064,0.173993,0.081872,-0.407873,-0.776286,-0.082224,0.663455,3.569397,3.242539,-5.472349,1.099196,0.074051,-0.003977,0.954109,2.667862,0.385115,1.963689,-15.760774,-1.548578,4.624939,-2.012068,3.032295,5.698704,-2.599991,0.545622,6.616251,-2.414670,-7.718920,-0.139352,0.462444,-1.478068,-1.770159,-0.112538,-1.393969,0.657293,0.803523,-0.386408,0.362999,-0.565576,0.301662,-0.203857,-0.618736,0.178818,-0.015234,0.342752,-0.262603,-0.116808,0.214136,0.179336,-0.163684,0.307488,-0.372735,-0.194827,0.045152
-2.229096,2.089613,1.010220,-0.064966,-0.050207,0.985663,0.147400,4.593662,-2.786025,-0.016398,0.658402,-0.135370,0.866908,0.705009,-0.863588,-1.168062,0.400169,-0.253119,0.316103,-0.101695,-0.123070,0.279006,0.130668,0.525488,-0.684009,1.148996,-0.065320,-0.071478,1.584275,-0.993348,-0.083202,0.231236,-0.496295,-0.593162,-0.718115,0.297283,0.063383,0.119376,-0.427664,-0.770637,-0.101887,0.662072,2.901261,2.225733,-2.656830,0.942507,1.887801,0.074134,1.118616,2.080005,-0.171089,2.944075,-13.415902,-1.270067,3.260201,-0.283492,3.678431,3.417742,0.084171,0.352960,2.671490,-2.332551,-5.121918,0.107296,-0.639050,-5.530507,1.875180,-0.989566,0.282434,-0.983148,-0.069143,-0.423930,0.370029,-0.525626,0.355394,-0.221408,-0.614230,0.174273,-0.023548,0.349873,-0.269669,-0.101045,0.219276,0.171061,-0.170679,0.311934,-0.394359,-0.179106,0.061440
-2.301265,2.168260,1.003472,-0.051975,-0.039220,0.985880,0.154279,4.659951,-2.618582,-0.162106,1.324292,-1.077626,-0.673507,0.769252,-0.807775,-1.153151,0.368752,-0.215002,0.283539,-0.088599,-0.062694,0.268003,0.240749,0.342100,-0.731204,1.149000,-0.095413,-0.077144,1.591494,-0.958927,-0.067943,0.236172,-0.543537,-0.617519,-0.715360,0.256198,-0.000130,0.142599,-0.434196,-0.764454,-0.147471,0.654641,3.212152,2.790638,0.745540,-1.570879,1.905828,-1.628209,0.654789,3.018775,-0.550126,5.504020,-9.169418,-2.359748,0.000197,-1.504643,-0.283281,0.360923,1.721044,0.762939,0.246830,-2.362098,-1.217874,0.137739,-2.054228,-3.175677,1.161138,-0.326602,0.309135,-2.279191,-0.371568,-0.474910,0.348875,-0.476317,0.378403,-0.227477,-0.612257,0.182462,-0.015913,0.346962,-0.262428,-0.096728,0.228074,0.179088,-0.163915,0.312618,-0.388206,-0.181653,0.077913
-2.371473,2.244939,0.994931,-0.034422,-0.030073,0.982880,0.178485,4.655839,-2.327840,-0.329563,1.317809,-1.442882,-2.467168,0.799446,-0.753735,-1.071854,0.300969,-0.190604,0.243645,-0.080531,-0.074487,0.230444,0.427768,0.271667,-0.763404,1.149000,-0.099029,-0.087940,1.537492,-0.910820,-0.078705,0.202568,-0.563062,-0.631312,-0.695017,0.215396,-0.055708,0.132137,-0.447727,-0.787570,-0.169445,0.647569,1.509689,2.702042,4.064858,-3.389140,1.219930,-1.994712,0.403399,-0.589650,-1.877994,9.350982,-3.521640,-1.610022,-0.000000,-0.180784,-0.539819,-2.700092,2.405334,-0.538076,-1.680193,-0.976294,-0.689622,1.017143,-2.040098,-2.778887,-0.523111,-0.676542,-1.155816,-1.098676,-0.353573,-0.520103,0.305331,-0.420480,0.372751,-0.214317,-0.623568,0.191404,0.009425,0.339223,-0.249537,-0.101100,0.237622,0.194668,-0.141951,0.315934,-0.368417,-0.200243,0.095759
-2.440579,2.322658,0.985215,-0.021755,-0.020239,0.976791,0.212123,4.771335,-2.080546,-0.426220,1.321409,-0.915967,-3.421184,0.784368,-0.709720,-0.921760,0.219501,-0.178891,0.236724,-0.057718,-0.154890,0.185582,0.656655,0.278498,-0.717527,1.149000,-0.080983,-0.078963,1.376401,-0.807064,-0.104371,0.182079,-0.608781,-0.641772,-0.660086,0.159769,-0.086526,0.126113,-0.442753,-0.762117,-0.126703,0.569147,-0.753893,2.200749,7.504707,-4.073414,0.585624,-0.346054,1.140663,-4.020125,-2.243069,11.444363,0.341567,2.293882,-0.000000,0.902318,0.448870,-8.054528,5.187808,-1.283304,-1.024444,-2.285947,-0.523006,1.746539,-2.781362,-1.540876,-0.301196,0.248697,1.272682,2.137076,-3.921108,-0.542308,0.248464,-0.370076,0.351799,-0.190181,-0.641726,0.187831,0.043407,0.326164,-0.234250,-0.117335,0.236214,0.208593,-0.109461,0.301343,-0.336423,-0.229634,0.095046
-2.507525,2.399284,0.971482,-0.012569,-0.014114,0.967812,0.250964,4.798885,-1.699231,-0.661506,0.862364,-0.639311,-3.998254,0.742715,-0.671308,-0.766090,0.146871,-0.138603,0.221880,-0.011412,-0.183635,0.133870,0.912513,0.338163,-0.570140,1.148874,-0.108902,-0.091064,1.192832,-0.734399,-0.116259,0.175606,-0.606781,-0.582287,-0.622587,0.049755,-0.008359,0.119408,-0.439406,-0.746798,-0.169195,0.518391,-2.082675,1.920559,7.783478,-3.631482,2.014390,-0.742165,2.315305,-1.437244,-2.585627,12.792887,2.983216,7.369350,-0.006311,-1.395983,-0.605059,-9.178463,3.633267,-0.594439,-0.323672,0.100009,2.974258,1.874983,-5.500692,3.908312,-0.335224,0.167360,0.765949,-2.124592,-2.537781,-0.541000,0.188488,-0.320952,0.317075,-0.156339,-0.663154,0.173302,0.083528,0.306333,-0.218122,-0.133971,0.235987,0.216276,-0.066818,0.275442,-0.284911,-0.255752,0.091567
-2.577790,2.475361,0.951779,-0.001435,-0.005255,0.960620,0.277812,5.001113,-1.330639,-1.000542,1.090182,-0.795079,-2.807756,0.671908,-0.644973,-0.661868,0.114110,-0.101376,0.196878,0.043901,-0.123475,0.097905,1.175839,0.406727,-0.387477,1.023782,-0.170042,0.084782,1.142500,-0.689015,-0.102852,0.150045,-0.446639,-0.500517,-0.624188,0.009314,-0.092313,0.084455,-0.389032,-0.707002,-0.230703,0.438863,-3.540314,1.316779,5.211116,-1.638031,1.861366,-1.250117,2.765641,3.007976,-1.798254,13.166308,3.428219,9.133132,-6.254586,-3.056978,8.792276,-2.516583,2.269182,0.670393,-1.278068,8.007089,4.088496,-0.080055,-2.022076,-4.197680,-1.747634,2.518702,1.989809,-3.075422,-3.976421,-0.514965,0.144147,-0.281722,0.277023,-0.144639,-0.679376,0.153972,0.118709,0.294881,-0.201961,-0.145715,0.226576,0.225981,-0.023959,0.275031,-0.232123,-0.277251,0.080315
-2.641375,2.551288,0.931366,0.014250,0.002300,0.955602,0.294308,4.736435,-1.363624,-1.126237,1.099333,-1.286872,-1.760288,0.571485,-0.649944,-0.578007,0.109505,-0.081187,0.147679,0.074077,-0.090363,0.101297,1.445448,0.538670,-0.176723,0.814148,-0.219441,0.271375,1.090839,-0.636130,-0.086903,0.009030,-0.253866,-0.389113,-0.661874,-0.015617,-0.184769,-0.002694,-0.297471,-0.650530,-0.294258,0.330126,-5.021148,-0.248556,4.193058,-0.230292,1.009465,-2.459953,1.508789,1.655606,0.169629,13.480433,6.597177,10.537699,-10.481711,-2.469932,9.329651,-2.583096,2.644269,0.797441,-7.050721,9.638650,5.570207,-1.884334,-1.246531,-4.622799,-4.357489,4.578043,2.823604,-3.177729,-5.436833,-0.469433,0.121060,-0.253915,0.235008,-0.136103,-0.685550,0.138100,0.150077,0.277464,-0.173655,-0.157582,0.217521,0.236437,0.023249,0.264528,-0.160460,-0.294379,0.073155
